plate,state,license_type,summons_number,issue_date,violation_time,violation,fine_amount,penalty_amount,interest_amount,reduction_amount,payment_amount,amount_due,precinct,county,issuing_agency,violation_status,judgment_entry_date
JSE5279,NY,PAS,4939191485,2025-03-06,11:40A,PHTO SCHOOL ZN SPEED VIOLATION,50.0,0.0,0.0,0.0,50.0,0.0,000,Queens,DEPARTMENT OF TRANSPORTATION,UNKNOWN,
KHB9090,NY,PAS,2022307010,2025-04-15,09:28A,NO PARKING-STREET CLEANING,65.0,0.0,0.0,0.0,65.0,0.0,007,Manhattan,DEPARTMENT OF SANITATION,UNKNOWN,
GST7523,NY,PAS,2022633088,2025-04-15,11:17A,NO PARKING-STREET CLEANING,65.0,0.0,0.0,0.0,65.0,0.0,006,Manhattan,DEPARTMENT OF SANITATION,UNKNOWN,
KHS2784,NY,PAS,4939191497,2025-03-06,11:40A,PHTO SCHOOL ZN SPEED VIOLATION,50.0,0.0,0.0,0.0,50.0,0.0,000,Brooklyn,DEPARTMENT OF TRANSPORTATION,UNKNOWN,
KGM2860,NY,PAS,4939191503,2025-03-06,11:40A,PHTO SCHOOL ZN SPEED VIOLATION,50.0,0.0,0.0,0.0,50.0,0.0,000,Queens,DEPARTMENT OF TRANSPORTATION,UNKNOWN,
Y38ULT,NJ,PAS,4939191709,2025-03-06,11:43A,PHTO SCHOOL ZN SPEED VIOLATION,50.0,0.0,0.0,0.0,50.0,0.0,000,Queens,DEPARTMENT OF TRANSPORTATION,UNKNOWN,
KEF2249,NY,PAS,2022725931,2025-04-11,01:11A,NO PARKING-STREET CLEANING,65.0,0.0,0.0,0.0,65.0,0.0,090,Brooklyn,DEPARTMENT OF SANITATION,UNKNOWN,
46913MN,NY,COM,8858175591,2021-02-16,11:23A,FIRE HYDRANT,115.0,10.0,0.0,0.0,125.0,0.0,079,Brooklyn,TRAFFIC,HEARING HELD-GUILTY,
FAC6334,NY,PAS,8858177060,2021-02-25,11:24A,NO PARKING-STREET CLEANING,65.0,10.0,0.0,0.0,75.0,0.0,079,Brooklyn,TRAFFIC,HEARING HELD-GUILTY,
AU5921,NY,PAS,5701170755,2024-11-12,02:01P,NO STANDING-OFF-STREET LOT,50.0,0.0,0.0,0.0,50.0,0.0,000,UNKNOWN,TRANSIT AUTHORITY,UNKNOWN,
KHL5173,NY,PAS,5701170718,2024-11-12,01:58P,NO STANDING-OFF-STREET LOT,150.0,0.0,0.0,0.0,150.0,0.0,000,UNKNOWN,TRANSIT AUTHORITY,HEARING HELD-GUILTY,
LAL6213,NY,PAS,1490121572,2024-02-06,04:55P,DOUBLE PARKING,115.0,0.0,0.0,55.09999999999991,0.0,0.0,067,Brooklyn,POLICE DEPARTMENT,HEARING HELD-NOT GUILTY,
FEH5629,NY,PAS,1498523043,2025-03-31,08:20P,DOUBLE PARKING,115.0,10.0,0.0,0.0,125.0,0.0,067,Brooklyn,POLICE DEPARTMENT,UNKNOWN,
U59SNP,NJ,PAS,1494950030,2023-12-22,UNKNOWN,UNKNOWN,59.94399185336049,4.760692464358452,1.0263034623217924,1.8407230142566193,63.7833401221996,0.10692464358452139,,UNKNOWN,UNKNOWN,UNKNOWN,
L66NRW,NJ,PAS,1490121523,2023-07-30,UNKNOWN,UNKNOWN,59.94399185336049,4.760692464358452,1.0263034623217924,1.8407230142566193,63.7833401221996,0.10692464358452139,,UNKNOWN,UNKNOWN,UNKNOWN,
MGS2805,PA,PAS,2022726054,2025-04-15,01:19A,NO PARKING-STREET CLEANING,65.0,0.0,0.0,0.0,65.0,0.0,090,Brooklyn,DEPARTMENT OF SANITATION,UNKNOWN,
KZF8556,NY,PAS,2022737570,2025-04-15,11:07A,NO PARKING-STREET CLEANING,65.0,0.0,0.0,0.0,65.0,0.0,030,Manhattan,DEPARTMENT OF SANITATION,UNKNOWN,
10886MM,NY,COM,9049019316,2023-05-08,03:16P,NO STANDING-DAY/TIME LIMITS,115.0,0.0,0.0,0.0,115.0,0.0,088,Brooklyn,TRAFFIC,APPEAL AFFIRMED,
JH474,RI,PAS,4941169657,2025-03-22,11:12A,PHTO SCHOOL ZN SPEED VIOLATION,50.0,0.0,0.0,0.0,50.0,0.0,000,Bronx,DEPARTMENT OF TRANSPORTATION,UNKNOWN,
KNG1484,NY,PAS,4939191783,2025-03-06,11:43A,PHTO SCHOOL ZN SPEED VIOLATION,50.0,0.0,0.0,0.0,50.0,0.0,000,Bronx,DEPARTMENT OF TRANSPORTATION,UNKNOWN,
KZA8666,NY,PAS,4941169530,2025-03-22,11:07A,PHTO SCHOOL ZN SPEED VIOLATION,50.0,0.0,0.0,0.0,50.0,0.0,000,Queens,DEPARTMENT OF TRANSPORTATION,UNKNOWN,
LSP9266,NY,PAS,4937994876,2025-02-23,09:01A,PHTO SCHOOL ZN SPEED VIOLATION,50.0,25.0,0.0,0.0,75.0,0.0,000,Manhattan,DEPARTMENT OF TRANSPORTATION,UNKNOWN,
LSP9266,NY,PAS,4937995017,2025-02-23,09:06A,PHTO SCHOOL ZN SPEED VIOLATION,50.0,25.0,0.0,0.0,75.0,0.0,000,Manhattan,DEPARTMENT OF TRANSPORTATION,UNKNOWN,
KJH5392,NY,PAS,4937995042,2025-02-23,09:06A,PHTO SCHOOL ZN SPEED VIOLATION,50.0,25.0,0.0,0.0,75.0,0.0,000,Brooklyn,DEPARTMENT OF TRANSPORTATION,UNKNOWN,
APZ1536,NY,PAS,4939192258,2025-03-06,11:46A,PHTO SCHOOL ZN SPEED VIOLATION,50.0,0.0,0.0,0.0,50.0,0.0,000,Staten Island,DEPARTMENT OF TRANSPORTATION,UNKNOWN,
LVZ7463,NY,PAS,4965446434,2025-09-19,04:55P,PHTO SCHOOL ZN SPEED VIOLATION,50.0,25.0,0.0,0.0,75.0,0.0,000,Brooklyn,DEPARTMENT OF TRANSPORTATION,UNKNOWN,
GNL3543,NY,PAS,4049629252,2025-11-19,04:27P,BUS LANE VIOLATION,50.0,0.0,0.0,0.0,50.0,0.0,000,Brooklyn,DEPARTMENT OF TRANSPORTATION,UNKNOWN,
JCR3595,NY,PAS,4965837605,2025-09-23,03:08P,PHTO SCHOOL ZN SPEED VIOLATION,50.0,25.0,0.0,0.0,75.0,0.0,000,Queens,DEPARTMENT OF TRANSPORTATION,UNKNOWN,
KZF8987,NY,PAS,4965446513,2025-09-19,04:58P,PHTO SCHOOL ZN SPEED VIOLATION,50.0,0.0,0.0,0.0,50.0,0.0,000,Staten Island,DEPARTMENT OF TRANSPORTATION,UNKNOWN,
HDZ5257,NY,PAS,4049629264,2025-11-19,04:27P,BUS LANE VIOLATION,50.0,0.0,0.0,0.0,50.0,0.0,000,Bronx,DEPARTMENT OF TRANSPORTATION,UNKNOWN,
LBV1942,NY,PAS,4939770011,2025-03-11,09:21A,PHTO SCHOOL ZN SPEED VIOLATION,50.0,0.0,0.0,0.0,50.0,0.0,000,Bronx,DEPARTMENT OF TRANSPORTATION,UNKNOWN,
T65GGM,NJ,PAS,4939770138,2025-03-11,09:24A,PHTO SCHOOL ZN SPEED VIOLATION,50.0,0.0,0.0,0.0,50.0,0.0,000,Queens,DEPARTMENT OF TRANSPORTATION,UNKNOWN,
W77LPY,NJ,PAS,4939769951,2025-03-11,09:19A,PHTO SCHOOL ZN SPEED VIOLATION,50.0,0.0,0.0,0.0,50.0,0.0,000,Brooklyn,DEPARTMENT OF TRANSPORTATION,UNKNOWN,
HHB9168,NY,PAS,4939770084,2025-03-11,09:23A,PHTO SCHOOL ZN SPEED VIOLATION,50.0,0.0,0.0,0.0,50.0,0.0,000,Bronx,DEPARTMENT OF TRANSPORTATION,UNKNOWN,
CDE9101,NY,PAS,4939770060,2025-03-11,09:23A,PHTO SCHOOL ZN SPEED VIOLATION,50.0,0.0,0.0,0.0,50.0,0.0,000,Queens,DEPARTMENT OF TRANSPORTATION,UNKNOWN,
DYX9765,NY,PAS,5701170883,2024-11-12,02:14P,NO STANDING-OFF-STREET LOT,50.0,0.0,0.0,0.0,50.0,0.0,000,Staten Island,TRANSIT AUTHORITY,UNKNOWN,
ACY7962,NY,PAS,4939192234,2025-03-06,11:46A,PHTO SCHOOL ZN SPEED VIOLATION,50.0,0.0,0.0,0.0,50.0,0.0,000,Brooklyn,DEPARTMENT OF TRANSPORTATION,UNKNOWN,
KKR8137,NY,PAS,4939192090,2025-03-06,11:46A,PHTO SCHOOL ZN SPEED VIOLATION,50.0,0.0,0.0,0.0,50.0,0.0,000,Staten Island,DEPARTMENT OF TRANSPORTATION,UNKNOWN,
KSE7219,NY,PAS,4939192131,2025-03-06,11:46A,PHTO SCHOOL ZN SPEED VIOLATION,50.0,0.0,0.0,0.0,50.0,0.0,000,Staten Island,DEPARTMENT OF TRANSPORTATION,UNKNOWN,
LCE7372,NY,PAS,2022743568,2025-04-11,12:09P,NO PARKING-STREET CLEANING,65.0,0.0,0.0,0.0,65.0,0.0,025,Manhattan,DEPARTMENT OF SANITATION,UNKNOWN,
H32LFV,NJ,PAS,2022743866,2025-04-15,09:32A,NO PARKING-STREET CLEANING,65.0,0.0,0.0,0.0,65.0,0.0,033,Manhattan,DEPARTMENT OF SANITATION,UNKNOWN,
KST6208,NY,PAS,2023000737,2025-04-11,01:49A,NO PARKING-STREET CLEANING,65.0,0.0,0.0,0.0,65.0,0.0,108,Queens,DEPARTMENT OF SANITATION,UNKNOWN,
LJF2611,NY,PAS,5701170937,2024-11-12,02:15P,NO STANDING-OFF-STREET LOT,50.0,0.0,0.0,0.0,50.0,0.0,000,Brooklyn,TRANSIT AUTHORITY,UNKNOWN,
XJWA27,NJ,PAS,9196189113,2025-04-24,04:37P,PLTFRM LFTS LWRD POS COMM VEH,45.0,0.0,0.0,0.0,45.0,0.0,024,Manhattan,TRAFFIC,UNKNOWN,
LDK4239,NY,PAS,9196189575,2025-04-25,03:46P,FIRE HYDRANT,115.0,0.0,0.0,0.0,115.0,0.0,019,Manhattan,TRAFFIC,UNKNOWN,
72570MM,NY,COM,9196190644,2025-04-08,02:38P,DOUBLE PARKING,115.0,0.0,0.0,0.0,115.0,0.0,019,Manhattan,TRAFFIC,HEARING HELD-GUILTY,
4LSK32,MA,PAS,4941170489,2025-03-22,11:39A,PHTO SCHOOL ZN SPEED VIOLATION,50.0,0.0,0.0,0.0,50.0,0.0,000,Bronx,DEPARTMENT OF TRANSPORTATION,UNKNOWN,
KHG6248,NY,PAS,4939770606,2025-03-11,09:37A,PHTO SCHOOL ZN SPEED VIOLATION,50.0,0.0,0.0,0.0,50.0,0.0,000,Bronx,DEPARTMENT OF TRANSPORTATION,UNKNOWN,
LTP2743,NY,PAS,4939770692,2025-03-11,09:38A,PHTO SCHOOL ZN SPEED VIOLATION,50.0,0.0,0.0,0.0,50.0,0.0,000,Queens,DEPARTMENT OF TRANSPORTATION,UNKNOWN,
FWH2205,NY,PAS,4939770450,2025-03-11,09:30A,PHTO SCHOOL ZN SPEED VIOLATION,50.0,0.0,0.0,0.0,50.0,0.0,000,Queens,DEPARTMENT OF TRANSPORTATION,UNKNOWN,
KFN7289,NY,PAS,4939770461,2025-03-11,09:31A,PHTO SCHOOL ZN SPEED VIOLATION,50.0,0.0,0.0,0.0,50.0,0.0,000,Queens,DEPARTMENT OF TRANSPORTATION,UNKNOWN,
KLW1316,NY,PAS,2023084398,2025-04-11,09:07A,NO PARKING-STREET CLEANING,65.0,0.0,0.0,0.0,65.0,0.0,109,Queens,DEPARTMENT OF SANITATION,UNKNOWN,
TGV5699,VA,PAS,5701171528,2024-11-12,03:05P,NO STANDING-OFF-STREET LOT,50.0,0.0,0.0,0.0,50.0,0.0,000,Brooklyn,TRANSIT AUTHORITY,UNKNOWN,
KPJ1902,NY,PAS,5701171589,2024-11-12,03:13P,NO STANDING-OFF-STREET LOT,50.0,0.0,0.0,0.0,50.0,0.0,000,Brooklyn,TRANSIT AUTHORITY,HEARING HELD-GUILTY,
LSH9550,NY,OMS,5701171462,2024-11-12,02:58P,NO STANDING-OFF-STREET LOT,50.0,0.0,0.0,0.0,50.0,0.0,000,UNKNOWN,TRANSIT AUTHORITY,UNKNOWN,
KDP5751,NY,PAS,4939192532,2025-03-06,11:49A,PHTO SCHOOL ZN SPEED VIOLATION,50.0,0.0,0.0,0.0,50.0,0.0,000,Staten Island,DEPARTMENT OF TRANSPORTATION,UNKNOWN,
DME4119,NY,PAS,4939192635,2025-03-06,11:49A,PHTO SCHOOL ZN SPEED VIOLATION,50.0,0.0,0.0,0.0,50.0,0.0,000,Queens,DEPARTMENT OF TRANSPORTATION,UNKNOWN,
CWW8540,NY,PAS,4939192775,2025-03-06,11:51A,PHTO SCHOOL ZN SPEED VIOLATION,50.0,0.0,0.0,0.0,50.0,0.0,000,Queens,DEPARTMENT OF TRANSPORTATION,UNKNOWN,
F93STJ,NJ,PAS,2023092140,2025-04-12,02:07P,FIRE HYDRANT,115.0,0.0,0.0,0.0,115.0,0.0,102,Queens,DEPARTMENT OF SANITATION,UNKNOWN,
JCA9920,NY,PAS,4939192805,2025-03-06,11:51A,PHTO SCHOOL ZN SPEED VIOLATION,50.0,0.0,0.0,0.0,50.0,0.0,000,Queens,DEPARTMENT OF TRANSPORTATION,UNKNOWN,
KVG1210,NY,PAS,4941170740,2025-03-22,11:52A,PHTO SCHOOL ZN SPEED VIOLATION,50.0,25.0,0.0,0.0,75.0,0.0,000,Bronx,DEPARTMENT OF TRANSPORTATION,UNKNOWN,
KVU4271,NY,PAS,4049629290,2025-11-18,08:40A,BUS LANE VIOLATION,50.0,0.0,0.0,0.0,50.0,0.0,000,Queens,DEPARTMENT OF TRANSPORTATION,UNKNOWN,
KTX9436,NY,PAS,1498523110,2024-04-18,06:05P,DOUBLE PARKING,115.0,10.0,0.0,0.0,125.0,0.0,067,Brooklyn,POLICE DEPARTMENT,UNKNOWN,
JPW6265,NY,PAS,4965446835,2025-09-19,05:06P,PHTO SCHOOL ZN SPEED VIOLATION,50.0,0.0,0.0,0.0,50.0,0.0,000,Brooklyn,DEPARTMENT OF TRANSPORTATION,UNKNOWN,
JAL2810,NY,PAS,4966009870,2025-09-24,02:32P,PHTO SCHOOL ZN SPEED VIOLATION,50.0,0.0,0.0,0.0,50.0,0.0,000,Queens,DEPARTMENT OF TRANSPORTATION,UNKNOWN,
574846T,NJ,PAS,9043100882,2023-03-27,UNKNOWN,UNKNOWN,59.94399185336049,4.760692464358452,1.0263034623217924,1.8407230142566193,63.7833401221996,0.10692464358452139,,UNKNOWN,UNKNOWN,UNKNOWN,
LMH2308,PA,PAS,9043100900,2023-03-27,UNKNOWN,UNKNOWN,59.94399185336049,4.760692464358452,1.0263034623217924,1.8407230142566193,63.7833401221996,0.10692464358452139,,UNKNOWN,UNKNOWN,UNKNOWN,
KFN7533,NY,PAS,4941170817,2025-03-22,11:55A,PHTO SCHOOL ZN SPEED VIOLATION,50.0,0.0,0.0,0.0,50.0,0.0,000,Brooklyn,DEPARTMENT OF TRANSPORTATION,UNKNOWN,
RJ1618,NY,SRF,4941170878,2025-03-22,11:57A,PHTO SCHOOL ZN SPEED VIOLATION,50.0,0.0,0.0,0.0,50.0,0.0,000,Queens,DEPARTMENT OF TRANSPORTATION,UNKNOWN,
84841NA,NY,COM,4941171070,2025-03-22,12:05P,PHTO SCHOOL ZN SPEED VIOLATION,50.0,0.0,0.0,0.0,50.0,0.0,000,Queens,DEPARTMENT OF TRANSPORTATION,UNKNOWN,
T702069C,NY,OMT,5701172004,2024-11-12,04:06P,NO STANDING-OFF-STREET LOT,50.0,0.0,0.0,0.0,50.0,0.0,000,UNKNOWN,TRANSIT AUTHORITY,UNKNOWN,
LKR4865,NY,PAS,5701171899,2024-11-12,03:47P,NO STANDING-OFF-STREET LOT,50.0,0.0,0.0,0.0,50.0,0.0,000,UNKNOWN,TRANSIT AUTHORITY,UNKNOWN,
PYXA78,FL,PAS,4779900797,2022-05-17,09:42A,PHTO SCHOOL ZN SPEED VIOLATION,50.0,25.0,16.23,0.0,91.23,0.0,000,Brooklyn,DEPARTMENT OF TRANSPORTATION,UNKNOWN,2022-08-11
U23NDE,NJ,PAS,4939771015,2025-03-11,09:43A,PHTO SCHOOL ZN SPEED VIOLATION,50.0,0.0,0.0,0.0,50.0,0.0,000,Brooklyn,DEPARTMENT OF TRANSPORTATION,UNKNOWN,
LTE2501,NY,PAS,4939192957,2025-03-06,11:52A,PHTO SCHOOL ZN SPEED VIOLATION,50.0,0.0,0.0,0.0,50.0,0.0,000,Brooklyn,DEPARTMENT OF TRANSPORTATION,UNKNOWN,
74895MD,NY,COM,9196190693,2025-04-08,03:24P,EXPIRED MUNI METER,65.0,0.0,0.0,55.09999999999991,0.0,0.0,019,Manhattan,TRAFFIC,HEARING HELD-NOT GUILTY,
KND5283,NY,PAS,8991618546,2021-09-16,01:29P,INSP. STICKER-EXPIRED/MISSING,65.0,60.0,18.129699999999982,0.19,167.3,0.0,084,Brooklyn,TRAFFIC,UNKNOWN,2022-07-28
LXE2535,NY,PAS,4965446847,2025-09-19,05:06P,PHTO SCHOOL ZN SPEED VIOLATION,50.0,0.0,0.0,0.0,50.0,0.0,000,Bronx,DEPARTMENT OF TRANSPORTATION,UNKNOWN,
LAU5064,NY,PAS,4965446914,2025-09-19,05:08P,PHTO SCHOOL ZN SPEED VIOLATION,50.0,0.0,0.0,0.0,50.0,0.0,000,Bronx,DEPARTMENT OF TRANSPORTATION,UNKNOWN,
KWR3631,NY,PAS,4966009935,2025-09-24,02:34P,PHTO SCHOOL ZN SPEED VIOLATION,50.0,0.0,0.0,0.0,50.0,0.0,000,Bronx,DEPARTMENT OF TRANSPORTATION,UNKNOWN,
F70UZE,NJ,PAS,4933805398,2025-01-14,03:40P,PHTO SCHOOL ZN SPEED VIOLATION,50.0,25.0,1.24,0.06,76.18,0.0,000,Bronx,DEPARTMENT OF TRANSPORTATION,UNKNOWN,2025-04-03
KHG2159,NY,PAS,4965446926,2025-09-19,05:08P,PHTO SCHOOL ZN SPEED VIOLATION,50.0,0.0,0.0,0.0,50.0,0.0,000,Staten Island,DEPARTMENT OF TRANSPORTATION,UNKNOWN,
Y102703C,NY,OMT,4965446963,2025-09-19,05:08P,PHTO SCHOOL ZN SPEED VIOLATION,50.0,0.0,0.0,0.0,50.0,0.0,000,Queens,DEPARTMENT OF TRANSPORTATION,UNKNOWN,
62912ML,NY,COM,4966009911,2025-09-24,02:33P,PHTO SCHOOL ZN SPEED VIOLATION,50.0,0.0,0.0,0.0,50.0,0.0,000,Bronx,DEPARTMENT OF TRANSPORTATION,UNKNOWN,
E87RJH,NJ,PAS,4939771301,2025-03-11,09:51A,PHTO SCHOOL ZN SPEED VIOLATION,50.0,0.0,0.0,0.0,50.0,0.0,000,Bronx,DEPARTMENT OF TRANSPORTATION,UNKNOWN,
Y14SFM,NJ,PAS,4939193627,2025-03-06,11:59A,PHTO SCHOOL ZN SPEED VIOLATION,50.0,0.0,0.0,0.0,50.0,0.0,000,Queens,DEPARTMENT OF TRANSPORTATION,UNKNOWN,
KUP1700,NY,PAS,5701172909,2024-11-12,06:22P,NO STANDING-OFF-STREET LOT,50.0,0.0,0.0,0.0,50.0,0.0,000,UNKNOWN,TRANSIT AUTHORITY,UNKNOWN,
LPJ9820,NY,PAS,5701172739,2024-11-12,05:46P,NO STANDING-OFF-STREET LOT,50.0,0.0,0.0,0.0,50.0,0.0,000,Queens,TRANSIT AUTHORITY,UNKNOWN,
LSL8586,NY,PAS,4939771192,2025-03-11,09:47A,PHTO SCHOOL ZN SPEED VIOLATION,50.0,0.0,0.0,0.0,50.0,0.0,000,Queens,DEPARTMENT OF TRANSPORTATION,UNKNOWN,
BREWER,NY,SRF,4939771404,2025-03-11,09:53A,PHTO SCHOOL ZN SPEED VIOLATION,50.0,0.0,0.0,0.0,50.0,0.0,000,Brooklyn,DEPARTMENT OF TRANSPORTATION,UNKNOWN,
HRE4462,NY,PAS,4939193470,2025-03-06,11:57A,PHTO SCHOOL ZN SPEED VIOLATION,50.0,0.0,0.0,0.0,50.0,0.0,000,Queens,DEPARTMENT OF TRANSPORTATION,UNKNOWN,
LBF8614,NY,PAS,4939193561,2025-03-06,11:58A,PHTO SCHOOL ZN SPEED VIOLATION,50.0,0.0,0.0,0.0,50.0,0.0,000,Brooklyn,DEPARTMENT OF TRANSPORTATION,UNKNOWN,
U23NDE,NJ,PAS,4939771179,2025-03-11,09:47A,PHTO SCHOOL ZN SPEED VIOLATION,50.0,0.0,0.0,0.0,50.0,0.0,000,Brooklyn,DEPARTMENT OF TRANSPORTATION,UNKNOWN,
G0N1ES,VA,PAS,2023101207,2025-04-15,09:56A,NO PARKING-STREET CLEANING,65.0,0.0,0.0,0.0,65.0,0.0,114,Queens,DEPARTMENT OF SANITATION,UNKNOWN,
72375ND,NY,COM,4939193664,2025-03-06,11:59A,PHTO SCHOOL ZN SPEED VIOLATION,50.0,0.0,0.0,0.0,50.0,0.0,000,Queens,DEPARTMENT OF TRANSPORTATION,UNKNOWN,
Y14SFM,NJ,PAS,4939194085,2025-03-06,12:02P,PHTO SCHOOL ZN SPEED VIOLATION,50.0,0.0,0.0,0.0,50.0,0.0,000,Queens,DEPARTMENT OF TRANSPORTATION,UNKNOWN,
XKCD76,NJ,PAS,2011876175,2023-05-09,11:12A,NO PARKING-STREET CLEANING,65.0,60.0,2.83,0.0,127.83,0.0,067,Brooklyn,DEPARTMENT OF SANITATION,HEARING HELD-GUILTY,2025-07-17
JPM6485,NY,PAS,4939771702,2025-03-11,09:59A,PHTO SCHOOL ZN SPEED VIOLATION,50.0,25.0,0.0,0.0,75.0,0.0,000,Queens,DEPARTMENT OF TRANSPORTATION,UNKNOWN,
LFR8546,NY,PAS,4967909358,2025-10-10,02:44A,PHTO SCHOOL ZN SPEED VIOLATION,50.0,0.0,0.0,0.0,50.0,0.0,000,Bronx,DEPARTMENT OF TRANSPORTATION,UNKNOWN,
62912ML,NY,COM,4966009972,2025-09-24,02:34P,PHTO SCHOOL ZN SPEED VIOLATION,50.0,0.0,0.0,0.0,50.0,0.0,000,Bronx,DEPARTMENT OF TRANSPORTATION,UNKNOWN,
2AK9613,AL,PAS,9043100912,2023-03-27,UNKNOWN,UNKNOWN,59.94399185336049,4.760692464358452,1.0263034623217924,1.8407230142566193,63.7833401221996,0.10692464358452139,,UNKNOWN,UNKNOWN,UNKNOWN,
S1435863,GA,PAS,9043100936,2023-03-27,UNKNOWN,UNKNOWN,59.94399185336049,4.760692464358452,1.0263034623217924,1.8407230142566193,63.7833401221996,0.10692464358452139,,UNKNOWN,UNKNOWN,UNKNOWN,
JGG8656,NY,PAS,4967912643,2025-10-10,04:22A,PHTO SCHOOL ZN SPEED VIOLATION,50.0,0.0,0.0,0.0,50.0,0.0,000,Staten Island,DEPARTMENT OF TRANSPORTATION,UNKNOWN,
LPX2239,NY,PAS,4941171548,2025-03-22,12:21P,PHTO SCHOOL ZN SPEED VIOLATION,50.0,0.0,0.0,0.0,50.0,0.0,000,Queens,DEPARTMENT OF TRANSPORTATION,UNKNOWN,
KTX9248,NY,PAS,5701173057,2024-11-12,06:45P,NO STANDING-OFF-STREET LOT,50.0,0.0,0.0,0.0,50.0,0.0,000,UNKNOWN,TRANSIT AUTHORITY,UNKNOWN,
LRL1601,NY,PAS,4939193731,2025-03-06,12:00P,PHTO SCHOOL ZN SPEED VIOLATION,50.0,25.0,0.0,0.0,75.0,0.0,000,Bronx,DEPARTMENT OF TRANSPORTATION,UNKNOWN,
E89WBP,NJ,PAS,4967914019,2025-10-10,05:12A,PHTO SCHOOL ZN SPEED VIOLATION,50.0,0.0,0.0,0.0,50.0,0.0,000,Manhattan,DEPARTMENT OF TRANSPORTATION,UNKNOWN,
LWF9293,PA,PAS,4780132095,2022-05-19,06:06P,PHTO SCHOOL ZN SPEED VIOLATION,50.0,25.0,18.11,0.13,92.98,0.0,000,Bronx,DEPARTMENT OF TRANSPORTATION,UNKNOWN,2022-08-11
HUH4140,NY,PAS,4780550804,2022-05-26,12:06P,PHTO SCHOOL ZN SPEED VIOLATION,50.0,25.0,17.48,0.02,92.46,0.0,000,Brooklyn,DEPARTMENT OF TRANSPORTATION,UNKNOWN,2022-08-18
KRM3310,NY,PAS,4939771880,2025-03-11,10:02A,PHTO SCHOOL ZN SPEED VIOLATION,50.0,0.0,0.0,0.0,50.0,0.0,000,Brooklyn,DEPARTMENT OF TRANSPORTATION,UNKNOWN,
LBF7911,NY,PAS,4939193913,2025-03-06,12:01P,PHTO SCHOOL ZN SPEED VIOLATION,50.0,0.0,0.0,0.0,50.0,0.0,000,Manhattan,DEPARTMENT OF TRANSPORTATION,UNKNOWN,
LCK5072,NY,PAS,4939772032,2025-03-11,10:05A,PHTO SCHOOL ZN SPEED VIOLATION,50.0,0.0,0.0,0.0,50.0,0.0,000,Staten Island,DEPARTMENT OF TRANSPORTATION,UNKNOWN,
JLH5823,NY,PAS,4967916272,2025-10-10,06:13A,PHTO SCHOOL ZN SPEED VIOLATION,50.0,0.0,0.0,0.0,50.0,0.0,000,Queens,DEPARTMENT OF TRANSPORTATION,UNKNOWN,
LVA4283,NY,PAS,1499323037,2025-05-20,01:08A,FIRE HYDRANT,115.0,60.0,1.72,0.0,176.72,0.0,047,Bronx,POLICE DEPARTMENT,HEARING HELD-GUILTY,2025-10-30
KNM7188,NY,PAS,4049629318,2025-11-18,11:03A,BUS LANE VIOLATION,50.0,0.0,0.0,0.0,50.0,0.0,000,Queens,DEPARTMENT OF TRANSPORTATION,UNKNOWN,
BDG9772,NY,PAS,4939194334,2025-03-06,12:04P,PHTO SCHOOL ZN SPEED VIOLATION,50.0,0.0,0.0,0.0,50.0,0.0,000,Queens,DEPARTMENT OF TRANSPORTATION,UNKNOWN,
HYW4434,NY,PAS,4939772123,2025-03-11,10:06A,PHTO SCHOOL ZN SPEED VIOLATION,50.0,0.0,0.0,0.0,50.0,0.0,000,Queens,DEPARTMENT OF TRANSPORTATION,UNKNOWN,
HSP7682,NY,PAS,4965447475,2025-09-19,05:23P,PHTO SCHOOL ZN SPEED VIOLATION,50.0,0.0,0.0,0.0,50.0,0.0,000,Queens,DEPARTMENT OF TRANSPORTATION,UNKNOWN,
U91UYN,NJ,PAS,9196191030,2025-04-09,06:11P,EXPIRED MUNI METER,65.0,10.0,0.0,10.0,65.0,0.0,020,Manhattan,TRAFFIC,UNKNOWN,
LJX4830,NY,PAS,9196191065,2025-04-10,12:49P,INSP. STICKER-EXPIRED/MISSING,65.0,0.0,0.0,0.0,65.0,0.0,023,Manhattan,TRAFFIC,UNKNOWN,
C32SYG,NJ,PAS,4965447153,2025-09-19,05:16P,PHTO SCHOOL ZN SPEED VIOLATION,50.0,0.0,0.0,0.0,50.0,0.0,000,Brooklyn,DEPARTMENT OF TRANSPORTATION,UNKNOWN,
B56PDA,NJ,PAS,2023109267,2025-04-15,09:14A,NO PARKING-STREET CLEANING,65.0,0.0,0.0,0.0,65.0,0.0,009,Manhattan,DEPARTMENT OF SANITATION,UNKNOWN,
HPZ4924,NY,PAS,2023139867,2025-04-11,09:17A,NO PARKING-STREET CLEANING,65.0,0.0,0.0,0.0,65.0,0.0,078,Brooklyn,DEPARTMENT OF SANITATION,UNKNOWN,
B80RYV,NJ,PAS,2023177390,2025-04-15,08:39A,NO PARKING-STREET CLEANING,65.0,0.0,0.0,0.0,65.0,0.0,010,Manhattan,DEPARTMENT OF SANITATION,UNKNOWN,
ETP7032,NY,PAS,4939194188,2025-03-06,12:03P,PHTO SCHOOL ZN SPEED VIOLATION,50.0,0.0,0.0,0.0,50.0,0.0,000,Brooklyn,DEPARTMENT OF TRANSPORTATION,UNKNOWN,
KXT2666,NY,PAS,4939194632,2025-03-06,12:06P,PHTO SCHOOL ZN SPEED VIOLATION,50.0,0.0,0.0,0.0,50.0,0.0,000,Queens,DEPARTMENT OF TRANSPORTATION,UNKNOWN,
GCZ9694,NY,PAS,5707327538,2025-11-04,03:48P,MTA CAMERA VIOLATION - DOUBLE PARKING,50.0,0.0,0.0,0.0,50.0,0.0,000,Brooklyn,TRANSIT AUTHORITY,UNKNOWN,
LNK8158,NY,PAS,4939194723,2025-03-06,12:07P,PHTO SCHOOL ZN SPEED VIOLATION,50.0,0.0,0.0,0.0,50.0,0.0,000,Queens,DEPARTMENT OF TRANSPORTATION,UNKNOWN,
KDV5535,NY,PAS,9196192136,2025-04-14,05:52P,FAIL TO DSPLY MUNI METER RECPT,65.0,0.0,0.0,0.0,65.0,0.0,020,Manhattan,TRAFFIC,UNKNOWN,
HRJ7440,NY,PAS,5701173290,2024-11-12,02:32P,NO STANDING-OFF-STREET LOT,50.0,0.0,0.0,0.0,50.0,0.0,000,UNKNOWN,TRANSIT AUTHORITY,UNKNOWN,
HZG6807,NY,PAS,5701173392,2024-11-12,03:12P,NO STANDING-OFF-STREET LOT,50.0,0.0,0.0,0.0,50.0,0.0,000,Brooklyn,TRANSIT AUTHORITY,UNKNOWN,
JRY5806,NY,PAS,5701173458,2024-11-12,03:21P,NO STANDING-OFF-STREET LOT,50.0,0.0,0.0,0.0,50.0,0.0,000,UNKNOWN,TRANSIT AUTHORITY,UNKNOWN,
HRZ5306,NY,PAS,4965839420,2025-09-23,04:00P,PHTO SCHOOL ZN SPEED VIOLATION,50.0,25.0,0.0,0.0,75.0,0.0,000,Queens,DEPARTMENT OF TRANSPORTATION,UNKNOWN,
15342NE,NY,COM,9194101140,2025-03-26,02:09P,FAIL TO DISP. MUNI METER RECPT,65.0,0.0,0.0,15.0,50.0,0.0,014,Manhattan,TRAFFIC,HEARING HELD-GUILTY REDUCTION,
LNK2181,NY,PAS,4937999357,2025-02-23,10:02A,PHTO SCHOOL ZN SPEED VIOLATION,50.0,25.0,0.0,0.0,75.0,0.0,000,Queens,DEPARTMENT OF TRANSPORTATION,UNKNOWN,
HUH4140,NY,PAS,4780551791,2022-05-26,12:13P,PHTO SCHOOL ZN SPEED VIOLATION,50.0,25.0,17.48,0.02,92.46,0.0,000,Brooklyn,DEPARTMENT OF TRANSPORTATION,UNKNOWN,2022-08-18
HUH4140,NY,PAS,4781347927,2022-06-02,08:07P,PHTO SCHOOL ZN SPEED VIOLATION,50.0,25.0,17.35,0.02,92.33,0.0,000,Queens,DEPARTMENT OF TRANSPORTATION,UNKNOWN,2022-08-25
87AGJY,FL,PAS,4781741836,2022-06-01,01:36P,PHTO SCHOOL ZN SPEED VIOLATION,50.0,25.0,12.48,0.06,87.42,0.0,000,Queens,DEPARTMENT OF TRANSPORTATION,UNKNOWN,2022-08-25
KZM9839,NY,PAS,5703574407,2025-03-23,12:21P,NO STANDING-OFF-STREET LOT,50.0,0.0,0.0,0.0,50.0,0.0,000,Queens,TRANSIT AUTHORITY,UNKNOWN,
JEL3148,NY,PAS,4939194681,2025-03-06,12:06P,PHTO SCHOOL ZN SPEED VIOLATION,50.0,0.0,0.0,0.0,50.0,0.0,000,Queens,DEPARTMENT OF TRANSPORTATION,UNKNOWN,
LRE1037,NY,PAS,4939194759,2025-03-06,12:07P,PHTO SCHOOL ZN SPEED VIOLATION,50.0,0.0,0.0,0.0,50.0,0.0,000,Bronx,DEPARTMENT OF TRANSPORTATION,UNKNOWN,
BG24437,CT,PAS,4939194991,2025-03-06,12:10P,PHTO SCHOOL ZN SPEED VIOLATION,50.0,0.0,0.0,0.0,50.0,0.0,000,Queens,DEPARTMENT OF TRANSPORTATION,UNKNOWN,
T695171C,NY,OMT,4939195053,2025-03-06,12:11P,PHTO SCHOOL ZN SPEED VIOLATION,50.0,0.0,0.0,0.0,50.0,0.0,000,Brooklyn,DEPARTMENT OF TRANSPORTATION,UNKNOWN,
LGE1482,NY,OMS,5701174050,2024-11-12,06:20P,NO STANDING-OFF-STREET LOT,50.0,0.0,0.0,0.0,50.0,0.0,000,UNKNOWN,TRANSIT AUTHORITY,UNKNOWN,
LKW3799,NY,PAS,4966010226,2025-09-24,02:39P,PHTO SCHOOL ZN SPEED VIOLATION,50.0,0.0,0.0,0.0,50.0,0.0,000,Brooklyn,DEPARTMENT OF TRANSPORTATION,UNKNOWN,
15762LY,NY,OML,4939195417,2025-03-06,12:14P,PHTO SCHOOL ZN SPEED VIOLATION,50.0,0.0,0.0,0.0,50.0,0.0,000,Queens,DEPARTMENT OF TRANSPORTATION,UNKNOWN,
MPL7579,PA,PAS,9196192549,2025-04-19,12:40P,NO PARKING-DAY/TIME LIMITS,60.0,0.0,0.0,0.0,60.0,0.0,023,Manhattan,TRAFFIC,UNKNOWN,
LKK2038,NY,PAS,9196193098,2025-04-22,04:45P,FRONT OR BACK PLATE MISSING,65.0,0.0,0.0,0.0,65.0,0.0,019,Manhattan,TRAFFIC,UNKNOWN,
T672068C,NY,OMT,4941172553,2025-03-22,12:56P,PHTO SCHOOL ZN SPEED VIOLATION,50.0,0.0,0.0,0.0,50.0,0.0,000,Queens,DEPARTMENT OF TRANSPORTATION,UNKNOWN,
EEA8387,NC,PAS,4782439209,2022-06-10,04:14P,PHTO SCHOOL ZN SPEED VIOLATION,50.0,25.0,17.48,0.02,92.46,0.0,000,Queens,DEPARTMENT OF TRANSPORTATION,UNKNOWN,2022-09-01
JPT4212,NY,PAS,5703574857,2025-03-23,12:44P,NO STANDING-OFF-STREET LOT,50.0,0.0,0.0,0.0,50.0,0.0,000,UNKNOWN,TRANSIT AUTHORITY,UNKNOWN,
LRS6163,NY,PAS,9179900136,2025-01-10,11:40A,NO PARKING-STREET CLEANING,65.0,10.0,0.0,0.0,75.0,0.0,112,Queens,TRAFFIC,UNKNOWN,
KZJ2018,NY,PAS,4966010263,2025-09-24,02:40P,PHTO SCHOOL ZN SPEED VIOLATION,50.0,0.0,0.0,0.0,50.0,0.0,000,Brooklyn,DEPARTMENT OF TRANSPORTATION,UNKNOWN,
FYK7389,NY,PAS,4939195223,2025-03-06,12:12P,PHTO SCHOOL ZN SPEED VIOLATION,50.0,0.0,0.0,0.0,50.0,0.0,000,Staten Island,DEPARTMENT OF TRANSPORTATION,UNKNOWN,
KYD2636,NY,PAS,4939195028,2025-03-06,12:10P,PHTO SCHOOL ZN SPEED VIOLATION,50.0,0.0,0.0,0.0,50.0,0.0,000,Staten Island,DEPARTMENT OF TRANSPORTATION,UNKNOWN,
EEA8387,NC,PAS,4782565112,2022-06-13,07:05A,PHTO SCHOOL ZN SPEED VIOLATION,50.0,25.0,17.72,0.03,92.69,0.0,000,Queens,DEPARTMENT OF TRANSPORTATION,UNKNOWN,2022-09-01
JPR8066,NY,PAS,4965839894,2025-09-23,04:10P,PHTO SCHOOL ZN SPEED VIOLATION,50.0,25.0,0.0,25.0,50.0,0.0,000,Queens,DEPARTMENT OF TRANSPORTATION,UNKNOWN,
LJH9305,NY,PAS,4965839833,2025-09-23,04:09P,PHTO SCHOOL ZN SPEED VIOLATION,50.0,25.0,0.0,0.0,75.0,0.0,000,Queens,DEPARTMENT OF TRANSPORTATION,UNKNOWN,
GBW1347,NY,PAS,4965447815,2025-09-19,05:38P,PHTO SCHOOL ZN SPEED VIOLATION,50.0,0.0,0.0,0.0,50.0,0.0,000,Bronx,DEPARTMENT OF TRANSPORTATION,UNKNOWN,
KVM6645,NY,PAS,4966010378,2025-09-24,02:42P,PHTO SCHOOL ZN SPEED VIOLATION,50.0,0.0,0.0,0.0,50.0,0.0,000,Bronx,DEPARTMENT OF TRANSPORTATION,UNKNOWN,
KHL8466,NY,PAS,4965448005,2025-09-19,05:46P,PHTO SCHOOL ZN SPEED VIOLATION,50.0,0.0,0.0,0.0,50.0,0.0,000,Manhattan,DEPARTMENT OF TRANSPORTATION,UNKNOWN,
KHD8412,NY,PAS,9196194388,2025-05-01,01:53P,EXPIRED MUNI METER,35.0,0.0,0.0,0.0,35.0,0.0,023,Manhattan,TRAFFIC,UNKNOWN,
LNR6204,NY,PAS,9196194418,2025-05-01,02:33P,EXPIRED MUNI METER,35.0,0.0,0.0,0.0,35.0,0.0,023,Manhattan,TRAFFIC,UNKNOWN,
CDB2232,NY,SRF,9049020318,2023-04-25,11:35A,NO PARKING-STREET CLEANING,65.0,30.0,0.0,0.0,95.0,0.0,090,Brooklyn,TRAFFIC,HEARING HELD-GUILTY,
LGC8774,NY,PAS,5802408480,2025-01-16,05:58P,EXPIRED METER-COMM METER ZONE,50.0,0.0,0.0,0.0,50.0,0.0,000,Brooklyn,TRANSIT AUTHORITY,UNKNOWN,
NND3M,FL,PAS,4939773942,2025-03-11,10:40A,PHTO SCHOOL ZN SPEED VIOLATION,50.0,0.0,0.0,0.0,50.0,0.0,000,Brooklyn,DEPARTMENT OF TRANSPORTATION,UNKNOWN,
LFC4511,NY,PAS,5133888375,2024-04-18,07:57P,FAILURE TO STOP AT RED LIGHT,50.0,25.0,4.13,0.07,79.06,0.0,000,Brooklyn,DEPARTMENT OF TRANSPORTATION,UNKNOWN,2024-07-11
AEC6977,NY,PAS,4939195466,2025-03-06,12:14P,PHTO SCHOOL ZN SPEED VIOLATION,50.0,0.0,0.0,0.0,50.0,0.0,000,Staten Island,DEPARTMENT OF TRANSPORTATION,UNKNOWN,
LPM5155,NY,PAS,4939773607,2025-03-11,10:31A,PHTO SCHOOL ZN SPEED VIOLATION,50.0,0.0,0.0,0.0,50.0,0.0,000,Brooklyn,DEPARTMENT OF TRANSPORTATION,UNKNOWN,
LRY3486,NY,PAS,4928703741,2024-12-06,07:11A,PHTO SCHOOL ZN SPEED VIOLATION,50.0,25.0,2.44,0.0,77.44,0.0,000,Staten Island,DEPARTMENT OF TRANSPORTATION,UNKNOWN,2025-02-27
T788435C,NY,OMT,5701174384,2024-11-12,08:39P,NO STANDING-OFF-STREET LOT,50.0,0.0,0.0,0.0,50.0,0.0,000,UNKNOWN,TRANSIT AUTHORITY,UNKNOWN,
T685164C,NY,OMT,5701174669,2024-11-13,12:26A,NO STANDING-OFF-STREET LOT,50.0,0.0,0.0,0.0,50.0,0.0,000,UNKNOWN,TRANSIT AUTHORITY,UNKNOWN,
GFM2034,NY,PAS,4966010408,2025-09-24,02:42P,PHTO SCHOOL ZN SPEED VIOLATION,50.0,0.0,0.0,0.0,50.0,0.0,000,Bronx,DEPARTMENT OF TRANSPORTATION,UNKNOWN,
RHL3029,NC,PAS,4928703364,2024-12-06,06:58A,PHTO SCHOOL ZN SPEED VIOLATION,50.0,25.0,2.52,0.13,77.39,0.0,000,Bronx,DEPARTMENT OF TRANSPORTATION,UNKNOWN,2025-02-27
HCZ2967,NY,PAS,4926466909,2024-11-17,12:59P,PHTO SCHOOL ZN SPEED VIOLATION,50.0,25.0,2.51,0.13,77.38,0.0,000,Queens,DEPARTMENT OF TRANSPORTATION,UNKNOWN,2025-02-06
H37VGJ,NJ,PAS,9196194431,2025-05-01,02:48P,FAIL TO DSPLY MUNI METER RECPT,35.0,0.0,0.0,0.0,35.0,0.0,023,Manhattan,TRAFFIC,UNKNOWN,
JDR6405,NY,PAS,4939195934,2025-03-06,12:19P,PHTO SCHOOL ZN SPEED VIOLATION,50.0,0.0,0.0,0.0,50.0,0.0,000,Queens,DEPARTMENT OF TRANSPORTATION,UNKNOWN,
73037NA,NY,COM,4939774302,2025-03-11,10:48A,PHTO SCHOOL ZN SPEED VIOLATION,50.0,0.0,0.0,0.0,50.0,0.0,000,Queens,DEPARTMENT OF TRANSPORTATION,HEARING ADJOURNMENT,
KTS7666,NY,PAS,4939774211,2025-03-11,10:45A,PHTO SCHOOL ZN SPEED VIOLATION,50.0,0.0,0.0,0.0,50.0,0.0,000,Queens,DEPARTMENT OF TRANSPORTATION,UNKNOWN,
JPP6987,NY,PAS,4939774296,2025-03-11,10:48A,PHTO SCHOOL ZN SPEED VIOLATION,50.0,0.0,0.0,0.0,50.0,0.0,000,Queens,DEPARTMENT OF TRANSPORTATION,UNKNOWN,
KZK1447,NY,PAS,2023184642,2025-04-10,09:25A,NO PARKING-STREET CLEANING,65.0,0.0,0.0,0.0,65.0,0.0,081,Brooklyn,DEPARTMENT OF SANITATION,UNKNOWN,
GYW7071,NY,PAS,4939196185,2025-03-06,12:22P,PHTO SCHOOL ZN SPEED VIOLATION,50.0,0.0,0.0,0.0,50.0,0.0,000,Brooklyn,DEPARTMENT OF TRANSPORTATION,UNKNOWN,
M57RHV,NJ,PAS,4939196021,2025-03-06,12:20P,PHTO SCHOOL ZN SPEED VIOLATION,50.0,0.0,0.0,0.0,50.0,0.0,000,Queens,DEPARTMENT OF TRANSPORTATION,UNKNOWN,
LLB3611,NY,PAS,2023199177,2025-04-15,09:51A,NO PARKING-STREET CLEANING,65.0,0.0,0.0,0.0,65.0,0.0,032,Manhattan,DEPARTMENT OF SANITATION,UNKNOWN,
KGJ1720,NY,PAS,5701175080,2024-11-13,08:02A,NO STANDING-OFF-STREET LOT,50.0,0.0,0.0,0.0,50.0,0.0,000,Staten Island,TRANSIT AUTHORITY,UNKNOWN,
T129413C,NY,OMT,5701174750,2024-11-13,06:33A,NO STANDING-OFF-STREET LOT,50.0,0.0,0.0,0.0,50.0,0.0,000,UNKNOWN,TRANSIT AUTHORITY,UNKNOWN,
LBS1540,NY,PAS,5701175145,2024-11-13,08:14A,NO STANDING-OFF-STREET LOT,50.0,0.0,0.0,0.0,50.0,0.0,000,Queens,TRANSIT AUTHORITY,UNKNOWN,
B32KWY,NJ,PAS,5701175194,2024-11-13,08:30A,NO STANDING-OFF-STREET LOT,50.0,0.0,0.0,0.0,50.0,0.0,000,UNKNOWN,TRANSIT AUTHORITY,UNKNOWN,
HHP7122,NY,PAS,5701175297,2024-11-13,08:43A,NO STANDING-OFF-STREET LOT,150.0,0.0,0.0,0.0,150.0,0.0,000,UNKNOWN,TRANSIT AUTHORITY,HEARING HELD-GUILTY,
MD7189,NJ,PAS,5701175509,2024-11-13,09:20A,NO STANDING-OFF-STREET LOT,50.0,0.0,0.0,0.0,50.0,0.0,000,Manhattan,TRANSIT AUTHORITY,UNKNOWN,
FB75550,IL,PAS,4933158034,2025-01-08,10:25P,PHTO SCHOOL ZN SPEED VIOLATION,50.0,25.0,2.19,0.07,77.12,0.0,000,Brooklyn,DEPARTMENT OF TRANSPORTATION,UNKNOWN,2025-04-03
ACR1704,NY,PAS,4965448182,2025-09-19,05:51P,PHTO SCHOOL ZN SPEED VIOLATION,50.0,0.0,0.0,0.0,50.0,0.0,000,Queens,DEPARTMENT OF TRANSPORTATION,UNKNOWN,
15489MN,NY,COM,9194104360,2025-04-09,09:40A,NO STANDING-DAY/TIME LIMITS,115.0,0.0,0.0,0.0,115.0,0.0,014,Manhattan,TRAFFIC,UNKNOWN,
JPM8115,NY,PAS,4937740052,2025-02-20,12:41P,PHTO SCHOOL ZN SPEED VIOLATION,50.0,25.0,1.86,0.13,76.73,0.0,000,Queens,DEPARTMENT OF TRANSPORTATION,UNKNOWN,2025-05-15
BXH8242,NY,PAS,4939196434,2025-03-06,12:24P,PHTO SCHOOL ZN SPEED VIOLATION,50.0,0.0,0.0,0.0,50.0,0.0,000,Bronx,DEPARTMENT OF TRANSPORTATION,UNKNOWN,
Y207432C,NY,OMT,4939774491,2025-03-11,10:52A,PHTO SCHOOL ZN SPEED VIOLATION,50.0,0.0,0.0,0.0,50.0,0.0,000,Bronx,DEPARTMENT OF TRANSPORTATION,UNKNOWN,
HRX2121,PA,PAS,4939196409,2025-03-06,12:24P,PHTO SCHOOL ZN SPEED VIOLATION,50.0,0.0,0.0,0.0,50.0,0.0,000,Brooklyn,DEPARTMENT OF TRANSPORTATION,UNKNOWN,
Z21VFD,NJ,PAS,2023209316,2025-04-14,08:32A,NO STANDING-DAY/TIME LIMITS,115.0,0.0,0.0,0.0,115.0,0.0,102,Queens,DEPARTMENT OF SANITATION,UNKNOWN,
KTL2417,NY,PAS,2023241479,2025-04-11,08:23A,NO PARKING-STREET CLEANING,65.0,0.0,0.0,0.0,65.0,0.0,062,Brooklyn,DEPARTMENT OF SANITATION,UNKNOWN,
11926MK,NY,COM,4966010469,2025-09-24,02:43P,PHTO SCHOOL ZN SPEED VIOLATION,50.0,0.0,0.0,0.0,50.0,0.0,000,Queens,DEPARTMENT OF TRANSPORTATION,UNKNOWN,
FTG3999,NY,PAS,4939197049,2025-03-06,12:31P,PHTO SCHOOL ZN SPEED VIOLATION,50.0,0.0,0.0,0.0,50.0,0.0,000,Queens,DEPARTMENT OF TRANSPORTATION,UNKNOWN,
GPV1871,NY,PAS,9196194480,2025-05-01,05:42P,FAIL TO DSPLY MUNI METER RECPT,35.0,0.0,0.0,0.0,35.0,0.0,023,Manhattan,TRAFFIC,UNKNOWN,
96083MM,NY,COM,9196194649,2025-05-02,09:22A,NO PARKING-STREET CLEANING,65.0,0.0,0.0,25.0,40.0,0.0,019,Manhattan,TRAFFIC,HEARING HELD-GUILTY REDUCTION,
LGC1279,NY,PAS,4941173727,2025-03-22,01:38P,PHTO SCHOOL ZN SPEED VIOLATION,50.0,0.0,0.0,0.0,50.0,0.0,000,Bronx,DEPARTMENT OF TRANSPORTATION,UNKNOWN,
LRA7107,NY,PAS,4939196781,2025-03-06,12:28P,PHTO SCHOOL ZN SPEED VIOLATION,50.0,0.0,0.0,0.0,50.0,0.0,000,Queens,DEPARTMENT OF TRANSPORTATION,UNKNOWN,
LAE1873,NY,PAS,4939774820,2025-03-11,11:01A,PHTO SCHOOL ZN SPEED VIOLATION,50.0,0.0,0.0,0.0,50.0,0.0,000,Bronx,DEPARTMENT OF TRANSPORTATION,UNKNOWN,
LKF1231,NY,PAS,4939774880,2025-03-11,11:02A,PHTO SCHOOL ZN SPEED VIOLATION,50.0,0.0,0.0,0.0,50.0,0.0,000,Brooklyn,DEPARTMENT OF TRANSPORTATION,UNKNOWN,
T123306C,NY,OMT,5802388389,2025-01-15,09:26P,EXPIRED METER-COMM METER ZONE,50.0,0.0,0.0,0.0,50.0,0.0,000,Brooklyn,TRANSIT AUTHORITY,HEARING HELD-GUILTY,
LHB3049,PA,PAS,2023249995,2025-04-15,08:50A,NO PARKING-STREET CLEANING,65.0,0.0,0.0,0.0,65.0,0.0,083,Brooklyn,DEPARTMENT OF SANITATION,UNKNOWN,
T640151C,NY,OMT,4939196793,2025-03-06,12:28P,PHTO SCHOOL ZN SPEED VIOLATION,50.0,0.0,0.0,0.0,50.0,0.0,000,Brooklyn,DEPARTMENT OF TRANSPORTATION,UNKNOWN,
GVY8724,NY,PAS,4939197128,2025-03-06,12:32P,PHTO SCHOOL ZN SPEED VIOLATION,50.0,0.0,0.0,0.0,50.0,0.0,000,Bronx,DEPARTMENT OF TRANSPORTATION,UNKNOWN,
KDX9263,NY,PAS,4939197104,2025-03-06,12:31P,PHTO SCHOOL ZN SPEED VIOLATION,50.0,0.0,0.0,0.0,50.0,0.0,000,Brooklyn,DEPARTMENT OF TRANSPORTATION,UNKNOWN,
ENL3828,NY,PAS,2023283530,2025-04-10,12:08P,NO PARKING-STREET CLEANING,65.0,0.0,0.0,0.0,65.0,0.0,046,Bronx,DEPARTMENT OF SANITATION,UNKNOWN,
C11CAC,NJ,PAS,2023295889,2025-04-11,07:47A,NO PARKING-STREET CLEANING,65.0,0.0,0.0,0.0,65.0,0.0,072,Brooklyn,DEPARTMENT OF SANITATION,UNKNOWN,
51449NC,NY,COM,9188790162,2025-02-27,02:02P,FAIL TO DISP. MUNI METER RECPT,65.0,0.0,0.0,0.0,65.0,0.0,005,Manhattan,TRAFFIC,HEARING HELD-GUILTY,
TJB1047,VA,PAS,1498524266,2025-04-03,05:48P,FIRE HYDRANT,115.0,0.0,0.0,0.0,115.0,0.0,078,Brooklyn,POLICE DEPARTMENT,UNKNOWN,
JRX9069,NY,PAS,5701175560,2024-11-13,09:27A,NO STANDING-OFF-STREET LOT,50.0,0.0,0.0,0.0,50.0,0.0,000,Staten Island,TRANSIT AUTHORITY,UNKNOWN,
LRP6268,NY,PAS,4941173960,2025-03-22,01:54P,PHTO SCHOOL ZN SPEED VIOLATION,50.0,25.0,0.0,25.0,50.0,0.0,000,Queens,DEPARTMENT OF TRANSPORTATION,UNKNOWN,
LJY2457,NY,PAS,4965448236,2025-09-19,05:52P,PHTO SCHOOL ZN SPEED VIOLATION,50.0,0.0,0.0,0.0,50.0,0.0,000,Queens,DEPARTMENT OF TRANSPORTATION,UNKNOWN,
LWE4227,NY,PAS,1499344077,2025-05-17,02:50A,NO STANDING-DAY/TIME LIMITS,115.0,60.0,0.91,0.3,175.61,0.0,114,Queens,POLICE DEPARTMENT,UNKNOWN,2025-09-04
JBE9282,NY,PAS,1490122606,2023-08-31,08:47P,DOUBLE PARKING,115.0,60.0,18.129699999999982,0.22,201.19,0.0,067,UNKNOWN,POLICE DEPARTMENT,UNKNOWN,2023-12-21
KJY7147,NY,PAS,4939197270,2025-03-06,12:33P,PHTO SCHOOL ZN SPEED VIOLATION,50.0,0.0,0.0,0.0,50.0,0.0,000,Queens,DEPARTMENT OF TRANSPORTATION,UNKNOWN,
LKN1287,NY,PAS,4933158526,2025-01-09,12:06A,PHTO SCHOOL ZN SPEED VIOLATION,50.0,0.0,0.0,0.0,50.0,0.0,000,Queens,DEPARTMENT OF TRANSPORTATION,UNKNOWN,
L59VAW,NJ,PAS,4939197311,2025-03-06,12:33P,PHTO SCHOOL ZN SPEED VIOLATION,50.0,0.0,0.0,0.0,50.0,0.0,000,Queens,DEPARTMENT OF TRANSPORTATION,UNKNOWN,
LJR8079,NY,PAS,4939197153,2025-03-06,12:32P,PHTO SCHOOL ZN SPEED VIOLATION,50.0,0.0,0.0,0.0,50.0,0.0,000,Staten Island,DEPARTMENT OF TRANSPORTATION,UNKNOWN,
LTU2530,NY,PAS,4939775422,2025-03-11,08:07A,PHTO SCHOOL ZN SPEED VIOLATION,50.0,0.0,0.0,0.0,50.0,0.0,000,Brooklyn,DEPARTMENT OF TRANSPORTATION,UNKNOWN,
LFS1793,NY,PAS,2023295920,2025-04-11,11:40A,NO PARKING-STREET CLEANING,65.0,0.0,0.0,0.0,65.0,0.0,072,Brooklyn,DEPARTMENT OF SANITATION,UNKNOWN,
10886MM,NY,COM,9049020537,2023-04-26,11:39A,FAIL TO DSPLY MUNI METER RECPT,35.0,0.0,0.0,0.0,35.0,0.0,090,Brooklyn,TRAFFIC,APPEAL AFFIRMED,
HPN9147,NY,PAS,2023295956,2025-04-11,11:46A,NO PARKING-STREET CLEANING,65.0,0.0,0.0,0.0,65.0,0.0,072,Brooklyn,DEPARTMENT OF SANITATION,UNKNOWN,
409DST,NY,ORG,4931800105,2024-12-29,12:32P,PHTO SCHOOL ZN SPEED VIOLATION,50.0,0.0,0.0,0.0,50.0,0.0,000,Brooklyn,DEPARTMENT OF TRANSPORTATION,UNKNOWN,
LBM6931,NY,PAS,4939197414,2025-03-06,12:34P,PHTO SCHOOL ZN SPEED VIOLATION,50.0,0.0,0.0,0.0,50.0,0.0,000,Queens,DEPARTMENT OF TRANSPORTATION,UNKNOWN,
KUJ7341,NY,PAS,4939197580,2025-03-06,12:36P,PHTO SCHOOL ZN SPEED VIOLATION,50.0,0.0,0.0,0.0,50.0,0.0,000,Queens,DEPARTMENT OF TRANSPORTATION,UNKNOWN,
L54WCN,NJ,PAS,4965448261,2025-09-19,05:53P,PHTO SCHOOL ZN SPEED VIOLATION,50.0,0.0,0.0,0.0,50.0,0.0,000,Brooklyn,DEPARTMENT OF TRANSPORTATION,UNKNOWN,
LTP8945,NY,PAS,4965448285,2025-09-19,05:53P,PHTO SCHOOL ZN SPEED VIOLATION,50.0,0.0,0.0,0.0,50.0,0.0,000,Brooklyn,DEPARTMENT OF TRANSPORTATION,UNKNOWN,
JMF3076,NY,PAS,8705847321,2019-12-14,00:06A,FIRE HYDRANT,115.0,60.0,18.129699999999982,0.0,201.25599999999994,0.0,032,Manhattan,TRAFFIC,HEARING HELD-GUILTY,2022-05-12
HSV8491,NY,PAS,5701176599,2024-11-13,11:14A,NO STANDING-OFF-STREET LOT,50.0,0.0,0.0,0.0,50.0,0.0,000,UNKNOWN,TRANSIT AUTHORITY,HEARING HELD-GUILTY,
JMANN69,NY,SRF,5701176540,2024-11-13,11:09A,NO STANDING-OFF-STREET LOT,50.0,0.0,0.0,0.0,50.0,0.0,000,UNKNOWN,TRANSIT AUTHORITY,UNKNOWN,
6KNG87,MA,PAS,2026951354,2025-10-27,12:00P,NO PARKING-STREET CLEANING,65.0,0.0,0.0,0.0,65.0,0.0,046,Bronx,DEPARTMENT OF SANITATION,UNKNOWN,
AH83224,AZ,PAS,2026952644,2025-10-18,12:15P,NO PARKING-DAY/TIME LIMITS,60.0,0.0,0.0,0.0,60.0,0.0,075,Brooklyn,DEPARTMENT OF SANITATION,UNKNOWN,
LTV2570,NY,PAS,2026971377,2025-10-17,12:01P,NO PARKING-STREET CLEANING,65.0,0.0,0.0,0.0,65.0,0.0,088,Brooklyn,DEPARTMENT OF SANITATION,UNKNOWN,
GEA7657,NY,PAS,4965448303,2025-09-19,05:53P,PHTO SCHOOL ZN SPEED VIOLATION,50.0,0.0,0.0,0.0,50.0,0.0,000,Bronx,DEPARTMENT OF TRANSPORTATION,UNKNOWN,
KWS4135,NY,PAS,4965448390,2025-09-19,05:55P,PHTO SCHOOL ZN SPEED VIOLATION,50.0,0.0,0.0,0.0,50.0,0.0,000,Bronx,DEPARTMENT OF TRANSPORTATION,UNKNOWN,
LWA2989,NY,PAS,4049629343,2025-11-18,12:08P,BUS LANE VIOLATION,50.0,0.0,0.0,0.0,50.0,0.0,000,Queens,DEPARTMENT OF TRANSPORTATION,UNKNOWN,
LDA6523,NY,PAS,4966010512,2025-09-24,02:44P,PHTO SCHOOL ZN SPEED VIOLATION,50.0,0.0,0.0,0.0,50.0,0.0,000,Brooklyn,DEPARTMENT OF TRANSPORTATION,UNKNOWN,
DDH8241,NY,PAS,4939775793,2025-03-11,09:43A,PHTO SCHOOL ZN SPEED VIOLATION,50.0,0.0,0.0,0.0,50.0,0.0,000,Queens,DEPARTMENT OF TRANSPORTATION,UNKNOWN,
LKK1670,NY,PAS,2023333660,2025-04-10,11:54A,NO PARKING-STREET CLEANING,65.0,0.0,0.0,0.0,65.0,0.0,032,Manhattan,DEPARTMENT OF SANITATION,UNKNOWN,
LKY4708,PA,PAS,2023337136,2025-04-11,11:53A,NO PARKING-STREET CLEANING,65.0,0.0,0.0,0.0,65.0,0.0,013,Manhattan,DEPARTMENT OF SANITATION,UNKNOWN,
KVN4974,NY,PAS,9179900926,2025-01-14,11:56A,REG. STICKER-EXPIRED/MISSING,65.0,10.0,0.0,0.0,75.0,0.0,106,Queens,TRAFFIC,UNKNOWN,
LLE3441,NY,PAS,4939197633,2025-03-06,12:37P,PHTO SCHOOL ZN SPEED VIOLATION,50.0,0.0,0.0,0.0,50.0,0.0,000,Staten Island,DEPARTMENT OF TRANSPORTATION,UNKNOWN,
T108610C,NY,OMT,4939197852,2025-03-06,12:38P,PHTO SCHOOL ZN SPEED VIOLATION,50.0,0.0,0.0,0.0,50.0,0.0,000,Brooklyn,DEPARTMENT OF TRANSPORTATION,UNKNOWN,
HUX4517,NY,PAS,9188790265,2025-02-27,03:42P,NO STANDING-EXC. TRUCK LOADING,95.0,60.0,0.0,30.0,125.0,0.0,005,Manhattan,TRAFFIC,UNKNOWN,
KVH5637,NY,PAS,9188790599,2025-02-28,11:58A,EXPIRED MUNI METER,65.0,60.0,0.0,0.0,125.0,0.0,006,Manhattan,TRAFFIC,UNKNOWN,
KIC1002,OH,PAS,5701176629,2024-11-13,11:16A,NO STANDING-OFF-STREET LOT,50.0,0.0,0.0,0.0,50.0,0.0,000,UNKNOWN,TRANSIT AUTHORITY,UNKNOWN,
HNB5536,NY,PAS,5701176666,2024-11-13,11:19A,NO STANDING-OFF-STREET LOT,50.0,0.0,0.0,0.0,50.0,0.0,000,UNKNOWN,TRANSIT AUTHORITY,HEARING HELD-GUILTY,
BG6320,NY,PAS,5701176873,2024-11-13,11:31A,NO STANDING-OFF-STREET LOT,50.0,0.0,0.0,0.0,50.0,0.0,000,UNKNOWN,TRANSIT AUTHORITY,UNKNOWN,
KGS6145,NY,PAS,5701176630,2024-11-13,11:18A,NO STANDING-OFF-STREET LOT,50.0,0.0,0.0,0.0,50.0,0.0,000,UNKNOWN,TRANSIT AUTHORITY,UNKNOWN,
XBHW19,NJ,PAS,9188790307,2025-02-27,04:22P,NO STANDING-DAY/TIME LIMITS,115.0,0.0,0.0,0.0,115.0,0.0,005,Manhattan,TRAFFIC,HEARING HELD-GUILTY,
KTE7986,NY,PAS,4966010640,2025-09-24,02:46P,PHTO SCHOOL ZN SPEED VIOLATION,50.0,0.0,0.0,0.0,50.0,0.0,000,Bronx,DEPARTMENT OF TRANSPORTATION,UNKNOWN,
LLZ5970,NY,PAS,4939775860,2025-03-11,09:59A,PHTO SCHOOL ZN SPEED VIOLATION,50.0,0.0,0.0,0.0,50.0,0.0,000,Bronx,DEPARTMENT OF TRANSPORTATION,UNKNOWN,
FHN6721,NY,PAS,4966010652,2025-09-24,02:46P,PHTO SCHOOL ZN SPEED VIOLATION,50.0,0.0,0.0,0.0,50.0,0.0,000,Staten Island,DEPARTMENT OF TRANSPORTATION,UNKNOWN,
HXZ1926,NY,PAS,4938004562,2025-02-23,11:30A,PHTO SCHOOL ZN SPEED VIOLATION,50.0,25.0,0.0,0.0,75.0,0.0,000,Queens,DEPARTMENT OF TRANSPORTATION,UNKNOWN,
KKR5052,NY,PAS,4941175013,2025-03-22,03:09P,PHTO SCHOOL ZN SPEED VIOLATION,50.0,0.0,0.0,0.0,50.0,0.0,000,Brooklyn,DEPARTMENT OF TRANSPORTATION,UNKNOWN,
JBN5593,NY,PAS,4941174914,2025-03-22,03:02P,PHTO SCHOOL ZN SPEED VIOLATION,50.0,0.0,0.0,0.0,50.0,0.0,000,Bronx,DEPARTMENT OF TRANSPORTATION,UNKNOWN,
HXA1596,NY,PAS,4939775902,2025-03-11,10:03A,PHTO SCHOOL ZN SPEED VIOLATION,50.0,0.0,0.0,0.0,50.0,0.0,000,Queens,DEPARTMENT OF TRANSPORTATION,UNKNOWN,
69038A5,TX,PAS,2023347786,2025-04-10,12:12P,NO PARKING-STREET CLEANING,65.0,0.0,0.0,0.0,65.0,0.0,043,Bronx,DEPARTMENT OF SANITATION,HEARING HELD-GUILTY,
T785488C,NY,OMT,2023349813,2025-04-11,08:08A,NO PARKING-STREET CLEANING,65.0,0.0,0.0,0.0,65.0,0.0,062,Brooklyn,DEPARTMENT OF SANITATION,UNKNOWN,
KND5283,NY,PAS,8991618558,2021-09-16,01:30P,FRONT OR BACK PLATE MISSING,65.0,60.0,18.129699999999982,0.19,167.3,0.0,084,Brooklyn,TRAFFIC,UNKNOWN,2022-07-28
KNX7599,NY,PAS,4965448480,2025-09-19,05:58P,PHTO SCHOOL ZN SPEED VIOLATION,50.0,0.0,0.0,0.0,50.0,0.0,000,Brooklyn,DEPARTMENT OF TRANSPORTATION,UNKNOWN,
KYN4377,NY,PAS,4966010755,2025-09-24,02:47P,PHTO SCHOOL ZN SPEED VIOLATION,50.0,0.0,0.0,0.0,50.0,0.0,000,Brooklyn,DEPARTMENT OF TRANSPORTATION,UNKNOWN,
GMV7135,NY,PAS,4941175530,2025-03-22,03:45P,PHTO SCHOOL ZN SPEED VIOLATION,50.0,0.0,0.0,0.0,50.0,0.0,000,Queens,DEPARTMENT OF TRANSPORTATION,UNKNOWN,
JNJ9375,NY,PAS,4939199046,2025-03-06,12:52P,PHTO SCHOOL ZN SPEED VIOLATION,50.0,0.0,0.0,0.0,50.0,0.0,000,Queens,DEPARTMENT OF TRANSPORTATION,UNKNOWN,
15489MN,NY,COM,9194104372,2025-04-09,09:42A,INSP. STICKER-EXPIRED/MISSING,65.0,0.0,0.0,0.0,65.0,0.0,014,Manhattan,TRAFFIC,UNKNOWN,
93428MG,NY,COM,9194104505,2025-04-09,02:26P,EXPIRED MUNI MTR-COMM MTR ZN,65.0,0.0,0.0,35.0,30.0,0.0,014,Manhattan,TRAFFIC,HEARING HELD-GUILTY REDUCTION,
JCF5578,NY,PAS,4939776487,2025-03-11,11:00A,PHTO SCHOOL ZN SPEED VIOLATION,50.0,0.0,0.0,0.0,50.0,0.0,000,Queens,DEPARTMENT OF TRANSPORTATION,UNKNOWN,
LSW6345,NY,PAS,2023417776,2025-04-15,07:41A,NO PARKING-STREET CLEANING,65.0,0.0,0.0,0.0,65.0,0.0,066,Brooklyn,DEPARTMENT OF SANITATION,UNKNOWN,
KKX2049,NY,PAS,5701177075,2024-11-13,11:55A,NO STANDING-OFF-STREET LOT,50.0,0.0,0.0,0.0,50.0,0.0,000,UNKNOWN,TRANSIT AUTHORITY,UNKNOWN,
DTX5212,NY,PAS,2023443003,2025-04-15,09:57A,NO PARKING-STREET CLEANING,65.0,0.0,0.0,0.0,65.0,0.0,001,Manhattan,DEPARTMENT OF SANITATION,UNKNOWN,
HTW5141,NY,PAS,4966010690,2025-09-24,02:46P,PHTO SCHOOL ZN SPEED VIOLATION,50.0,0.0,0.0,0.0,50.0,0.0,000,Staten Island,DEPARTMENT OF TRANSPORTATION,UNKNOWN,
KPU9211,NY,PAS,4939198674,2025-03-06,12:47P,PHTO SCHOOL ZN SPEED VIOLATION,50.0,0.0,0.0,0.0,50.0,0.0,000,Staten Island,DEPARTMENT OF TRANSPORTATION,UNKNOWN,
E73UYE,NJ,PAS,4939198571,2025-03-06,12:46P,PHTO SCHOOL ZN SPEED VIOLATION,50.0,0.0,0.0,0.0,50.0,0.0,000,Queens,DEPARTMENT OF TRANSPORTATION,UNKNOWN,
KVN5686,NY,PAS,4965448649,2025-09-19,06:05P,PHTO SCHOOL ZN SPEED VIOLATION,50.0,0.0,0.0,0.0,50.0,0.0,000,Queens,DEPARTMENT OF TRANSPORTATION,UNKNOWN,
XMHF33,NJ,PAS,4966010767,2025-09-24,02:47P,PHTO SCHOOL ZN SPEED VIOLATION,50.0,0.0,0.0,0.0,50.0,0.0,000,Brooklyn,DEPARTMENT OF TRANSPORTATION,UNKNOWN,
KJR6055,NY,PAS,4966010779,2025-09-24,02:47P,PHTO SCHOOL ZN SPEED VIOLATION,50.0,0.0,0.0,0.0,50.0,0.0,000,Queens,DEPARTMENT OF TRANSPORTATION,UNKNOWN,
KTH8349,NY,PAS,4932520682,2025-01-01,03:21A,PHTO SCHOOL ZN SPEED VIOLATION,50.0,25.0,1.4,0.06,76.34,0.0,000,Queens,DEPARTMENT OF TRANSPORTATION,HEARING HELD-GUILTY,2025-03-27
KNM8345,NY,PAS,9196194686,2025-05-02,09:29A,NO PARKING-STREET CLEANING,65.0,0.0,0.0,0.0,65.0,0.0,019,Manhattan,TRAFFIC,UNKNOWN,
LHX9445,NY,PAS,4941175591,2025-03-22,03:47P,PHTO SCHOOL ZN SPEED VIOLATION,50.0,0.0,0.0,0.0,50.0,0.0,000,Brooklyn,DEPARTMENT OF TRANSPORTATION,UNKNOWN,
KMY5471,NY,PAS,4939199150,2025-03-06,12:55P,PHTO SCHOOL ZN SPEED VIOLATION,50.0,0.0,0.0,0.0,50.0,0.0,000,Queens,DEPARTMENT OF TRANSPORTATION,UNKNOWN,
70555NE,NY,COM,5701177269,2024-11-13,12:07P,NO STANDING-OFF-STREET LOT,50.0,0.0,0.0,0.0,50.0,0.0,000,UNKNOWN,TRANSIT AUTHORITY,UNKNOWN,
ENS9720,NY,PAS,5701177385,2024-11-13,12:18P,NO STANDING-OFF-STREET LOT,50.0,0.0,0.0,0.0,50.0,0.0,000,UNKNOWN,TRANSIT AUTHORITY,UNKNOWN,
97197ML,NY,COM,4939777005,2025-03-11,11:15A,PHTO SCHOOL ZN SPEED VIOLATION,50.0,0.0,0.0,0.0,50.0,0.0,000,Manhattan,DEPARTMENT OF TRANSPORTATION,UNKNOWN,
DCX3557,NY,PAS,4939776852,2025-03-11,11:11A,PHTO SCHOOL ZN SPEED VIOLATION,50.0,0.0,0.0,0.0,50.0,0.0,000,Manhattan,DEPARTMENT OF TRANSPORTATION,UNKNOWN,
GLV9220,NY,PAS,9179901013,2025-01-14,01:13P,EXPIRED MUNI METER,35.0,0.0,0.0,0.0,35.0,0.0,106,Queens,TRAFFIC,HEARING HELD-GUILTY,
CWE6172,NY,PAS,4939777170,2025-03-11,11:17A,PHTO SCHOOL ZN SPEED VIOLATION,50.0,0.0,0.0,0.0,50.0,0.0,000,Queens,DEPARTMENT OF TRANSPORTATION,UNKNOWN,
KEV8617,NY,PAS,4939199198,2025-03-06,12:57P,PHTO SCHOOL ZN SPEED VIOLATION,50.0,0.0,0.0,0.0,50.0,0.0,000,Queens,DEPARTMENT OF TRANSPORTATION,UNKNOWN,
JRT8132,NY,PAS,4939199290,2025-03-06,10:11A,PHTO SCHOOL ZN SPEED VIOLATION,50.0,0.0,0.0,0.0,50.0,0.0,000,Brooklyn,DEPARTMENT OF TRANSPORTATION,UNKNOWN,
Y32PNX,NJ,PAS,2023455340,2025-04-12,12:56A,NO PARKING-STREET CLEANING,65.0,0.0,0.0,0.0,65.0,0.0,007,Manhattan,DEPARTMENT OF SANITATION,UNKNOWN,
GYF9339,NY,PAS,2023461996,2025-04-10,07:41A,NO PARKING-STREET CLEANING,65.0,0.0,0.0,0.0,65.0,0.0,045,Bronx,DEPARTMENT OF SANITATION,UNKNOWN,
51449NC,NY,COM,9188791427,2025-03-05,12:52P,DOUBLE PARKING,115.0,0.0,0.0,0.0,115.0,0.0,001,Manhattan,TRAFFIC,HEARING HELD-GUILTY,
T787964C,NY,OMT,5707327990,2025-11-04,04:10P,MTA CAMERA VIOLATION - DOUBLE PARKING,100.0,0.0,0.0,0.0,100.0,0.0,000,Manhattan,TRANSIT AUTHORITY,UNKNOWN,
DXN2874,NY,PAS,4938006637,2025-02-23,12:03P,PHTO SCHOOL ZN SPEED VIOLATION,50.0,25.0,0.0,0.0,75.0,0.0,000,Brooklyn,DEPARTMENT OF TRANSPORTATION,UNKNOWN,
Y208932C,NY,OMT,4965448730,2025-09-19,06:06P,PHTO SCHOOL ZN SPEED VIOLATION,50.0,0.0,0.0,0.0,50.0,0.0,000,Manhattan,DEPARTMENT OF TRANSPORTATION,UNKNOWN,
KSC6323,NY,PAS,4941176042,2025-03-22,04:24P,PHTO SCHOOL ZN SPEED VIOLATION,50.0,0.0,0.0,0.0,50.0,0.0,000,Queens,DEPARTMENT OF TRANSPORTATION,UNKNOWN,
XPTL26,NJ,PAS,4939199472,2025-03-06,11:50A,PHTO SCHOOL ZN SPEED VIOLATION,50.0,0.0,0.0,0.0,50.0,0.0,000,Manhattan,DEPARTMENT OF TRANSPORTATION,UNKNOWN,
KVW4848,NY,PAS,5701177725,2024-11-13,12:34P,NO STANDING-OFF-STREET LOT,50.0,0.0,0.0,0.0,50.0,0.0,000,Queens,TRANSIT AUTHORITY,UNKNOWN,
T117976C,NY,OMT,5701177944,2024-11-13,12:45P,NO STANDING-OFF-STREET LOT,50.0,0.0,0.0,50.0,0.0,0.0,000,UNKNOWN,TRANSIT AUTHORITY,HEARING HELD-NOT GUILTY,
LAV2779,NY,PAS,8888645834,2024-02-20,08:15P,SAFETY ZONE,115.0,60.0,2.25,0.0,177.25,0.0,108,Queens,TRAFFIC,UNKNOWN,2024-06-06
LAM7736,NY,PAS,5701178110,2024-11-13,12:54P,NO STANDING-OFF-STREET LOT,50.0,0.0,0.0,0.0,50.0,0.0,000,UNKNOWN,TRANSIT AUTHORITY,UNKNOWN,
JFJ9860,NY,PAS,5701178109,2024-11-13,12:54P,NO STANDING-OFF-STREET LOT,50.0,0.0,0.0,0.0,50.0,0.0,000,UNKNOWN,TRANSIT AUTHORITY,UNKNOWN,
GFE9363,NY,PAS,4939777546,2025-03-11,11:24A,PHTO SCHOOL ZN SPEED VIOLATION,50.0,0.0,0.0,0.0,50.0,0.0,000,Brooklyn,DEPARTMENT OF TRANSPORTATION,UNKNOWN,
KJA3447,NY,PAS,2023477750,2025-04-15,09:01A,NO PARKING-STREET CLEANING,65.0,0.0,0.0,0.0,65.0,0.0,066,Brooklyn,DEPARTMENT OF SANITATION,UNKNOWN,
KJX7479,NY,PAS,4939199812,2025-03-06,12:35P,PHTO SCHOOL ZN SPEED VIOLATION,50.0,0.0,0.0,0.0,50.0,0.0,000,Queens,DEPARTMENT OF TRANSPORTATION,UNKNOWN,
MMV2718,PA,PAS,2023521178,2025-04-15,11:51A,NO PARKING-STREET CLEANING,65.0,0.0,0.0,0.0,65.0,0.0,030,Manhattan,DEPARTMENT OF SANITATION,UNKNOWN,
HRZ2881,NY,PAS,4939200243,2025-03-06,12:49P,PHTO SCHOOL ZN SPEED VIOLATION,50.0,0.0,0.0,0.0,50.0,0.0,000,Queens,DEPARTMENT OF TRANSPORTATION,UNKNOWN,
JCG3263,NY,PAS,4938006728,2025-02-23,12:04P,PHTO SCHOOL ZN SPEED VIOLATION,50.0,25.0,0.0,0.0,75.0,0.0,000,Queens,DEPARTMENT OF TRANSPORTATION,UNKNOWN,
16BRHT,FL,PAS,2011883519,2023-08-31,12:03P,NO PARKING-STREET CLEANING,65.0,60.0,18.129699999999982,0.0,145.08,0.0,052,Bronx,DEPARTMENT OF SANITATION,HEARING HELD-GUILTY,2024-02-22
BL35615,CT,PAS,4939777686,2025-03-11,11:26A,PHTO SCHOOL ZN SPEED VIOLATION,50.0,0.0,0.0,0.0,50.0,0.0,000,Bronx,DEPARTMENT OF TRANSPORTATION,UNKNOWN,
KXT7521,NY,PAS,4936312915,2025-02-07,11:49A,PHTO SCHOOL ZN SPEED VIOLATION,50.0,25.0,1.92,0.06,76.86,0.0,000,Staten Island,DEPARTMENT OF TRANSPORTATION,UNKNOWN,2025-05-01
M56EPN,NJ,PAS,4941176364,2025-03-22,04:51P,PHTO SCHOOL ZN SPEED VIOLATION,50.0,0.0,0.0,0.0,50.0,0.0,000,Manhattan,DEPARTMENT OF TRANSPORTATION,UNKNOWN,
LLL8117,NY,PAS,4939777789,2025-03-11,11:27A,PHTO SCHOOL ZN SPEED VIOLATION,50.0,0.0,0.0,0.0,50.0,0.0,000,Brooklyn,DEPARTMENT OF TRANSPORTATION,HEARING HELD-GUILTY,
KPH7790,NY,PAS,9049021888,2023-05-04,11:19A,NO PARKING-STREET CLEANING,65.0,0.0,0.0,0.0,65.0,0.0,090,Brooklyn,TRAFFIC,APPEAL AFFIRMED,
KNS8200,NY,PAS,4939777819,2025-03-11,11:27A,PHTO SCHOOL ZN SPEED VIOLATION,50.0,0.0,0.0,0.0,50.0,0.0,000,Queens,DEPARTMENT OF TRANSPORTATION,UNKNOWN,
GZX5935,NY,PAS,4939200292,2025-03-06,12:50P,PHTO SCHOOL ZN SPEED VIOLATION,50.0,0.0,0.0,0.0,50.0,0.0,000,Queens,DEPARTMENT OF TRANSPORTATION,UNKNOWN,
JKV2013,NY,PAS,2023525664,2025-04-11,12:46P,NO PARKING-STREET CLEANING,65.0,0.0,0.0,0.0,65.0,0.0,060,Brooklyn,DEPARTMENT OF SANITATION,UNKNOWN,
KYA6498,NY,PAS,2023525688,2025-04-11,12:50P,NO PARKING-STREET CLEANING,65.0,0.0,0.0,0.0,65.0,0.0,060,Brooklyn,DEPARTMENT OF SANITATION,UNKNOWN,
KYP6206,NY,PAS,2023543460,2025-04-11,12:11P,NO PARKING-STREET CLEANING,65.0,0.0,0.0,0.0,65.0,0.0,070,Brooklyn,DEPARTMENT OF SANITATION,UNKNOWN,
A55KGT,NJ,PAS,4939200450,2025-03-06,12:53P,PHTO SCHOOL ZN SPEED VIOLATION,50.0,25.0,0.0,0.0,75.0,0.0,000,Manhattan,DEPARTMENT OF TRANSPORTATION,UNKNOWN,
KTN7479,NY,PAS,9188792134,2025-03-08,08:17A,FAIL TO DSPLY MUNI METER RECPT,65.0,30.0,0.0,0.0,95.0,0.0,001,Manhattan,TRAFFIC,UNKNOWN,
32062NB,NY,COM,9188791968,2025-03-07,11:55A,NO STANDING-BUS STOP,115.0,0.0,0.0,0.0,115.0,0.0,001,Manhattan,TRAFFIC,HEARING HELD-GUILTY,
9HWS195,CA,PAS,4966010810,2025-09-24,02:48P,PHTO SCHOOL ZN SPEED VIOLATION,50.0,0.0,0.0,0.0,50.0,0.0,000,Queens,DEPARTMENT OF TRANSPORTATION,UNKNOWN,
S1448280,GA,PAS,9043101011,2023-03-27,UNKNOWN,UNKNOWN,59.94399185336049,4.760692464358452,1.0263034623217924,1.8407230142566193,63.7833401221996,0.10692464358452139,,UNKNOWN,UNKNOWN,UNKNOWN,
603509T,NJ,PAS,9043101072,2023-03-27,UNKNOWN,UNKNOWN,59.94399185336049,4.760692464358452,1.0263034623217924,1.8407230142566193,63.7833401221996,0.10692464358452139,,UNKNOWN,UNKNOWN,UNKNOWN,
LDX2527,NY,PAS,9194106289,2025-03-24,11:40A,NO PARKING-STREET CLEANING,65.0,10.0,0.0,10.0,65.0,0.0,023,Manhattan,TRAFFIC,UNKNOWN,
LLU8254,NY,PAS,4941176728,2025-03-22,05:15P,PHTO SCHOOL ZN SPEED VIOLATION,50.0,0.0,0.0,0.0,50.0,0.0,000,Brooklyn,DEPARTMENT OF TRANSPORTATION,UNKNOWN,
BEASTOO,NY,SRF,5701178675,2024-11-13,01:48P,NO STANDING-OFF-STREET LOT,50.0,0.0,0.0,0.0,50.0,0.0,000,UNKNOWN,TRANSIT AUTHORITY,UNKNOWN,
LNA9389,NY,PAS,5701178730,2024-11-13,01:54P,NO STANDING-OFF-STREET LOT,100.0,0.0,0.0,0.0,100.0,0.0,000,UNKNOWN,TRANSIT AUTHORITY,UNKNOWN,
DSF8266,NY,PAS,5701178821,2024-11-13,02:00P,NO STANDING-OFF-STREET LOT,50.0,0.0,0.0,0.0,50.0,0.0,000,Queens,TRANSIT AUTHORITY,UNKNOWN,
LAV6904,NY,PAS,5701178742,2024-11-13,01:55P,NO STANDING-OFF-STREET LOT,50.0,0.0,0.0,0.0,50.0,0.0,000,UNKNOWN,TRANSIT AUTHORITY,UNKNOWN,
LRR9338,NY,PAS,4939200474,2025-03-06,12:53P,PHTO SCHOOL ZN SPEED VIOLATION,50.0,0.0,0.0,0.0,50.0,0.0,000,Brooklyn,DEPARTMENT OF TRANSPORTATION,UNKNOWN,
T765682C,NY,OMT,5701178833,2024-11-13,02:01P,NO STANDING-OFF-STREET LOT,50.0,0.0,0.0,0.0,50.0,0.0,000,Queens,TRANSIT AUTHORITY,UNKNOWN,
LLW6227,NY,PAS,4939778058,2025-03-11,11:31A,PHTO SCHOOL ZN SPEED VIOLATION,50.0,0.0,0.0,0.0,50.0,0.0,000,Queens,DEPARTMENT OF TRANSPORTATION,UNKNOWN,
MTB1759,PA,PAS,4939200607,2025-03-06,12:55P,PHTO SCHOOL ZN SPEED VIOLATION,50.0,0.0,0.0,0.0,50.0,0.0,000,Queens,DEPARTMENT OF TRANSPORTATION,UNKNOWN,
LHZ3404,NY,PAS,2023545365,2025-04-15,08:11A,NO PARKING-STREET CLEANING,65.0,0.0,0.0,0.0,65.0,0.0,047,Bronx,DEPARTMENT OF SANITATION,UNKNOWN,
KDJ5758,NY,PAS,2023553040,2025-04-10,12:08P,NO PARKING-STREET CLEANING,65.0,0.0,0.0,0.0,65.0,0.0,020,Manhattan,DEPARTMENT OF SANITATION,UNKNOWN,
GXR5993,NY,PAS,2023553131,2025-04-11,09:24A,NO PARKING-STREET CLEANING,65.0,0.0,0.0,0.0,65.0,0.0,020,Manhattan,DEPARTMENT OF SANITATION,UNKNOWN,
KWG2144,NY,PAS,4939200449,2025-03-06,12:53P,PHTO SCHOOL ZN SPEED VIOLATION,50.0,0.0,0.0,0.0,50.0,0.0,000,Staten Island,DEPARTMENT OF TRANSPORTATION,UNKNOWN,
GYT8207,NY,PAS,2023553246,2025-04-11,12:20P,NO PARKING-STREET CLEANING,65.0,0.0,0.0,0.0,65.0,0.0,020,Manhattan,DEPARTMENT OF SANITATION,UNKNOWN,
HGZ4303,NY,PAS,4939778230,2025-03-11,11:33A,PHTO SCHOOL ZN SPEED VIOLATION,50.0,0.0,0.0,0.0,50.0,0.0,000,Bronx,DEPARTMENT OF TRANSPORTATION,UNKNOWN,
HTZ3628,NY,PAS,4939200840,2025-03-06,12:57P,PHTO SCHOOL ZN SPEED VIOLATION,50.0,0.0,0.0,0.0,50.0,0.0,000,Brooklyn,DEPARTMENT OF TRANSPORTATION,UNKNOWN,
JPR2277,NY,PAS,4966010846,2025-09-24,02:48P,PHTO SCHOOL ZN SPEED VIOLATION,50.0,0.0,0.0,0.0,50.0,0.0,000,Bronx,DEPARTMENT OF TRANSPORTATION,UNKNOWN,
L88SSW,NJ,PAS,4965841438,2025-09-23,04:43P,PHTO SCHOOL ZN SPEED VIOLATION,50.0,25.0,0.0,0.0,75.0,0.0,000,Manhattan,DEPARTMENT OF TRANSPORTATION,UNKNOWN,
T104441C,NY,OMT,4937746996,2025-02-20,03:34P,PHTO SCHOOL ZN SPEED VIOLATION,50.0,25.0,1.73,0.13,76.6,0.0,000,Brooklyn,DEPARTMENT OF TRANSPORTATION,UNKNOWN,2025-05-22
LDR2329,NY,PAS,4941176868,2025-03-22,05:27P,PHTO SCHOOL ZN SPEED VIOLATION,50.0,0.0,0.0,0.0,50.0,0.0,000,Bronx,DEPARTMENT OF TRANSPORTATION,UNKNOWN,
JPF4075,NY,PAS,8571788881,2024-11-14,04:53P,DOUBLE PARKING,115.0,0.0,0.0,0.0,115.0,0.0,068,Brooklyn,TRAFFIC,UNKNOWN,
GXT2665,NY,PAS,8571788820,2024-11-14,03:02P,FIRE HYDRANT,115.0,0.0,0.0,0.0,115.0,0.0,067,Brooklyn,TRAFFIC,UNKNOWN,
HZD7205,NY,PAS,8571788730,2024-11-13,06:16P,FAIL TO DSPLY MUNI METER RECPT,35.0,0.0,0.0,35.0,0.0,0.0,067,Brooklyn,TRAFFIC,HEARING HELD-NOT GUILTY,
JMANN69,NY,SRF,5701179229,2024-11-13,02:28P,NO STANDING-OFF-STREET LOT,50.0,0.0,0.0,0.0,50.0,0.0,000,UNKNOWN,TRANSIT AUTHORITY,UNKNOWN,
LEE7045,NY,PAS,5701179280,2024-11-13,02:32P,NO STANDING-OFF-STREET LOT,50.0,0.0,0.0,0.0,50.0,0.0,000,Brooklyn,TRANSIT AUTHORITY,HEARING HELD-GUILTY,
OL4404K,NJ,PAS,5701179175,2024-11-13,02:22P,NO STANDING-OFF-STREET LOT,50.0,0.0,0.0,0.0,50.0,0.0,000,Brooklyn,TRANSIT AUTHORITY,UNKNOWN,
35910MM,NY,COM,9194106873,2025-03-26,08:26A,NO STANDING-BUS STOP,115.0,0.0,0.0,0.0,115.0,0.0,024,Manhattan,TRAFFIC,UNKNOWN,
KNX9674,NY,PAS,4782896633,2022-06-09,02:42P,PHTO SCHOOL ZN SPEED VIOLATION,50.0,25.0,17.21,0.0,92.21,0.0,000,Brooklyn,DEPARTMENT OF TRANSPORTATION,UNKNOWN,2022-09-08
HUH4140,NY,PAS,4782986816,2022-06-15,11:21A,PHTO SCHOOL ZN SPEED VIOLATION,50.0,25.0,17.09,0.02,92.07,0.0,000,Brooklyn,DEPARTMENT OF TRANSPORTATION,UNKNOWN,2022-09-08
HUH4140,NY,PAS,4783944647,2022-06-22,12:41P,PHTO SCHOOL ZN SPEED VIOLATION,50.0,25.0,16.96,0.02,91.94,0.0,000,Brooklyn,DEPARTMENT OF TRANSPORTATION,UNKNOWN,2022-09-15
LTF2796,NY,PAS,9194107117,2025-03-27,08:17A,NO PARKING-STREET CLEANING,65.0,0.0,0.0,0.0,65.0,0.0,024,Manhattan,TRAFFIC,UNKNOWN,
AX9234,NY,PSD,4939200875,2025-03-06,12:58P,PHTO SCHOOL ZN SPEED VIOLATION,50.0,0.0,0.0,0.0,50.0,0.0,000,Manhattan,DEPARTMENT OF TRANSPORTATION,UNKNOWN,
JBR9166,NY,PAS,4939200930,2025-03-06,12:58P,PHTO SCHOOL ZN SPEED VIOLATION,50.0,0.0,0.0,0.0,50.0,0.0,000,Brooklyn,DEPARTMENT OF TRANSPORTATION,HEARING HELD-GUILTY,
JDR6405,NY,PAS,4939200929,2025-03-06,12:58P,PHTO SCHOOL ZN SPEED VIOLATION,50.0,0.0,0.0,0.0,50.0,0.0,000,Queens,DEPARTMENT OF TRANSPORTATION,UNKNOWN,
LPG1270,NY,PAS,4939200838,2025-03-06,12:57P,PHTO SCHOOL ZN SPEED VIOLATION,50.0,0.0,0.0,0.0,50.0,0.0,000,Brooklyn,DEPARTMENT OF TRANSPORTATION,UNKNOWN,
LCD3162,NY,PAS,4939201156,2025-03-06,01:00P,PHTO SCHOOL ZN SPEED VIOLATION,50.0,0.0,0.0,0.0,50.0,0.0,000,Brooklyn,DEPARTMENT OF TRANSPORTATION,UNKNOWN,
KNH5102,NY,PAS,8571788807,2024-11-14,02:50P,NO STOPPING-DAY/TIME LIMITS,115.0,0.0,0.0,0.0,115.0,0.0,067,Brooklyn,TRAFFIC,UNKNOWN,
LFP3274,NY,OMS,8571789241,2024-11-16,12:53P,FAIL TO DSPLY MUNI METER RECPT,35.0,0.0,0.0,0.0,35.0,0.0,067,Brooklyn,TRAFFIC,UNKNOWN,
LND1386,NY,PAS,8571789009,2024-11-15,08:06P,FAIL TO DSPLY MUNI METER RECPT,35.0,0.0,0.0,0.0,35.0,0.0,072,Brooklyn,TRAFFIC,UNKNOWN,
414286,NY,PAS,5701179862,2024-11-13,03:07P,NO STANDING-OFF-STREET LOT,50.0,0.0,0.0,0.0,50.0,0.0,000,Queens,TRANSIT AUTHORITY,UNKNOWN,
32202LV,NY,OML,5701179655,2024-11-13,02:55P,NO STANDING-OFF-STREET LOT,50.0,0.0,0.0,0.0,50.0,0.0,000,UNKNOWN,TRANSIT AUTHORITY,HEARING HELD-GUILTY,
53579NC,NY,COM,5701179527,2024-11-13,02:46P,NO STANDING-OFF-STREET LOT,150.0,0.0,0.0,0.0,201.25599999999994,0.0,000,Manhattan,TRANSIT AUTHORITY,UNKNOWN,
T119555C,NY,OMT,9196194765,2025-05-06,01:17P,FAIL TO DSPLY MUNI METER RECPT,65.0,0.0,0.0,0.0,65.0,0.0,019,Manhattan,TRAFFIC,UNKNOWN,
2QNC18,MI,PAS,4939201260,2025-03-06,01:01P,PHTO SCHOOL ZN SPEED VIOLATION,50.0,0.0,0.0,0.0,50.0,0.0,000,Manhattan,DEPARTMENT OF TRANSPORTATION,UNKNOWN,
HYH9832,NY,PAS,4965448868,2025-09-19,06:11P,PHTO SCHOOL ZN SPEED VIOLATION,50.0,0.0,0.0,0.0,50.0,0.0,000,Bronx,DEPARTMENT OF TRANSPORTATION,UNKNOWN,
LTY8693,NY,PAS,4941176960,2025-03-22,05:28P,PHTO SCHOOL ZN SPEED VIOLATION,50.0,0.0,0.0,0.0,50.0,0.0,000,Bronx,DEPARTMENT OF TRANSPORTATION,UNKNOWN,
L90SBC,NJ,PAS,4939201168,2025-03-06,01:00P,PHTO SCHOOL ZN SPEED VIOLATION,50.0,25.0,0.0,0.0,75.0,0.0,000,Bronx,DEPARTMENT OF TRANSPORTATION,UNKNOWN,
87AGJY,FL,PAS,4784069288,2022-06-20,09:49A,PHTO SCHOOL ZN SPEED VIOLATION,50.0,25.0,13.89,0.07,88.82,0.0,000,Queens,DEPARTMENT OF TRANSPORTATION,UNKNOWN,2022-09-15
KVN2026,NY,PAS,4784398569,2022-06-24,07:48P,PHTO SCHOOL ZN SPEED VIOLATION,50.0,25.0,16.81,0.0,91.81,0.0,000,Queens,DEPARTMENT OF TRANSPORTATION,UNKNOWN,2022-09-15
HAA3408,NY,PAS,4939778678,2025-03-11,11:39A,PHTO SCHOOL ZN SPEED VIOLATION,50.0,0.0,0.0,0.0,50.0,0.0,000,Queens,DEPARTMENT OF TRANSPORTATION,UNKNOWN,
GRB8691,NY,PAS,4939201363,2025-03-06,01:01P,PHTO SCHOOL ZN SPEED VIOLATION,50.0,0.0,0.0,0.0,50.0,0.0,000,Queens,DEPARTMENT OF TRANSPORTATION,UNKNOWN,
KEM4402,NY,PAS,4939201247,2025-03-06,01:01P,PHTO SCHOOL ZN SPEED VIOLATION,50.0,0.0,0.0,0.0,50.0,0.0,000,Queens,DEPARTMENT OF TRANSPORTATION,UNKNOWN,
KEM4402,NY,PAS,4939201387,2025-03-06,01:01P,PHTO SCHOOL ZN SPEED VIOLATION,50.0,0.0,0.0,0.0,50.0,0.0,000,Queens,DEPARTMENT OF TRANSPORTATION,UNKNOWN,
FJP9965,NY,PAS,4939201673,2025-03-06,01:04P,PHTO SCHOOL ZN SPEED VIOLATION,50.0,0.0,0.0,0.0,50.0,0.0,000,Bronx,DEPARTMENT OF TRANSPORTATION,UNKNOWN,
KEK9815,NY,PAS,4939201510,2025-03-06,01:02P,PHTO SCHOOL ZN SPEED VIOLATION,50.0,0.0,0.0,0.0,50.0,0.0,000,Queens,DEPARTMENT OF TRANSPORTATION,UNKNOWN,
K126591,TX,PAS,5701180207,2024-11-13,03:27P,NO STANDING-OFF-STREET LOT,100.0,0.0,0.0,0.0,100.0,0.0,000,Queens,TRANSIT AUTHORITY,UNKNOWN,
GWT8040,NY,PAS,5701180190,2024-11-13,03:27P,NO STANDING-OFF-STREET LOT,50.0,0.0,0.0,0.0,50.0,0.0,000,Staten Island,TRANSIT AUTHORITY,UNKNOWN,
LJE1289,NY,PAS,5701179874,2024-11-13,03:07P,NO STANDING-OFF-STREET LOT,150.0,0.0,0.0,0.0,150.0,0.0,000,UNKNOWN,TRANSIT AUTHORITY,UNKNOWN,
LKJ5254,NY,PAS,9196194868,2025-05-06,02:28P,FAIL TO DSPLY MUNI METER RECPT,65.0,0.0,0.0,0.0,65.0,0.0,019,Manhattan,TRAFFIC,UNKNOWN,
KMU7414,NY,PAS,2023553350,2025-04-11,12:46P,NO PARKING-STREET CLEANING,65.0,0.0,0.0,0.0,65.0,0.0,024,Manhattan,DEPARTMENT OF SANITATION,UNKNOWN,
CXD6467,NY,PAS,2023553532,2025-04-15,11:58A,NO PARKING-STREET CLEANING,65.0,0.0,0.0,0.0,65.0,0.0,020,Manhattan,DEPARTMENT OF SANITATION,UNKNOWN,
LLV8738,NY,PAS,2023559870,2025-04-15,10:21A,NO PARKING-STREET CLEANING,65.0,0.0,0.0,0.0,65.0,0.0,062,Brooklyn,DEPARTMENT OF SANITATION,UNKNOWN,
HPD4107,NY,PAS,4939201557,2025-03-06,01:03P,PHTO SCHOOL ZN SPEED VIOLATION,50.0,0.0,0.0,0.0,50.0,0.0,000,Queens,DEPARTMENT OF TRANSPORTATION,UNKNOWN,
LSH7089,NY,PAS,4939201569,2025-03-06,01:03P,PHTO SCHOOL ZN SPEED VIOLATION,50.0,0.0,0.0,0.0,50.0,0.0,000,Bronx,DEPARTMENT OF TRANSPORTATION,UNKNOWN,
KFV7129,NY,PAS,4939201697,2025-03-06,01:04P,PHTO SCHOOL ZN SPEED VIOLATION,50.0,0.0,0.0,0.0,50.0,0.0,000,Queens,DEPARTMENT OF TRANSPORTATION,UNKNOWN,
S1596498,GA,PAS,2011883817,2023-09-21,UNKNOWN,UNKNOWN,59.94399185336049,4.760692464358452,1.0263034623217924,1.8407230142566193,63.7833401221996,0.10692464358452139,,UNKNOWN,UNKNOWN,UNKNOWN,
LVP5827,NY,OMS,5707328180,2025-11-04,04:15P,MTA CAMERA VIOLATION - DOUBLE PARKING,50.0,0.0,0.0,0.0,50.0,0.0,000,Brooklyn,TRANSIT AUTHORITY,UNKNOWN,
F38WGC,NJ,PAS,5707328191,2025-11-04,04:15P,MTA CAMERA VIOLATION - DOUBLE PARKING,50.0,0.0,0.0,0.0,50.0,0.0,000,Manhattan,TRANSIT AUTHORITY,UNKNOWN,
P42VZG,NJ,PAS,5707328269,2025-11-04,04:17P,MTA CAMERA VIOLATION - DOUBLE PARKING,50.0,0.0,0.0,0.0,50.0,0.0,000,UNKNOWN,TRANSIT AUTHORITY,UNKNOWN,
T140801C,NY,OMT,8571789344,2024-11-18,10:07A,FIRE HYDRANT,115.0,0.0,0.0,0.0,115.0,0.0,061,Brooklyn,TRAFFIC,UNKNOWN,
JLT5038,NY,PAS,5701179916,2024-11-13,03:10P,NO STANDING-OFF-STREET LOT,50.0,0.0,0.0,0.0,50.0,0.0,000,UNKNOWN,TRANSIT AUTHORITY,UNKNOWN,
J20RHW,NJ,PAS,5701180049,2024-11-13,03:17P,NO STANDING-OFF-STREET LOT,50.0,0.0,0.0,0.0,50.0,0.0,000,Queens,TRANSIT AUTHORITY,UNKNOWN,
EJLD05,CO,PAS,8571789769,2024-11-19,06:30P,NO STANDING-BUS STOP,115.0,0.0,0.0,0.0,115.0,0.0,072,Brooklyn,TRAFFIC,UNKNOWN,
KTT6028,NY,PAS,5701180517,2024-11-13,03:44P,NO STANDING-OFF-STREET LOT,50.0,0.0,0.0,0.0,50.0,0.0,000,UNKNOWN,TRANSIT AUTHORITY,UNKNOWN,
JLD1360,NY,PAS,5701180384,2024-11-13,03:37P,NO STANDING-OFF-STREET LOT,50.0,0.0,0.0,0.0,50.0,0.0,000,Staten Island,TRANSIT AUTHORITY,UNKNOWN,
HVU3328,NY,PAS,4965841712,2025-09-23,04:49P,PHTO SCHOOL ZN SPEED VIOLATION,50.0,25.0,0.0,25.0,50.0,0.0,000,Brooklyn,DEPARTMENT OF TRANSPORTATION,UNKNOWN,
KKF1193,NY,PAS,4966011000,2025-09-24,02:51P,PHTO SCHOOL ZN SPEED VIOLATION,50.0,0.0,0.0,0.0,50.0,0.0,000,Brooklyn,DEPARTMENT OF TRANSPORTATION,UNKNOWN,
KLV6202,NY,PAS,9196194947,2025-05-06,04:38P,INSP. STICKER-EXPIRED/MISSING,65.0,0.0,0.0,0.0,65.0,0.0,019,Manhattan,TRAFFIC,UNKNOWN,
CCS8686,NY,PAS,4939779439,2025-03-11,11:55A,PHTO SCHOOL ZN SPEED VIOLATION,50.0,0.0,0.0,0.0,50.0,0.0,000,Queens,DEPARTMENT OF TRANSPORTATION,UNKNOWN,
K80URH,NJ,PAS,4941177411,2025-03-22,05:57P,PHTO SCHOOL ZN SPEED VIOLATION,50.0,0.0,0.0,0.0,50.0,0.0,000,Queens,DEPARTMENT OF TRANSPORTATION,UNKNOWN,
C230778,CT,COM,2023569199,2025-04-15,01:15A,NO PARKING-STREET CLEANING,65.0,0.0,0.0,0.0,65.0,0.0,094,Brooklyn,DEPARTMENT OF SANITATION,UNKNOWN,
GUU8871,NY,PAS,2023590334,2025-04-15,11:41A,NO PARKING-STREET CLEANING,65.0,0.0,0.0,0.0,65.0,0.0,068,Brooklyn,DEPARTMENT OF SANITATION,UNKNOWN,
KRA1693,NY,PAS,4939202033,2025-03-06,01:06P,PHTO SCHOOL ZN SPEED VIOLATION,50.0,0.0,0.0,0.0,50.0,0.0,000,Manhattan,DEPARTMENT OF TRANSPORTATION,UNKNOWN,
HLF3673,NY,PAS,4965841839,2025-09-23,04:53P,PHTO SCHOOL ZN SPEED VIOLATION,50.0,25.0,0.0,0.0,75.0,0.0,000,Staten Island,DEPARTMENT OF TRANSPORTATION,UNKNOWN,
JNV3996,NY,PAS,8571433835,2022-07-21,03:44P,FIRE HYDRANT,115.0,0.0,0.0,0.0,115.0,0.0,072,Brooklyn,TRAFFIC,HEARING HELD-GUILTY,
K113947,TX,PAS,5701180694,2024-11-13,03:57P,NO STANDING-OFF-STREET LOT,50.0,0.0,0.0,0.0,50.0,0.0,000,Queens,TRANSIT AUTHORITY,UNKNOWN,
KPT3507,NY,PAS,5701180554,2024-11-13,03:46P,NO STANDING-OFF-STREET LOT,50.0,0.0,0.0,0.0,50.0,0.0,000,UNKNOWN,TRANSIT AUTHORITY,UNKNOWN,
C71UXT,NJ,PAS,5701180700,2024-11-13,03:57P,NO STANDING-OFF-STREET LOT,100.0,0.0,0.0,0.0,100.0,0.0,000,UNKNOWN,TRANSIT AUTHORITY,UNKNOWN,
LHB6442,NY,PAS,5701180657,2024-11-13,03:54P,NO STANDING-OFF-STREET LOT,100.0,0.0,0.0,0.0,100.0,0.0,000,UNKNOWN,TRANSIT AUTHORITY,UNKNOWN,
LLX1040,NY,PAS,5701180724,2024-11-13,03:58P,NO STANDING-OFF-STREET LOT,50.0,0.0,0.0,0.0,50.0,0.0,000,UNKNOWN,TRANSIT AUTHORITY,UNKNOWN,
G78UHP,NJ,PAS,5701180591,2024-11-13,03:49P,NO STANDING-OFF-STREET LOT,50.0,0.0,0.0,0.0,50.0,0.0,000,UNKNOWN,TRANSIT AUTHORITY,UNKNOWN,
LBF7984,NY,PAS,4939202318,2025-03-06,01:09P,PHTO SCHOOL ZN SPEED VIOLATION,50.0,0.0,0.0,0.0,50.0,0.0,000,Manhattan,DEPARTMENT OF TRANSPORTATION,UNKNOWN,
MKD9682,PA,PAS,4965449423,2025-09-19,06:31P,PHTO SCHOOL ZN SPEED VIOLATION,50.0,25.0,0.0,0.0,75.0,0.0,000,Queens,DEPARTMENT OF TRANSPORTATION,UNKNOWN,
LHZ4623,NY,PAS,9196196105,2025-04-10,01:39P,FAIL TO DSPLY MUNI METER RECPT,35.0,0.0,0.0,0.0,35.0,0.0,023,Manhattan,TRAFFIC,HEARING HELD-GUILTY,
HMP6484,NY,PAS,4965449435,2025-09-19,06:31P,PHTO SCHOOL ZN SPEED VIOLATION,50.0,0.0,0.0,0.0,50.0,0.0,000,Bronx,DEPARTMENT OF TRANSPORTATION,UNKNOWN,
J76ADA,NJ,PAS,4941177745,2025-03-22,07:10P,PHTO SCHOOL ZN SPEED VIOLATION,50.0,0.0,0.0,0.0,50.0,0.0,000,Brooklyn,DEPARTMENT OF TRANSPORTATION,HEARING HELD-GUILTY,
USAYYDS,NY,SRF,4941177782,2025-03-22,07:19P,PHTO SCHOOL ZN SPEED VIOLATION,50.0,0.0,0.0,0.0,50.0,0.0,000,Staten Island,DEPARTMENT OF TRANSPORTATION,UNKNOWN,
767MML,NY,ORG,4939779816,2025-03-11,12:02P,PHTO SCHOOL ZN SPEED VIOLATION,50.0,0.0,0.0,0.0,50.0,0.0,000,Bronx,DEPARTMENT OF TRANSPORTATION,UNKNOWN,
KLW3640,NY,PAS,2023596440,2025-04-15,09:13A,NO PARKING-STREET CLEANING,65.0,0.0,0.0,0.0,65.0,0.0,109,Queens,DEPARTMENT OF SANITATION,UNKNOWN,
45125MD,NY,COM,2023599763,2025-04-15,09:11A,NO PARKING-STREET CLEANING,65.0,0.0,0.0,25.0,40.0,0.0,066,Brooklyn,DEPARTMENT OF SANITATION,HEARING HELD-GUILTY REDUCTION,
JDR8052,NY,PAS,4941177915,2025-03-22,07:44P,PHTO SCHOOL ZN SPEED VIOLATION,50.0,0.0,0.0,0.0,50.0,0.0,000,Staten Island,DEPARTMENT OF TRANSPORTATION,UNKNOWN,
S1615458,GA,PAS,2011883830,2023-09-21,UNKNOWN,UNKNOWN,59.94399185336049,4.760692464358452,1.0263034623217924,1.8407230142566193,63.7833401221996,0.10692464358452139,,UNKNOWN,UNKNOWN,UNKNOWN,
TLF3256,VA,PAS,1498526081,2025-04-21,01:53P,NO STANDING-EXC. TRUCK LOADING,95.0,0.0,0.0,0.0,95.0,0.0,078,UNKNOWN,POLICE DEPARTMENT,UNKNOWN,
73234NE,NY,COM,9188792857,2025-03-17,12:58P,NO PARKING-DAY/TIME LIMITS,65.0,10.0,0.0,55.09999999999991,0.0,0.0,009,Manhattan,TRAFFIC,HEARING HELD-NOT GUILTY,
LBV3077,NC,PAS,5701180918,2024-11-13,04:14P,NO STANDING-OFF-STREET LOT,50.0,0.0,0.0,0.0,50.0,0.0,000,UNKNOWN,TRANSIT AUTHORITY,UNKNOWN,
KHM8580,NY,PAS,5701181017,2024-11-13,04:19P,NO STANDING-OFF-STREET LOT,50.0,0.0,0.0,0.0,50.0,0.0,000,UNKNOWN,TRANSIT AUTHORITY,UNKNOWN,
HAC7475,NY,PAS,1498525891,2025-03-24,08:20A,NO STANDING-EXC. AUTH. VEHICLE,95.0,10.0,0.0,0.0,105.0,0.0,078,Brooklyn,POLICE DEPARTMENT,UNKNOWN,
LKN5983,NY,PAS,4965842248,2025-09-23,05:06P,PHTO SCHOOL ZN SPEED VIOLATION,50.0,25.0,0.0,0.0,75.0,0.0,000,Queens,DEPARTMENT OF TRANSPORTATION,UNKNOWN,
JKV1997,NY,PAS,4936317100,2025-02-07,03:14P,PHTO SCHOOL ZN SPEED VIOLATION,50.0,25.0,1.88,0.02,76.86,0.0,000,Brooklyn,DEPARTMENT OF TRANSPORTATION,HEARING HELD-GUILTY,2025-05-01
AY41862,CT,PAS,4941178180,2025-03-22,09:02P,PHTO SCHOOL ZN SPEED VIOLATION,50.0,0.0,0.0,0.0,50.0,0.0,000,Manhattan,DEPARTMENT OF TRANSPORTATION,UNKNOWN,
3TGM96,MA,PAS,4941177952,2025-03-22,07:48P,PHTO SCHOOL ZN SPEED VIOLATION,50.0,0.0,0.0,0.0,50.0,0.0,000,Queens,DEPARTMENT OF TRANSPORTATION,UNKNOWN,
2962553,IN,PAS,9049099919,2023-05-15,08:58A,PLTFRM LFTS LWRD POS COMM VEH,65.0,0.0,0.0,55.09999999999991,0.0,0.0,006,Manhattan,TRAFFIC,HEARING HELD-NOT GUILTY,
LAG6939,NY,PAS,4939780326,2025-03-11,12:11P,PHTO SCHOOL ZN SPEED VIOLATION,50.0,0.0,0.0,0.0,50.0,0.0,000,Brooklyn,DEPARTMENT OF TRANSPORTATION,UNKNOWN,
HRE6183,NY,PAS,4939780144,2025-03-11,12:07P,PHTO SCHOOL ZN SPEED VIOLATION,50.0,0.0,0.0,0.0,50.0,0.0,000,Queens,DEPARTMENT OF TRANSPORTATION,UNKNOWN,
MVJ4853,PA,PAS,2023606408,2025-04-10,08:11A,NO STANDING-BUS STOP,115.0,0.0,0.0,0.0,115.0,0.0,061,Brooklyn,DEPARTMENT OF SANITATION,UNKNOWN,
9337HU,SC,PAS,4938009833,2025-02-23,01:00P,PHTO SCHOOL ZN SPEED VIOLATION,50.0,25.0,0.0,0.0,75.0,0.0,000,Bronx,DEPARTMENT OF TRANSPORTATION,UNKNOWN,
LPJ7637,NY,PAS,4938009894,2025-02-23,01:02P,PHTO SCHOOL ZN SPEED VIOLATION,50.0,25.0,0.0,0.0,75.0,0.0,000,Brooklyn,DEPARTMENT OF TRANSPORTATION,HEARING HELD-GUILTY,
TXA5825,VA,PAS,1490127215,2023-11-17,08:17A,CROSSWALK,115.0,10.0,0.0,0.0,125.0,0.0,071,UNKNOWN,POLICE DEPARTMENT,UNKNOWN,
LCG9470,NY,PAS,1498526251,2025-02-22,09:09P,FIRE HYDRANT,115.0,30.0,0.0,0.0,145.0,0.0,078,Brooklyn,POLICE DEPARTMENT,UNKNOWN,
XMVV80,NJ,PAS,9188793229,2025-03-19,10:49A,EXPIRED MUNI MTR-COMM MTR ZN,65.0,0.0,0.0,0.0,65.0,0.0,001,Manhattan,TRAFFIC,HEARING HELD-GUILTY,
LVT7693,NY,PAS,5707328350,2025-11-04,04:21P,MTA CAMERA VIOLATION - DOUBLE PARKING,150.0,0.0,0.0,0.0,150.0,0.0,000,UNKNOWN,TRANSIT AUTHORITY,UNKNOWN,
KHA2730,NY,PAS,2023608077,2025-04-15,08:15A,NO PARKING-STREET CLEANING,65.0,0.0,0.0,0.0,65.0,0.0,078,Brooklyn,DEPARTMENT OF SANITATION,UNKNOWN,
Y93UAJ,NJ,PAS,2023620946,2025-04-11,11:30A,NO PARKING-STREET CLEANING,65.0,0.0,0.0,0.0,65.0,0.0,026,Manhattan,DEPARTMENT OF SANITATION,UNKNOWN,
LSA8015,NY,PAS,4938010732,2025-02-23,12:38P,PHTO SCHOOL ZN SPEED VIOLATION,50.0,0.0,0.0,0.0,50.0,0.0,000,Brooklyn,DEPARTMENT OF TRANSPORTATION,UNKNOWN,
W70PBS,NJ,PAS,9196196154,2025-04-10,02:08P,FAIL TO DSPLY MUNI METER RECPT,35.0,0.0,0.0,0.0,35.0,0.0,028,Manhattan,TRAFFIC,UNKNOWN,
GTX4977,NY,PAS,4965449575,2025-09-19,06:40P,PHTO SCHOOL ZN SPEED VIOLATION,50.0,0.0,0.0,0.0,50.0,0.0,000,Queens,DEPARTMENT OF TRANSPORTATION,UNKNOWN,
T769283C,NY,OMT,5701181080,2024-11-13,04:22P,NO STANDING-OFF-STREET LOT,50.0,0.0,0.0,0.0,50.0,0.0,000,UNKNOWN,TRANSIT AUTHORITY,HEARING HELD-GUILTY,
KTV8648,NY,PAS,5701181285,2024-11-13,04:36P,NO STANDING-OFF-STREET LOT,50.0,0.0,0.0,0.0,50.0,0.0,000,Queens,TRANSIT AUTHORITY,HEARING HELD-GUILTY,
JKX4174,NY,PAS,5701181649,2024-11-13,05:03P,NO STANDING-OFF-STREET LOT,50.0,0.0,0.0,0.0,50.0,0.0,000,Queens,TRANSIT AUTHORITY,UNKNOWN,
LFM0676,PA,PAS,5701181595,2024-11-13,04:59P,NO STANDING-OFF-STREET LOT,50.0,0.0,0.0,0.0,50.0,0.0,000,UNKNOWN,TRANSIT AUTHORITY,UNKNOWN,
B31UMG,NJ,PAS,4941178294,2025-03-22,09:42P,PHTO SCHOOL ZN SPEED VIOLATION,50.0,0.0,0.0,0.0,50.0,0.0,000,Queens,DEPARTMENT OF TRANSPORTATION,UNKNOWN,
G70VXF,NJ,PAS,4965449642,2025-09-19,06:43P,PHTO SCHOOL ZN SPEED VIOLATION,50.0,0.0,0.0,0.0,50.0,0.0,000,Queens,DEPARTMENT OF TRANSPORTATION,UNKNOWN,
GDU6432,NY,PAS,4965449721,2025-09-19,06:46P,PHTO SCHOOL ZN SPEED VIOLATION,50.0,0.0,0.0,0.0,50.0,0.0,000,Queens,DEPARTMENT OF TRANSPORTATION,UNKNOWN,
TEXCA,NY,SRF,5707328427,2025-11-04,04:24P,MTA CAMERA VIOLATION - DOUBLE PARKING,50.0,0.0,0.0,0.0,50.0,0.0,000,UNKNOWN,TRANSIT AUTHORITY,UNKNOWN,
KSB9735,NY,PAS,9196196919,2025-04-12,08:16A,NO PARKING-STREET CLEANING,65.0,0.0,0.0,0.0,65.0,0.0,028,Manhattan,TRAFFIC,UNKNOWN,
MTE2175,PA,PAS,4941178830,2025-03-22,11:57P,PHTO SCHOOL ZN SPEED VIOLATION,50.0,0.0,0.0,0.0,50.0,0.0,000,Queens,DEPARTMENT OF TRANSPORTATION,UNKNOWN,
JAD4329,NY,PAS,4965449903,2025-09-19,06:51P,PHTO SCHOOL ZN SPEED VIOLATION,50.0,0.0,0.0,0.0,50.0,0.0,000,Brooklyn,DEPARTMENT OF TRANSPORTATION,UNKNOWN,
4KYX73,MA,PAS,4939780995,2025-03-11,12:22P,PHTO SCHOOL ZN SPEED VIOLATION,50.0,0.0,0.0,0.0,50.0,0.0,000,Bronx,DEPARTMENT OF TRANSPORTATION,UNKNOWN,
LPX3555,NY,PAS,5701181560,2024-11-13,04:58P,NO STANDING-OFF-STREET LOT,50.0,0.0,0.0,0.0,50.0,0.0,000,Brooklyn,TRANSIT AUTHORITY,UNKNOWN,
LED8364,NY,PAS,5701181716,2024-11-13,05:12P,NO STANDING-OFF-STREET LOT,50.0,0.0,0.0,0.0,50.0,0.0,000,Staten Island,TRANSIT AUTHORITY,UNKNOWN,
CF8348,FL,PAS,5701182034,2024-11-13,05:51P,NO STANDING-OFF-STREET LOT,50.0,0.0,0.0,0.0,50.0,0.0,000,UNKNOWN,TRANSIT AUTHORITY,UNKNOWN,
EG77699,IL,PAS,5701181900,2024-11-13,05:37P,NO STANDING-OFF-STREET LOT,50.0,0.0,0.0,0.0,50.0,0.0,000,Staten Island,TRANSIT AUTHORITY,UNKNOWN,
KPF6837,NY,PAS,5802388596,2025-01-15,09:39P,EXPIRED METER-COMM METER ZONE,100.0,0.0,0.0,0.0,100.0,0.0,000,UNKNOWN,TRANSIT AUTHORITY,UNKNOWN,
LEK2401,NY,PAS,4939780818,2025-03-11,12:19P,PHTO SCHOOL ZN SPEED VIOLATION,50.0,0.0,0.0,0.0,50.0,0.0,000,Queens,DEPARTMENT OF TRANSPORTATION,UNKNOWN,
FDW1764,NY,PAS,4939203530,2025-03-06,01:19P,PHTO SCHOOL ZN SPEED VIOLATION,50.0,0.0,0.0,0.0,50.0,0.0,000,Brooklyn,DEPARTMENT OF TRANSPORTATION,UNKNOWN,
LTC2623,NY,PAS,4939781124,2025-03-11,12:24P,PHTO SCHOOL ZN SPEED VIOLATION,50.0,0.0,0.0,0.0,50.0,0.0,000,Queens,DEPARTMENT OF TRANSPORTATION,UNKNOWN,
LPM4502,PA,PAS,2023625130,2025-04-11,07:35A,DOUBLE PARKING,115.0,0.0,0.0,0.0,115.0,0.0,044,Bronx,DEPARTMENT OF SANITATION,UNKNOWN,
KVV1380,NY,PAS,2023639530,2025-04-15,01:17A,NO PARKING-STREET CLEANING,65.0,0.0,0.0,0.0,65.0,0.0,072,Brooklyn,DEPARTMENT OF SANITATION,UNKNOWN,
BHJ4587,TX,PAS,1490128207,2023-07-25,12:56P,OBSTRUCTING DRIVEWAY,95.0,10.0,0.0,0.0,0.0,0.10692464358452139,071,Brooklyn,POLICE DEPARTMENT,UNKNOWN,
LSS9857,NY,PAS,5707328464,2025-11-04,04:26P,MTA CAMERA VIOLATION - DOUBLE PARKING,50.0,0.0,0.0,0.0,50.0,0.0,000,Brooklyn,TRANSIT AUTHORITY,UNKNOWN,
HJV1758,NY,PAS,1494950571,2024-05-23,07:55P,PEDESTRIAN RAMP,150.0,60.0,3.67,0.02,201.25599999999994,0.0,052,Bronx,POLICE DEPARTMENT,UNKNOWN,2024-09-12
LKM7649,NY,PAS,4965450036,2025-09-19,06:57P,PHTO SCHOOL ZN SPEED VIOLATION,50.0,0.0,0.0,0.0,50.0,0.0,000,Manhattan,DEPARTMENT OF TRANSPORTATION,UNKNOWN,
KMY4866,NY,PAS,4938011682,2025-02-23,01:10P,PHTO SCHOOL ZN SPEED VIOLATION,50.0,25.0,0.0,0.0,75.0,0.0,000,Bronx,DEPARTMENT OF TRANSPORTATION,UNKNOWN,
KLT9743,NY,PAS,1499030551,2025-06-20,04:36A,FIRE HYDRANT,115.0,0.0,0.0,0.0,115.0,0.0,072,UNKNOWN,POLICE DEPARTMENT,UNKNOWN,
KPX2398,NY,PAS,4941179195,2025-03-23,12:06A,PHTO SCHOOL ZN SPEED VIOLATION,50.0,0.0,0.0,0.0,50.0,0.0,000,Brooklyn,DEPARTMENT OF TRANSPORTATION,UNKNOWN,
KVW2911,NY,PAS,4965450061,2025-09-19,06:58P,PHTO SCHOOL ZN SPEED VIOLATION,50.0,0.0,0.0,0.0,50.0,0.0,000,Brooklyn,DEPARTMENT OF TRANSPORTATION,UNKNOWN,
KHV2752,NY,PAS,5701181972,2024-11-13,05:47P,NO STANDING-OFF-STREET LOT,50.0,0.0,0.0,0.0,50.0,0.0,000,Queens,TRANSIT AUTHORITY,UNKNOWN,
KYL6354,NY,PAS,5701182101,2024-11-13,06:06P,NO STANDING-OFF-STREET LOT,50.0,0.0,0.0,0.0,50.0,0.0,000,UNKNOWN,TRANSIT AUTHORITY,HEARING HELD-GUILTY,
T772786C,NY,OMT,5701182381,2024-11-13,06:36P,NO STANDING-OFF-STREET LOT,50.0,0.0,0.0,0.0,50.0,0.0,000,Queens,TRANSIT AUTHORITY,UNKNOWN,
JRT6459,NY,PAS,4939781409,2025-03-11,12:29P,PHTO SCHOOL ZN SPEED VIOLATION,50.0,0.0,0.0,0.0,50.0,0.0,000,Queens,DEPARTMENT OF TRANSPORTATION,UNKNOWN,
LCJ1865,NY,PAS,4939781630,2025-03-11,12:33P,PHTO SCHOOL ZN SPEED VIOLATION,50.0,0.0,0.0,0.0,50.0,0.0,000,Brooklyn,DEPARTMENT OF TRANSPORTATION,UNKNOWN,
R19GXN,NJ,PAS,4939781653,2025-03-11,12:33P,PHTO SCHOOL ZN SPEED VIOLATION,50.0,0.0,0.0,0.0,50.0,0.0,000,Staten Island,DEPARTMENT OF TRANSPORTATION,UNKNOWN,
LKA7065,NY,PAS,4939203852,2025-03-06,01:22P,PHTO SCHOOL ZN SPEED VIOLATION,50.0,0.0,0.0,0.0,50.0,0.0,000,Queens,DEPARTMENT OF TRANSPORTATION,UNKNOWN,
JANAZAH3,NY,SRF,4939781367,2025-03-11,12:27P,PHTO SCHOOL ZN SPEED VIOLATION,50.0,0.0,0.0,0.0,50.0,0.0,000,Staten Island,DEPARTMENT OF TRANSPORTATION,UNKNOWN,
KRZ3340,NY,PAS,4939203840,2025-03-06,01:22P,PHTO SCHOOL ZN SPEED VIOLATION,50.0,0.0,0.0,0.0,50.0,0.0,000,Staten Island,DEPARTMENT OF TRANSPORTATION,UNKNOWN,
KRS5711,NY,PAS,4939203712,2025-03-06,01:20P,PHTO SCHOOL ZN SPEED VIOLATION,50.0,0.0,0.0,0.0,50.0,0.0,000,Queens,DEPARTMENT OF TRANSPORTATION,UNKNOWN,
HCC7789,NY,PAS,4939781525,2025-03-11,12:31P,PHTO SCHOOL ZN SPEED VIOLATION,50.0,0.0,0.0,0.0,50.0,0.0,000,Brooklyn,DEPARTMENT OF TRANSPORTATION,UNKNOWN,
JKD3577,NY,PAS,2023643429,2025-04-11,07:47A,NO PARKING-STREET CLEANING,65.0,0.0,0.0,0.0,65.0,0.0,062,Brooklyn,DEPARTMENT OF SANITATION,UNKNOWN,
CY6688,NY,SRF,2023643727,2025-04-15,11:52A,NO PARKING-STREET CLEANING,65.0,0.0,0.0,0.0,65.0,0.0,062,Brooklyn,DEPARTMENT OF SANITATION,UNKNOWN,
GBT8610,NY,PAS,4939204133,2025-03-06,01:25P,PHTO SCHOOL ZN SPEED VIOLATION,50.0,0.0,0.0,0.0,50.0,0.0,000,Queens,DEPARTMENT OF TRANSPORTATION,UNKNOWN,
JPU3466,NY,PAS,4938012030,2025-02-23,01:16P,PHTO SCHOOL ZN SPEED VIOLATION,50.0,25.0,0.0,0.0,75.0,0.0,000,Brooklyn,DEPARTMENT OF TRANSPORTATION,UNKNOWN,
F59MUP,NJ,PAS,4965842900,2025-09-23,05:24P,PHTO SCHOOL ZN SPEED VIOLATION,50.0,25.0,0.0,0.0,75.0,0.0,000,Manhattan,DEPARTMENT OF TRANSPORTATION,UNKNOWN,
KSB9735,NY,PAS,9196196920,2025-04-12,08:17A,FRONT OR BACK PLATE MISSING,65.0,0.0,0.0,0.0,65.0,0.0,028,Manhattan,TRAFFIC,UNKNOWN,
GVV5360,NY,PAS,4965450103,2025-09-19,07:00P,PHTO SCHOOL ZN SPEED VIOLATION,50.0,0.0,0.0,0.0,50.0,0.0,000,Staten Island,DEPARTMENT OF TRANSPORTATION,UNKNOWN,
GRE1813,NY,PAS,4966011292,2025-09-24,02:54P,PHTO SCHOOL ZN SPEED VIOLATION,50.0,0.0,0.0,0.0,50.0,0.0,000,Manhattan,DEPARTMENT OF TRANSPORTATION,UNKNOWN,
LZF2554,NY,PAS,4965450140,2025-09-19,07:01P,PHTO SCHOOL ZN SPEED VIOLATION,50.0,0.0,0.0,0.0,50.0,0.0,000,Brooklyn,DEPARTMENT OF TRANSPORTATION,UNKNOWN,
LHX1896,NY,PAS,4936318450,2025-02-07,04:27P,PHTO SCHOOL ZN SPEED VIOLATION,50.0,25.0,1.86,0.13,76.73,0.0,000,Brooklyn,DEPARTMENT OF TRANSPORTATION,UNKNOWN,2025-05-01
14272ML,NY,COM,8657848053,2018-11-13,02:03P,REG. STICKER-EXPIRED/MISSING,65.0,60.0,18.129699999999982,0.31,189.4,0.0,110,Queens,TRAFFIC,UNKNOWN,2019-02-28
JLU8417,NY,PAS,5701182794,2024-11-13,07:50P,NO STANDING-OFF-STREET LOT,50.0,0.0,0.0,0.0,50.0,0.0,000,Brooklyn,TRANSIT AUTHORITY,HEARING HELD-GUILTY,
19864NB,NY,COM,5701182502,2024-11-13,06:47P,NO STANDING-OFF-STREET LOT,50.0,0.0,0.0,0.0,50.0,0.0,000,UNKNOWN,TRANSIT AUTHORITY,UNKNOWN,
LEK5648,NY,PAS,2023669224,2025-04-12,07:44A,NO PARKING-STREET CLEANING,65.0,0.0,0.0,0.0,65.0,0.0,043,Bronx,DEPARTMENT OF SANITATION,UNKNOWN,
LBD4284,NY,PAS,4941179626,2025-03-23,12:20A,PHTO SCHOOL ZN SPEED VIOLATION,50.0,0.0,0.0,0.0,50.0,0.0,000,Queens,DEPARTMENT OF TRANSPORTATION,UNKNOWN,
GASNAI,NY,OMT,4941179274,2025-03-23,12:09A,PHTO SCHOOL ZN SPEED VIOLATION,50.0,0.0,0.0,0.0,50.0,0.0,000,Brooklyn,DEPARTMENT OF TRANSPORTATION,UNKNOWN,
HLZ4506,NY,PAS,4939204170,2025-03-06,01:25P,PHTO SCHOOL ZN SPEED VIOLATION,50.0,0.0,0.0,0.0,50.0,0.0,000,Bronx,DEPARTMENT OF TRANSPORTATION,UNKNOWN,
22590,MA,PAS,4939204108,2025-03-06,01:24P,PHTO SCHOOL ZN SPEED VIOLATION,50.0,0.0,0.0,0.0,50.0,0.0,000,Brooklyn,DEPARTMENT OF TRANSPORTATION,UNKNOWN,
KVT3106,NY,PAS,4939204443,2025-03-06,01:28P,PHTO SCHOOL ZN SPEED VIOLATION,50.0,0.0,0.0,0.0,50.0,0.0,000,Bronx,DEPARTMENT OF TRANSPORTATION,UNKNOWN,
DASTDAAD,NY,SRF,4939204625,2025-03-06,01:29P,PHTO SCHOOL ZN SPEED VIOLATION,50.0,0.0,0.0,0.0,50.0,0.0,000,Queens,DEPARTMENT OF TRANSPORTATION,UNKNOWN,
Y207725C,NY,OMT,4965450310,2025-09-19,07:15P,PHTO SCHOOL ZN SPEED VIOLATION,50.0,0.0,0.0,0.0,50.0,0.0,000,Brooklyn,DEPARTMENT OF TRANSPORTATION,UNKNOWN,
L71RSZ,NJ,PAS,5701183154,2024-11-13,08:56P,NO STANDING-OFF-STREET LOT,50.0,0.0,0.0,0.0,50.0,0.0,000,Manhattan,TRANSIT AUTHORITY,UNKNOWN,
LDJ2770,NY,PAS,4936319351,2025-02-07,05:25P,PHTO SCHOOL ZN SPEED VIOLATION,50.0,25.0,1.9,0.04,76.86,0.0,000,Queens,DEPARTMENT OF TRANSPORTATION,UNKNOWN,2025-05-01
PWEP87,FL,PAS,4941179845,2025-03-23,12:26A,PHTO SCHOOL ZN SPEED VIOLATION,50.0,0.0,0.0,0.0,50.0,0.0,000,Manhattan,DEPARTMENT OF TRANSPORTATION,UNKNOWN,
LSX8968,NY,PAS,4938013022,2025-02-23,01:30P,PHTO SCHOOL ZN SPEED VIOLATION,50.0,25.0,0.0,0.0,75.0,0.0,000,Brooklyn,DEPARTMENT OF TRANSPORTATION,UNKNOWN,
LAN6106,NY,PAS,5703580961,2025-03-23,04:53P,NO STANDING-OFF-STREET LOT,150.0,0.0,0.0,0.0,150.0,0.0,000,Manhattan,TRANSIT AUTHORITY,UNKNOWN,
JLB4660,PA,PAS,4939782463,2025-03-11,12:46P,PHTO SCHOOL ZN SPEED VIOLATION,50.0,0.0,0.0,0.0,50.0,0.0,000,Bronx,DEPARTMENT OF TRANSPORTATION,UNKNOWN,
2208269,IN,PAS,9049138202,2023-05-13,10:57A,DOUBLE PARKING-MIDTOWN COMML,115.0,0.0,0.0,55.09999999999991,0.0,0.0,018,Manhattan,TRAFFIC,HEARING HELD-NOT GUILTY,
MCP7685,PA,PAS,4939782402,2025-03-11,12:45P,PHTO SCHOOL ZN SPEED VIOLATION,50.0,0.0,0.0,0.0,50.0,0.0,000,Queens,DEPARTMENT OF TRANSPORTATION,UNKNOWN,
KHS2687,NY,PAS,4939204431,2025-03-06,01:28P,PHTO SCHOOL ZN SPEED VIOLATION,50.0,0.0,0.0,0.0,50.0,0.0,000,Staten Island,DEPARTMENT OF TRANSPORTATION,UNKNOWN,
EGA7259,NY,PAS,4939204662,2025-03-06,01:29P,PHTO SCHOOL ZN SPEED VIOLATION,50.0,0.0,0.0,0.0,50.0,0.0,000,Staten Island,DEPARTMENT OF TRANSPORTATION,UNKNOWN,
KVG4855,NY,PAS,1498529677,2025-01-07,06:21P,NO STANDING-DAY/TIME LIMITS,115.0,30.0,0.0,0.0,145.0,0.0,013,Manhattan,LONG ISLAND RAILROAD,HEARING ADJOURNMENT,
KHA2789,NY,PAS,1498529379,2025-01-13,11:13A,NO PARKING-STREET CLEANING,65.0,60.0,0.59,0.09,125.5,0.0,013,Manhattan,LONG ISLAND RAILROAD,UNKNOWN,2025-05-01
XBHV63,NJ,PAS,9188795184,2025-03-04,02:11P,DOUBLE PARKING-MIDTOWN COMML,115.0,0.0,0.0,0.0,115.0,0.0,018,Manhattan,TRAFFIC,HEARING HELD-GUILTY,
T130722C,NY,OMT,1498529732,2025-01-10,06:48P,NO STANDING-DAY/TIME LIMITS,115.0,60.0,0.91,0.22,175.69,0.0,013,Manhattan,LONG ISLAND RAILROAD,UNKNOWN,2025-05-01
A76UEH,NJ,PAS,4049629458,2025-11-18,02:30P,BUS LANE VIOLATION,50.0,0.0,0.0,0.0,50.0,0.0,000,Queens,DEPARTMENT OF TRANSPORTATION,UNKNOWN,
EEB8795,NY,PAS,4965843400,2025-09-23,05:37P,PHTO SCHOOL ZN SPEED VIOLATION,50.0,25.0,0.0,25.0,50.0,0.0,000,Queens,DEPARTMENT OF TRANSPORTATION,UNKNOWN,
HZA5140,NY,PAS,4965450346,2025-09-19,07:19P,PHTO SCHOOL ZN SPEED VIOLATION,50.0,0.0,0.0,0.0,50.0,0.0,000,Bronx,DEPARTMENT OF TRANSPORTATION,UNKNOWN,
ZTS3262,PA,PAS,4939783042,2025-03-11,01:00P,PHTO SCHOOL ZN SPEED VIOLATION,50.0,0.0,0.0,0.0,50.0,0.0,000,Queens,DEPARTMENT OF TRANSPORTATION,UNKNOWN,
LHP5568,NY,PAS,4939204844,2025-03-06,01:32P,PHTO SCHOOL ZN SPEED VIOLATION,50.0,0.0,0.0,0.0,50.0,0.0,000,Bronx,DEPARTMENT OF TRANSPORTATION,UNKNOWN,
W300966C,NY,OMT,5701183324,2024-11-13,08:05P,NO STANDING-OFF-STREET LOT,50.0,0.0,0.0,0.0,50.0,0.0,000,UNKNOWN,TRANSIT AUTHORITY,UNKNOWN,
KDV3856,NY,PAS,4939205022,2025-03-06,01:33P,PHTO SCHOOL ZN SPEED VIOLATION,50.0,0.0,0.0,0.0,50.0,0.0,000,Staten Island,DEPARTMENT OF TRANSPORTATION,UNKNOWN,
JCS5154,NY,PAS,4939783054,2025-03-11,01:00P,PHTO SCHOOL ZN SPEED VIOLATION,50.0,0.0,0.0,0.0,50.0,0.0,000,Manhattan,DEPARTMENT OF TRANSPORTATION,UNKNOWN,
LPG8041,NY,PAS,4939783078,2025-03-11,01:00P,PHTO SCHOOL ZN SPEED VIOLATION,50.0,0.0,0.0,0.0,50.0,0.0,000,Bronx,DEPARTMENT OF TRANSPORTATION,UNKNOWN,
F82MNZ,NJ,PAS,2023672181,2025-04-11,11:46A,NO PARKING-STREET CLEANING,65.0,0.0,0.0,0.0,65.0,0.0,024,Manhattan,DEPARTMENT OF SANITATION,UNKNOWN,
P92UEJ,NJ,PAS,2023672193,2025-04-11,11:49A,NO PARKING-STREET CLEANING,65.0,0.0,0.0,0.0,65.0,0.0,024,Manhattan,DEPARTMENT OF SANITATION,UNKNOWN,
GJD3923,NY,PAS,2023672260,2025-04-15,08:16A,NO PARKING-STREET CLEANING,65.0,0.0,0.0,0.0,65.0,0.0,020,Manhattan,DEPARTMENT OF SANITATION,UNKNOWN,
T754675C,NY,OMT,2023684146,2025-04-15,12:05P,NO PARKING-STREET CLEANING,65.0,0.0,0.0,0.0,65.0,0.0,050,Bronx,DEPARTMENT OF SANITATION,UNKNOWN,
LNS3552,NY,PAS,4939205472,2025-03-06,01:37P,PHTO SCHOOL ZN SPEED VIOLATION,50.0,0.0,0.0,0.0,50.0,0.0,000,Brooklyn,DEPARTMENT OF TRANSPORTATION,UNKNOWN,
KHM8484,NY,PAS,4939205319,2025-03-06,01:36P,PHTO SCHOOL ZN SPEED VIOLATION,50.0,0.0,0.0,0.0,50.0,0.0,000,Bronx,DEPARTMENT OF TRANSPORTATION,UNKNOWN,
S26VXZ,NJ,PAS,5707328646,2025-11-04,04:33P,MTA CAMERA VIOLATION - DOUBLE PARKING,50.0,0.0,0.0,0.0,50.0,0.0,000,UNKNOWN,TRANSIT AUTHORITY,UNKNOWN,
LLE2766,NY,PAS,4938013927,2025-02-23,01:46P,PHTO SCHOOL ZN SPEED VIOLATION,50.0,25.0,0.0,0.0,75.0,0.0,000,Staten Island,DEPARTMENT OF TRANSPORTATION,UNKNOWN,
KGW4480,NY,PAS,4049629495,2025-11-18,02:45P,BUS LANE VIOLATION,50.0,0.0,0.0,0.0,50.0,0.0,000,Queens,DEPARTMENT OF TRANSPORTATION,UNKNOWN,
KPY5434,NY,PAS,5701183385,2024-11-13,08:12P,NO STANDING-OFF-STREET LOT,50.0,0.0,0.0,0.0,50.0,0.0,000,Brooklyn,TRANSIT AUTHORITY,UNKNOWN,
EVA6400,NY,PAS,4966011486,2025-09-24,02:57P,PHTO SCHOOL ZN SPEED VIOLATION,50.0,0.0,0.0,0.0,50.0,0.0,000,Queens,DEPARTMENT OF TRANSPORTATION,UNKNOWN,
LZD9651,PA,PAS,4933165233,2025-01-09,04:20A,PHTO SCHOOL ZN SPEED VIOLATION,50.0,25.0,2.16,0.0,77.16,0.0,000,Queens,DEPARTMENT OF TRANSPORTATION,UNKNOWN,2025-04-03
KYC1379,NY,PAS,4941180227,2025-03-23,12:41A,PHTO SCHOOL ZN SPEED VIOLATION,50.0,0.0,0.0,0.0,50.0,0.0,000,Queens,DEPARTMENT OF TRANSPORTATION,UNKNOWN,
JGN3389,NY,PAS,4939783250,2025-03-11,01:03P,PHTO SCHOOL ZN SPEED VIOLATION,50.0,25.0,0.0,0.0,75.0,0.0,000,Bronx,DEPARTMENT OF TRANSPORTATION,UNKNOWN,
HNP3323,NY,PAS,9194107166,2025-03-27,08:50A,NO PARKING-STREET CLEANING,65.0,0.0,0.0,0.0,65.0,0.0,026,Manhattan,TRAFFIC,UNKNOWN,
LVT8591,NY,PAS,4966011498,2025-09-24,02:57P,PHTO SCHOOL ZN SPEED VIOLATION,50.0,0.0,0.0,0.0,50.0,0.0,000,Queens,DEPARTMENT OF TRANSPORTATION,UNKNOWN,
6EZ8245,MD,PAS,4784472848,2022-06-24,12:43P,PHTO SCHOOL ZN SPEED VIOLATION,50.0,25.0,17.46,0.09,92.37,0.0,000,Queens,DEPARTMENT OF TRANSPORTATION,UNKNOWN,2022-09-15
HXU6220,NY,PAS,4939783480,2025-03-11,01:10P,PHTO SCHOOL ZN SPEED VIOLATION,50.0,0.0,0.0,0.0,50.0,0.0,000,Queens,DEPARTMENT OF TRANSPORTATION,UNKNOWN,
JKV1603,NY,PAS,4939205678,2025-03-06,01:39P,PHTO SCHOOL ZN SPEED VIOLATION,50.0,0.0,0.0,0.0,50.0,0.0,000,Brooklyn,DEPARTMENT OF TRANSPORTATION,UNKNOWN,
JHT9235,NY,PAS,4939783625,2025-03-11,01:11P,PHTO SCHOOL ZN SPEED VIOLATION,50.0,0.0,0.0,0.0,50.0,0.0,000,Bronx,DEPARTMENT OF TRANSPORTATION,UNKNOWN,
PBAREP,NY,SRF,4939205708,2025-03-06,01:40P,PHTO SCHOOL ZN SPEED VIOLATION,50.0,0.0,0.0,0.0,50.0,0.0,000,Bronx,DEPARTMENT OF TRANSPORTATION,UNKNOWN,
JPK4881,NY,PAS,4965450590,2025-09-19,07:38P,PHTO SCHOOL ZN SPEED VIOLATION,50.0,0.0,0.0,0.0,50.0,0.0,000,Queens,DEPARTMENT OF TRANSPORTATION,UNKNOWN,
W800FV,NY,PAS,4939205897,2025-03-06,01:41P,PHTO SCHOOL ZN SPEED VIOLATION,50.0,0.0,0.0,0.0,50.0,0.0,000,Staten Island,DEPARTMENT OF TRANSPORTATION,UNKNOWN,
KYF9323,NY,PAS,2026971470,2025-10-21,08:36A,NO PARKING-STREET CLEANING,65.0,0.0,0.0,0.0,65.0,0.0,088,Brooklyn,DEPARTMENT OF SANITATION,UNKNOWN,
EGN3327,NY,PAS,4965450656,2025-09-19,07:42P,PHTO SCHOOL ZN SPEED VIOLATION,50.0,0.0,0.0,0.0,50.0,0.0,000,Queens,DEPARTMENT OF TRANSPORTATION,UNKNOWN,
BT31592,CT,PAS,2026996507,2025-10-06,09:49A,NO PARKING-STREET CLEANING,65.0,0.0,0.0,0.0,65.0,0.0,032,Manhattan,DEPARTMENT OF SANITATION,UNKNOWN,
LJX3892,NY,PAS,9196197778,2025-04-15,04:52P,INSP. STICKER-EXPIRED/MISSING,65.0,0.0,0.0,0.0,65.0,0.0,034,Manhattan,TRAFFIC,UNKNOWN,
HHJ8549,NY,PAS,4966011553,2025-09-24,02:58P,PHTO SCHOOL ZN SPEED VIOLATION,50.0,0.0,0.0,0.0,50.0,0.0,000,Brooklyn,DEPARTMENT OF TRANSPORTATION,UNKNOWN,
LPZ6030,NY,PAS,4941180562,2025-03-23,12:55A,PHTO SCHOOL ZN SPEED VIOLATION,50.0,0.0,0.0,0.0,50.0,0.0,000,Bronx,DEPARTMENT OF TRANSPORTATION,UNKNOWN,
LHV5467,NY,PAS,9194107282,2025-03-27,09:15A,NO PARKING-STREET CLEANING,65.0,0.0,0.0,0.0,65.0,0.0,026,Manhattan,TRAFFIC,UNKNOWN,
KTC6687,NY,PAS,4784768208,2022-06-15,06:39P,PHTO SCHOOL ZN SPEED VIOLATION,50.0,25.0,17.37,0.04,92.33,0.0,000,Brooklyn,DEPARTMENT OF TRANSPORTATION,UNKNOWN,2022-09-22
GVG8281,NY,PAS,4784780270,2022-06-22,03:13P,PHTO SCHOOL ZN SPEED VIOLATION,50.0,25.0,17.33,0.13,92.2,0.0,000,Bronx,DEPARTMENT OF TRANSPORTATION,UNKNOWN,2022-09-22
MDL7467,PA,PAS,9049184765,2023-05-07,06:55A,NO PARKING-DAY/TIME LIMITS,60.0,60.0,16.71,0.01,136.7,0.0,040,Bronx,TRAFFIC,UNKNOWN,2023-08-24
HXD6091,NY,PAS,9049196330,2023-05-01,12:07P,NO PARKING-STREET CLEANING,65.0,60.0,17.63,0.28,142.35,0.0,043,Bronx,TRAFFIC,UNKNOWN,2023-08-17
JPR5023,NY,PAS,9194108560,2025-04-03,08:08A,NO PARKING-STREET CLEANING,65.0,0.0,0.0,0.0,65.0,0.0,025,Manhattan,TRAFFIC,UNKNOWN,
32130ND,NY,COM,4939205710,2025-03-06,01:40P,PHTO SCHOOL ZN SPEED VIOLATION,50.0,0.0,0.0,0.0,50.0,0.0,000,Manhattan,DEPARTMENT OF TRANSPORTATION,UNKNOWN,
83581MK,NY,COM,4966011590,2025-09-24,02:58P,PHTO SCHOOL ZN SPEED VIOLATION,50.0,0.0,0.0,0.0,50.0,0.0,000,Brooklyn,DEPARTMENT OF TRANSPORTATION,UNKNOWN,
42449ND,NY,COM,4966011530,2025-09-24,02:57P,PHTO SCHOOL ZN SPEED VIOLATION,50.0,0.0,0.0,0.0,50.0,0.0,000,Queens,DEPARTMENT OF TRANSPORTATION,UNKNOWN,
P65URT,NJ,PAS,4049629574,2025-11-18,04:57P,BUS LANE VIOLATION,50.0,0.0,0.0,0.0,50.0,0.0,000,Manhattan,DEPARTMENT OF TRANSPORTATION,UNKNOWN,
MRH2281,PA,PAS,4939784526,2025-03-11,01:44P,PHTO SCHOOL ZN SPEED VIOLATION,50.0,0.0,0.0,0.0,50.0,0.0,000,Brooklyn,DEPARTMENT OF TRANSPORTATION,UNKNOWN,
T750504C,NY,OMT,5701184006,2024-11-13,10:30P,NO STANDING-OFF-STREET LOT,50.0,0.0,0.0,0.0,50.0,0.0,000,UNKNOWN,TRANSIT AUTHORITY,UNKNOWN,
LPF3880,NY,PAS,5701183993,2024-11-13,10:26P,NO STANDING-OFF-STREET LOT,50.0,0.0,0.0,0.0,50.0,0.0,000,Queens,TRANSIT AUTHORITY,UNKNOWN,
JBX2356,NY,PAS,5701184407,2024-11-14,08:04A,NO STANDING-OFF-STREET LOT,50.0,0.0,0.0,0.0,50.0,0.0,000,UNKNOWN,TRANSIT AUTHORITY,UNKNOWN,
T106164C,NY,OMT,5701184432,2024-11-14,08:06A,NO STANDING-OFF-STREET LOT,50.0,0.0,0.0,0.0,50.0,0.0,000,UNKNOWN,TRANSIT AUTHORITY,UNKNOWN,
JBS9841,NY,PAS,4966011681,2025-09-24,02:59P,PHTO SCHOOL ZN SPEED VIOLATION,50.0,0.0,0.0,0.0,50.0,0.0,000,Queens,DEPARTMENT OF TRANSPORTATION,UNKNOWN,
BKE8607,NY,PAS,4928719074,2024-12-06,02:39P,PHTO SCHOOL ZN SPEED VIOLATION,50.0,25.0,2.51,27.51,50.0,0.0,000,Queens,DEPARTMENT OF TRANSPORTATION,ADMIN REDUCTION,2025-02-27
LUR8703,NY,PAS,4966011693,2025-09-24,02:59P,PHTO SCHOOL ZN SPEED VIOLATION,50.0,0.0,0.0,0.0,50.0,0.0,000,Queens,DEPARTMENT OF TRANSPORTATION,UNKNOWN,
LST0521,PA,PAS,4926472958,2024-11-17,02:37P,PHTO SCHOOL ZN SPEED VIOLATION,50.0,25.0,2.55,0.0,77.55,0.0,000,Queens,DEPARTMENT OF TRANSPORTATION,UNKNOWN,2025-02-06
LPU2618,NY,PAS,4926473008,2024-11-17,02:53P,PHTO SCHOOL ZN SPEED VIOLATION,50.0,25.0,2.57,0.06,77.51,0.0,000,Bronx,DEPARTMENT OF TRANSPORTATION,UNKNOWN,2025-02-06
LGW8438,NY,PAS,4932524341,2025-01-01,09:36A,PHTO SCHOOL ZN SPEED VIOLATION,50.0,25.0,1.41,0.07,76.34,0.0,000,Queens,DEPARTMENT OF TRANSPORTATION,UNKNOWN,2025-03-27
DTH1323,NY,PAS,9196198655,2025-04-18,03:21P,NO PARKING-DAY/TIME LIMITS,60.0,0.0,0.0,0.0,60.0,0.0,028,Manhattan,TRAFFIC,UNKNOWN,
LJN1597,NY,PAS,4933815008,2025-01-14,07:34P,PHTO SCHOOL ZN SPEED VIOLATION,50.0,25.0,1.3,0.09,76.21,0.0,000,Staten Island,DEPARTMENT OF TRANSPORTATION,UNKNOWN,2025-04-03
LSU9115,NY,PAS,4941180719,2025-03-21,05:42P,PHTO SCHOOL ZN SPEED VIOLATION,50.0,0.0,0.0,0.0,50.0,0.0,000,Queens,DEPARTMENT OF TRANSPORTATION,UNKNOWN,
LJV4324,NY,PAS,4941180847,2025-03-22,09:10A,PHTO SCHOOL ZN SPEED VIOLATION,50.0,0.0,0.0,0.0,50.0,0.0,000,Queens,DEPARTMENT OF TRANSPORTATION,UNKNOWN,
JER3281,NY,PAS,4939784435,2025-03-11,01:37P,PHTO SCHOOL ZN SPEED VIOLATION,50.0,0.0,0.0,0.0,50.0,0.0,000,Bronx,DEPARTMENT OF TRANSPORTATION,UNKNOWN,
LHB2193,NY,PAS,4939784642,2025-03-11,01:50P,PHTO SCHOOL ZN SPEED VIOLATION,50.0,0.0,0.0,0.0,50.0,0.0,000,Bronx,DEPARTMENT OF TRANSPORTATION,UNKNOWN,
LLU5535,NY,PAS,2023684201,2025-04-15,12:13P,NO PARKING-STREET CLEANING,65.0,0.0,0.0,0.0,65.0,0.0,050,Bronx,DEPARTMENT OF SANITATION,UNKNOWN,
FGD9907,NY,PAS,2023686076,2025-04-15,09:40A,NO PARKING-STREET CLEANING,65.0,0.0,0.0,0.0,65.0,0.0,084,Brooklyn,DEPARTMENT OF SANITATION,UNKNOWN,
484BM8,NY,MOT,8926876366,2024-07-11,01:36P,FAIL TO DSPLY MUNI METER RECPT,65.0,0.0,0.0,0.0,65.0,0.0,018,Manhattan,TRAFFIC,UNKNOWN,
XLGH22,NJ,PAS,4939206579,2025-03-06,01:47P,PHTO SCHOOL ZN SPEED VIOLATION,50.0,0.0,0.0,0.0,50.0,0.0,000,Queens,DEPARTMENT OF TRANSPORTATION,UNKNOWN,
KWL3707,NY,PAS,5701184985,2024-11-14,09:18A,NO STANDING-OFF-STREET LOT,50.0,0.0,0.0,0.0,50.0,0.0,000,UNKNOWN,TRANSIT AUTHORITY,UNKNOWN,
825DDD,NY,SPO,5701184870,2024-11-14,09:08A,NO STANDING-OFF-STREET LOT,50.0,0.0,0.0,0.0,50.0,0.0,000,UNKNOWN,TRANSIT AUTHORITY,HEARING HELD-GUILTY,
JLT4184,NY,PAS,4965844075,2025-09-23,05:56P,PHTO SCHOOL ZN SPEED VIOLATION,50.0,25.0,0.0,25.0,50.0,0.0,000,Queens,DEPARTMENT OF TRANSPORTATION,UNKNOWN,
LPZ5980,NY,PAS,4965450826,2025-09-19,07:55P,PHTO SCHOOL ZN SPEED VIOLATION,50.0,0.0,0.0,0.0,50.0,0.0,000,Bronx,DEPARTMENT OF TRANSPORTATION,UNKNOWN,
LWB4074,NY,OMS,4966011711,2025-09-24,03:00P,PHTO SCHOOL ZN SPEED VIOLATION,50.0,0.0,0.0,0.0,50.0,0.0,000,Bronx,DEPARTMENT OF TRANSPORTATION,UNKNOWN,
LUM1284,NY,PAS,4966011723,2025-09-24,03:00P,PHTO SCHOOL ZN SPEED VIOLATION,50.0,0.0,0.0,0.0,50.0,0.0,000,Bronx,DEPARTMENT OF TRANSPORTATION,UNKNOWN,
BR37289,CT,PAS,4939784915,2025-03-11,12:01A,PHTO SCHOOL ZN SPEED VIOLATION,50.0,0.0,0.0,0.0,50.0,0.0,000,Queens,DEPARTMENT OF TRANSPORTATION,UNKNOWN,
S95VKL,NJ,PAS,2023691035,2025-04-11,08:50A,NO PARKING-STREET CLEANING,65.0,0.0,0.0,0.0,65.0,0.0,077,Brooklyn,DEPARTMENT OF SANITATION,UNKNOWN,
3ZEC93,MA,PAS,9179901475,2025-01-16,11:56A,FAIL TO DSPLY MUNI METER RECPT,35.0,0.0,0.0,0.0,35.0,0.0,112,Queens,TRAFFIC,UNKNOWN,
HNK8365,NY,PAS,2023692258,2025-04-15,09:51A,NO PARKING-STREET CLEANING,65.0,0.0,0.0,0.0,65.0,0.0,068,Brooklyn,DEPARTMENT OF SANITATION,UNKNOWN,
FLM1695,NY,PAS,4939206506,2025-03-06,01:46P,PHTO SCHOOL ZN SPEED VIOLATION,50.0,0.0,0.0,0.0,50.0,0.0,000,Brooklyn,DEPARTMENT OF TRANSPORTATION,UNKNOWN,
KYJ5095,NY,PAS,4939206490,2025-03-06,01:46P,PHTO SCHOOL ZN SPEED VIOLATION,50.0,0.0,0.0,0.0,50.0,0.0,000,Queens,DEPARTMENT OF TRANSPORTATION,UNKNOWN,
95245NC,NY,COM,8927240728,2024-07-10,07:29A,FAIL TO DISP. MUNI METER RECPT,65.0,0.0,0.0,15.0,50.0,0.0,018,Manhattan,TRAFFIC,HEARING HELD-GUILTY REDUCTION,
T664017C,NY,OMT,5701185011,2024-11-14,09:21A,NO STANDING-OFF-STREET LOT,50.0,0.0,0.0,0.0,50.0,0.0,000,UNKNOWN,TRANSIT AUTHORITY,UNKNOWN,
29098ML,NY,COM,8927240960,2024-07-11,12:51P,NO STANDING-DAY/TIME LIMITS,115.0,0.0,0.0,25.0,90.0,0.0,018,Manhattan,TRAFFIC,HEARING HELD-GUILTY REDUCTION,
KMC4968,NY,PAS,5701185163,2024-11-14,09:33A,NO STANDING-OFF-STREET LOT,50.0,0.0,0.0,0.0,50.0,0.0,000,UNKNOWN,TRANSIT AUTHORITY,UNKNOWN,
GAL6452,NY,PAS,5701185096,2024-11-14,09:25A,NO STANDING-OFF-STREET LOT,50.0,0.0,0.0,0.0,50.0,0.0,000,UNKNOWN,TRANSIT AUTHORITY,UNKNOWN,
LJK8700,NY,PAS,4938016229,2025-02-23,02:23P,PHTO SCHOOL ZN SPEED VIOLATION,50.0,25.0,0.0,0.0,75.0,0.0,000,Bronx,DEPARTMENT OF TRANSPORTATION,UNKNOWN,
LFH5572,PA,PAS,4939206968,2025-03-06,01:52P,PHTO SCHOOL ZN SPEED VIOLATION,50.0,25.0,0.0,0.0,75.0,0.0,000,Bronx,DEPARTMENT OF TRANSPORTATION,UNKNOWN,
LLP2519,NY,PAS,4939785154,2025-03-11,10:11A,PHTO SCHOOL ZN SPEED VIOLATION,50.0,0.0,0.0,0.0,50.0,0.0,000,Queens,DEPARTMENT OF TRANSPORTATION,UNKNOWN,
GSY7076,NY,PAS,4939785257,2025-03-11,11:20A,PHTO SCHOOL ZN SPEED VIOLATION,50.0,0.0,0.0,0.0,50.0,0.0,000,Queens,DEPARTMENT OF TRANSPORTATION,UNKNOWN,
KTN1811,NY,PAS,4939785282,2025-03-11,11:29A,PHTO SCHOOL ZN SPEED VIOLATION,50.0,0.0,0.0,0.0,50.0,0.0,000,Brooklyn,DEPARTMENT OF TRANSPORTATION,UNKNOWN,
DZU7106,NY,PAS,2023712567,2025-04-11,03:18A,NO PARKING-STREET CLEANING,65.0,0.0,0.0,0.0,65.0,0.0,078,Brooklyn,DEPARTMENT OF SANITATION,UNKNOWN,
HCJ1978,NY,PAS,2023712579,2025-04-11,03:22A,NO PARKING-STREET CLEANING,65.0,0.0,0.0,0.0,65.0,0.0,078,Brooklyn,DEPARTMENT OF SANITATION,UNKNOWN,
N87UVY,NJ,PAS,4939207298,2025-03-06,01:56P,PHTO SCHOOL ZN SPEED VIOLATION,50.0,0.0,0.0,0.0,50.0,0.0,000,Queens,DEPARTMENT OF TRANSPORTATION,UNKNOWN,
HTW1649,NY,PAS,4931800518,2024-12-29,12:36P,PHTO SCHOOL ZN SPEED VIOLATION,50.0,0.0,0.0,0.0,50.0,0.0,000,Staten Island,DEPARTMENT OF TRANSPORTATION,UNKNOWN,
LSY9956,NY,PAS,4939206932,2025-03-06,01:52P,PHTO SCHOOL ZN SPEED VIOLATION,50.0,0.0,0.0,0.0,50.0,0.0,000,Staten Island,DEPARTMENT OF TRANSPORTATION,UNKNOWN,
KYJ5095,NY,PAS,4939207031,2025-03-06,01:53P,PHTO SCHOOL ZN SPEED VIOLATION,50.0,0.0,0.0,0.0,50.0,0.0,000,Queens,DEPARTMENT OF TRANSPORTATION,UNKNOWN,
FLX5509,NY,PAS,4939207596,2025-03-06,01:58P,PHTO SCHOOL ZN SPEED VIOLATION,50.0,0.0,0.0,0.0,50.0,0.0,000,Queens,DEPARTMENT OF TRANSPORTATION,UNKNOWN,
T800426C,NY,OMT,5701185760,2024-11-14,10:26A,NO STANDING-OFF-STREET LOT,50.0,0.0,0.0,0.0,50.0,0.0,000,Manhattan,TRANSIT AUTHORITY,UNKNOWN,
LNJ7726,NY,PAS,5701185590,2024-11-14,10:18A,NO STANDING-OFF-STREET LOT,50.0,0.0,0.0,0.0,50.0,0.0,000,UNKNOWN,TRANSIT AUTHORITY,UNKNOWN,
KDP6394,NY,PAS,5701185539,2024-11-14,10:10A,NO STANDING-OFF-STREET LOT,50.0,0.0,0.0,0.0,50.0,0.0,000,UNKNOWN,TRANSIT AUTHORITY,UNKNOWN,
1EY8008,MD,PAS,8888693233,2022-07-09,UNKNOWN,UNKNOWN,59.94399185336049,4.760692464358452,1.0263034623217924,1.8407230142566193,63.7833401221996,0.10692464358452139,,UNKNOWN,UNKNOWN,UNKNOWN,
LAC2284,NY,PAS,4938016722,2025-02-23,02:32P,PHTO SCHOOL ZN SPEED VIOLATION,50.0,25.0,0.0,0.0,75.0,0.0,000,Bronx,DEPARTMENT OF TRANSPORTATION,UNKNOWN,
LVT4516,NY,PAS,4049629616,2025-11-18,07:25P,BUS LANE VIOLATION,50.0,0.0,0.0,0.0,50.0,0.0,000,Manhattan,DEPARTMENT OF TRANSPORTATION,UNKNOWN,
LJW6656,NY,PAS,4966011863,2025-09-24,03:03P,PHTO SCHOOL ZN SPEED VIOLATION,50.0,0.0,0.0,0.0,50.0,0.0,000,Brooklyn,DEPARTMENT OF TRANSPORTATION,UNKNOWN,
HND1103,NY,PAS,4965844221,2025-09-23,05:59P,PHTO SCHOOL ZN SPEED VIOLATION,50.0,25.0,0.0,25.0,50.0,0.0,000,Queens,DEPARTMENT OF TRANSPORTATION,UNKNOWN,
LSE8809,NY,PAS,4939785634,2025-03-11,01:00P,PHTO SCHOOL ZN SPEED VIOLATION,50.0,0.0,0.0,0.0,50.0,0.0,000,Queens,DEPARTMENT OF TRANSPORTATION,UNKNOWN,
GYW7393,NY,PAS,4939207365,2025-03-06,01:56P,PHTO SCHOOL ZN SPEED VIOLATION,50.0,0.0,0.0,0.0,50.0,0.0,000,Bronx,DEPARTMENT OF TRANSPORTATION,UNKNOWN,
GCN7043,NY,PAS,4931802242,2024-12-29,11:54A,PHTO SCHOOL ZN SPEED VIOLATION,50.0,0.0,0.0,0.0,50.0,0.0,000,Bronx,DEPARTMENT OF TRANSPORTATION,UNKNOWN,
JBT6542,NY,PAS,4939207584,2025-03-06,01:58P,PHTO SCHOOL ZN SPEED VIOLATION,50.0,0.0,0.0,0.0,50.0,0.0,000,Brooklyn,DEPARTMENT OF TRANSPORTATION,UNKNOWN,
ZKN4031,NY,PAS,2023712592,2025-04-11,08:16A,NO PARKING-STREET CLEANING,65.0,0.0,0.0,0.0,65.0,0.0,076,Brooklyn,DEPARTMENT OF SANITATION,UNKNOWN,
RJS3626,NC,PAS,2023734770,2025-04-15,10:27A,NO PARKING-STREET CLEANING,65.0,0.0,0.0,0.0,65.0,0.0,045,Bronx,DEPARTMENT OF SANITATION,UNKNOWN,
J45902T,NJ,PAS,8888694651,2022-07-14,UNKNOWN,UNKNOWN,59.94399185336049,4.760692464358452,1.0263034623217924,1.8407230142566193,63.7833401221996,0.10692464358452139,,UNKNOWN,UNKNOWN,UNKNOWN,
Z50LZV,NJ,PAS,8858313793,2021-07-14,02:46A,FIRE HYDRANT,115.0,60.0,18.129699999999982,0.09,201.25599999999994,0.0,075,Brooklyn,TRAFFIC,UNKNOWN,2022-07-28
LRX9712,NY,PAS,5701185941,2024-11-14,10:38A,NO STANDING-OFF-STREET LOT,50.0,0.0,0.0,0.0,50.0,0.0,000,UNKNOWN,TRANSIT AUTHORITY,UNKNOWN,
HFJ5221,NY,PAS,5701185849,2024-11-14,10:31A,NO STANDING-OFF-STREET LOT,50.0,0.0,0.0,0.0,50.0,0.0,000,UNKNOWN,TRANSIT AUTHORITY,HEARING HELD-GUILTY,
KMK2230,NY,PAS,5701186090,2024-11-14,10:51A,NO STANDING-OFF-STREET LOT,50.0,0.0,0.0,0.0,50.0,0.0,000,UNKNOWN,TRANSIT AUTHORITY,UNKNOWN,
LWM8927,NY,PAS,4965844725,2025-09-23,06:14P,PHTO SCHOOL ZN SPEED VIOLATION,50.0,0.0,0.0,50.0,0.0,0.0,000,Bronx,DEPARTMENT OF TRANSPORTATION,UNKNOWN,
KFT2030,NY,PAS,4965844567,2025-09-23,06:09P,PHTO SCHOOL ZN SPEED VIOLATION,50.0,25.0,0.0,25.0,50.0,0.0,000,Bronx,DEPARTMENT OF TRANSPORTATION,UNKNOWN,
GDU9111,NY,PAS,4965451065,2025-09-19,08:08P,PHTO SCHOOL ZN SPEED VIOLATION,50.0,0.0,0.0,0.0,50.0,0.0,000,Brooklyn,DEPARTMENT OF TRANSPORTATION,UNKNOWN,
KSC1023,NY,PAS,9196198801,2025-04-18,04:11P,FIRE HYDRANT,115.0,0.0,0.0,0.0,115.0,0.0,028,Manhattan,TRAFFIC,UNKNOWN,
KYR6751,NY,PAS,9194108596,2025-04-03,08:12A,NO PARKING-STREET CLEANING,65.0,0.0,0.0,0.0,65.0,0.0,025,Manhattan,TRAFFIC,UNKNOWN,
R88PUM,NJ,PAS,9194108791,2025-04-03,09:54A,NO STANDING-DAY/TIME LIMITS,115.0,0.0,0.0,0.0,115.0,0.0,023,Manhattan,TRAFFIC,UNKNOWN,
79727NC,NY,COM,4939786160,2025-03-11,01:32P,PHTO SCHOOL ZN SPEED VIOLATION,50.0,0.0,0.0,0.0,50.0,0.0,000,Bronx,DEPARTMENT OF TRANSPORTATION,UNKNOWN,
KYK5653,NY,PAS,4939786274,2025-03-11,01:35P,PHTO SCHOOL ZN SPEED VIOLATION,50.0,0.0,0.0,0.0,50.0,0.0,000,Brooklyn,DEPARTMENT OF TRANSPORTATION,UNKNOWN,
LTE1042,NY,PAS,2023741695,2025-04-10,07:52A,NO PARKING-STREET CLEANING,65.0,0.0,0.0,0.0,65.0,0.0,071,Brooklyn,DEPARTMENT OF SANITATION,UNKNOWN,
TJH2288,VA,PAS,5701186179,2024-11-14,11:01A,NO STANDING-OFF-STREET LOT,50.0,0.0,0.0,0.0,50.0,0.0,000,UNKNOWN,TRANSIT AUTHORITY,UNKNOWN,
FAZ7711,NY,PAS,5701186234,2024-11-14,11:10A,NO STANDING-OFF-STREET LOT,50.0,0.0,0.0,0.0,50.0,0.0,000,UNKNOWN,TRANSIT AUTHORITY,UNKNOWN,
45912MD,NY,COM,5701186295,2024-11-14,11:24A,NO STANDING-OFF-STREET LOT,50.0,0.0,0.0,0.0,50.0,0.0,000,UNKNOWN,TRANSIT AUTHORITY,UNKNOWN,
JHF4655,NY,PAS,5707328981,2025-11-04,04:48P,MTA CAMERA VIOLATION - DOUBLE PARKING,150.0,0.0,0.0,0.0,201.25599999999994,0.0,000,Manhattan,TRANSIT AUTHORITY,UNKNOWN,
KKY8747,NY,PAS,4966012030,2025-09-24,03:06P,PHTO SCHOOL ZN SPEED VIOLATION,50.0,0.0,0.0,0.0,50.0,0.0,000,Brooklyn,DEPARTMENT OF TRANSPORTATION,UNKNOWN,
51345NE,NY,COM,4966012041,2025-09-24,03:06P,PHTO SCHOOL ZN SPEED VIOLATION,50.0,0.0,0.0,0.0,50.0,0.0,000,Brooklyn,DEPARTMENT OF TRANSPORTATION,HEARING HELD-GUILTY REDUCTION,
JFW7655,NY,PAS,9196198825,2025-04-18,05:23P,NO PARKING-DAY/TIME LIMITS,60.0,0.0,0.0,0.0,60.0,0.0,028,Manhattan,TRAFFIC,UNKNOWN,
KNU9633,NY,PAS,4965844944,2025-09-23,06:22P,PHTO SCHOOL ZN SPEED VIOLATION,50.0,25.0,0.0,0.0,75.0,0.0,000,Queens,DEPARTMENT OF TRANSPORTATION,UNKNOWN,
JKW5916,NY,PAS,4941182303,2025-03-23,12:54A,PHTO SCHOOL ZN SPEED VIOLATION,50.0,0.0,0.0,0.0,50.0,0.0,000,Queens,DEPARTMENT OF TRANSPORTATION,UNKNOWN,
KGS5621,NY,PAS,9194108961,2025-04-04,08:06A,NO PARKING-STREET CLEANING,65.0,0.0,0.0,0.0,65.0,0.0,019,Manhattan,TRAFFIC,UNKNOWN,
LKB4070,NY,PAS,9194109060,2025-04-04,09:21A,NO PARKING-STREET CLEANING,65.0,0.0,0.0,0.0,65.0,0.0,019,Manhattan,TRAFFIC,UNKNOWN,
N25SFH,NJ,PAS,4939786626,2025-03-11,01:52P,PHTO SCHOOL ZN SPEED VIOLATION,50.0,0.0,0.0,0.0,50.0,0.0,000,Brooklyn,DEPARTMENT OF TRANSPORTATION,UNKNOWN,
FMT7377,NY,PAS,4939786535,2025-03-11,01:47P,PHTO SCHOOL ZN SPEED VIOLATION,50.0,0.0,0.0,0.0,50.0,0.0,000,Queens,DEPARTMENT OF TRANSPORTATION,UNKNOWN,
EDB9160,NY,PAS,4939208102,2025-03-06,02:05P,PHTO SCHOOL ZN SPEED VIOLATION,50.0,0.0,0.0,0.0,50.0,0.0,000,Queens,DEPARTMENT OF TRANSPORTATION,UNKNOWN,
T123429C,NY,OMT,4939786511,2025-03-11,01:47P,PHTO SCHOOL ZN SPEED VIOLATION,50.0,0.0,0.0,0.0,50.0,0.0,000,Manhattan,DEPARTMENT OF TRANSPORTATION,UNKNOWN,
AU87545,CT,PAS,4939786810,2025-03-11,01:56P,PHTO SCHOOL ZN SPEED VIOLATION,50.0,0.0,0.0,0.0,50.0,0.0,000,Bronx,DEPARTMENT OF TRANSPORTATION,HEARING HELD-GUILTY,
KLT7871,NY,PAS,2023741713,2025-04-10,07:54A,NO PARKING-STREET CLEANING,65.0,0.0,0.0,0.0,65.0,0.0,071,Brooklyn,DEPARTMENT OF SANITATION,UNKNOWN,
LNB3483,NY,PAS,2023746346,2025-04-07,11:50A,NO PARKING-STREET CLEANING,65.0,0.0,0.0,0.0,65.0,0.0,050,Bronx,DEPARTMENT OF SANITATION,UNKNOWN,
LBJ7608,NY,PAS,2023746541,2025-04-08,11:48A,NO PARKING-STREET CLEANING,65.0,0.0,0.0,0.0,65.0,0.0,050,Bronx,DEPARTMENT OF SANITATION,UNKNOWN,
KUP4205,NY,PAS,5707329018,2025-11-04,04:49P,MTA CAMERA VIOLATION - DOUBLE PARKING,150.0,0.0,0.0,0.0,201.25599999999994,0.0,000,Manhattan,TRANSIT AUTHORITY,UNKNOWN,
EUL7240,NY,PAS,4939208540,2025-03-06,02:10P,PHTO SCHOOL ZN SPEED VIOLATION,50.0,0.0,0.0,0.0,50.0,0.0,000,Queens,DEPARTMENT OF TRANSPORTATION,UNKNOWN,
JMC8790,NY,PAS,4965845043,2025-09-23,06:26P,PHTO SCHOOL ZN SPEED VIOLATION,50.0,25.0,0.0,0.0,75.0,0.0,000,Queens,DEPARTMENT OF TRANSPORTATION,UNKNOWN,
LSJ5688,NY,PAS,4965451399,2025-09-19,08:29P,PHTO SCHOOL ZN SPEED VIOLATION,50.0,0.0,0.0,0.0,50.0,0.0,000,Queens,DEPARTMENT OF TRANSPORTATION,UNKNOWN,
EUL7240,NY,PAS,4939208760,2025-03-06,02:12P,PHTO SCHOOL ZN SPEED VIOLATION,50.0,0.0,0.0,0.0,50.0,0.0,000,Queens,DEPARTMENT OF TRANSPORTATION,UNKNOWN,
LZH7922,NY,PAS,4966012090,2025-09-24,03:06P,PHTO SCHOOL ZN SPEED VIOLATION,50.0,0.0,0.0,0.0,50.0,0.0,000,Queens,DEPARTMENT OF TRANSPORTATION,UNKNOWN,
JJK6461,NY,PAS,4926474281,2024-11-17,04:23P,PHTO SCHOOL ZN SPEED VIOLATION,50.0,25.0,2.33,0.03,77.3,0.0,000,Bronx,DEPARTMENT OF TRANSPORTATION,UNKNOWN,2025-02-06
KTB6123,NY,PAS,4932526908,2025-01-01,10:50A,PHTO SCHOOL ZN SPEED VIOLATION,50.0,25.0,1.34,0.26,76.08,0.0,000,Queens,DEPARTMENT OF TRANSPORTATION,UNKNOWN,2025-03-27
KXS5304,NY,PAS,4932526740,2025-01-01,10:45A,PHTO SCHOOL ZN SPEED VIOLATION,50.0,25.0,1.08,0.13,75.95,0.0,000,Bronx,DEPARTMENT OF TRANSPORTATION,UNKNOWN,2025-03-27
LRL8214,NY,PAS,9196199453,2025-04-22,01:49P,FIRE HYDRANT,115.0,0.0,0.0,0.0,115.0,0.0,025,Manhattan,TRAFFIC,UNKNOWN,
T112118C,NY,OMT,4049629628,2025-11-18,07:35P,BUS LANE VIOLATION,50.0,0.0,0.0,0.0,50.0,0.0,000,Bronx,DEPARTMENT OF TRANSPORTATION,UNKNOWN,
LHB1567,NY,PAS,2023747200,2025-04-11,09:53A,NO PARKING-STREET CLEANING,65.0,0.0,0.0,0.0,65.0,0.0,050,Bronx,DEPARTMENT OF SANITATION,UNKNOWN,
HYG5293,NY,PAS,5701186623,2024-11-14,11:58A,NO STANDING-OFF-STREET LOT,50.0,0.0,0.0,0.0,50.0,0.0,000,UNKNOWN,TRANSIT AUTHORITY,UNKNOWN,
HEG1507,NY,PAS,5701186532,2024-11-14,11:53A,NO STANDING-OFF-STREET LOT,50.0,0.0,0.0,0.0,50.0,0.0,000,UNKNOWN,TRANSIT AUTHORITY,UNKNOWN,
LGF6471,NY,PAS,2023748768,2025-04-11,10:00A,NO PARKING-STREET CLEANING,65.0,0.0,0.0,0.0,65.0,0.0,072,Brooklyn,DEPARTMENT OF SANITATION,UNKNOWN,
LLC7954,NY,PAS,4941182595,2025-03-23,01:03A,PHTO SCHOOL ZN SPEED VIOLATION,50.0,0.0,0.0,0.0,50.0,0.0,000,Queens,DEPARTMENT OF TRANSPORTATION,UNKNOWN,
J59SNN,NJ,PAS,4939208618,2025-03-06,02:11P,PHTO SCHOOL ZN SPEED VIOLATION,50.0,0.0,0.0,0.0,50.0,0.0,000,Manhattan,DEPARTMENT OF TRANSPORTATION,UNKNOWN,
JBN2121,NY,PAS,4939208722,2025-03-06,02:12P,PHTO SCHOOL ZN SPEED VIOLATION,50.0,0.0,0.0,0.0,50.0,0.0,000,Bronx,DEPARTMENT OF TRANSPORTATION,UNKNOWN,
KXB2061,NY,PAS,4939208990,2025-03-06,02:15P,PHTO SCHOOL ZN SPEED VIOLATION,50.0,0.0,0.0,0.0,50.0,0.0,000,Bronx,DEPARTMENT OF TRANSPORTATION,UNKNOWN,
LGV6429,NY,PAS,4939209234,2025-03-06,02:18P,PHTO SCHOOL ZN SPEED VIOLATION,50.0,0.0,0.0,0.0,50.0,0.0,000,Brooklyn,DEPARTMENT OF TRANSPORTATION,UNKNOWN,
AMH6879,NY,PAS,4966012107,2025-09-24,03:07P,PHTO SCHOOL ZN SPEED VIOLATION,50.0,0.0,0.0,0.0,50.0,0.0,000,Queens,DEPARTMENT OF TRANSPORTATION,UNKNOWN,
GFW8960,NY,PAS,4938019231,2025-02-23,03:19P,PHTO SCHOOL ZN SPEED VIOLATION,50.0,25.0,0.0,0.0,75.0,0.0,000,Queens,DEPARTMENT OF TRANSPORTATION,UNKNOWN,
LLL5112,NY,PAS,4941183095,2025-03-23,01:13A,PHTO SCHOOL ZN SPEED VIOLATION,50.0,0.0,0.0,0.0,50.0,0.0,000,Bronx,DEPARTMENT OF TRANSPORTATION,UNKNOWN,
Z303VF,FL,PAS,5701187100,2024-11-14,12:18P,NO STANDING-OFF-STREET LOT,50.0,0.0,0.0,0.0,50.0,0.0,000,Queens,TRANSIT AUTHORITY,UNKNOWN,
TER6108,VA,PAS,4941182881,2025-03-23,01:09A,PHTO SCHOOL ZN SPEED VIOLATION,50.0,0.0,0.0,0.0,50.0,0.0,000,Queens,DEPARTMENT OF TRANSPORTATION,UNKNOWN,
NORBEYR,NY,SRF,4966012144,2025-09-24,03:08P,PHTO SCHOOL ZN SPEED VIOLATION,50.0,0.0,0.0,0.0,50.0,0.0,000,Queens,DEPARTMENT OF TRANSPORTATION,UNKNOWN,
TONYBENZ,NY,SRF,4939787746,2025-03-11,02:13P,PHTO SCHOOL ZN SPEED VIOLATION,50.0,0.0,0.0,0.0,50.0,0.0,000,Queens,DEPARTMENT OF TRANSPORTATION,UNKNOWN,
ENJ7519,NY,PAS,4939787357,2025-03-11,02:06P,PHTO SCHOOL ZN SPEED VIOLATION,50.0,0.0,0.0,0.0,50.0,0.0,000,Queens,DEPARTMENT OF TRANSPORTATION,UNKNOWN,
D96VDX,NJ,PAS,2023748872,2025-04-12,12:36P,NO PARKING-STREET CLEANING,65.0,0.0,0.0,0.0,65.0,0.0,072,Brooklyn,DEPARTMENT OF SANITATION,UNKNOWN,
59AWJH,FL,PAS,2023749086,2025-04-15,10:08A,NO PARKING-STREET CLEANING,65.0,0.0,0.0,0.0,65.0,0.0,072,Brooklyn,DEPARTMENT OF SANITATION,UNKNOWN,
IMLW24,NJ,PAS,2023752292,2025-04-15,01:15A,NO PARKING-STREET CLEANING,65.0,0.0,0.0,0.0,65.0,0.0,084,Brooklyn,DEPARTMENT OF SANITATION,UNKNOWN,
T130107C,NY,OMT,4939209611,2025-03-06,02:23P,PHTO SCHOOL ZN SPEED VIOLATION,50.0,0.0,0.0,0.0,50.0,0.0,000,Queens,DEPARTMENT OF TRANSPORTATION,UNKNOWN,
KJR6456,NY,PAS,4966012211,2025-09-24,03:09P,PHTO SCHOOL ZN SPEED VIOLATION,50.0,0.0,0.0,0.0,50.0,0.0,000,Queens,DEPARTMENT OF TRANSPORTATION,UNKNOWN,
JED3268,NY,PAS,4966012223,2025-09-24,03:10P,PHTO SCHOOL ZN SPEED VIOLATION,50.0,0.0,0.0,0.0,50.0,0.0,000,Queens,DEPARTMENT OF TRANSPORTATION,UNKNOWN,
LER6494,NY,PAS,4966012200,2025-09-24,03:09P,PHTO SCHOOL ZN SPEED VIOLATION,50.0,0.0,0.0,0.0,50.0,0.0,000,Brooklyn,DEPARTMENT OF TRANSPORTATION,UNKNOWN,
KVN4905,NY,PAS,5701187664,2024-11-14,12:59P,NO STANDING-OFF-STREET LOT,50.0,0.0,0.0,0.0,50.0,0.0,000,Staten Island,TRANSIT AUTHORITY,UNKNOWN,
KPH3714,NY,PAS,5701187524,2024-11-14,12:47P,NO STANDING-OFF-STREET LOT,50.0,0.0,0.0,0.0,50.0,0.0,000,UNKNOWN,TRANSIT AUTHORITY,UNKNOWN,
LRC8134,NY,PAS,5701188164,2024-11-14,01:39P,NO STANDING-OFF-STREET LOT,50.0,0.0,0.0,0.0,50.0,0.0,000,UNKNOWN,TRANSIT AUTHORITY,UNKNOWN,
LNE1054,NY,PAS,9196201459,2025-04-22,05:26P,BIKE LANE,115.0,0.0,0.0,0.0,115.0,0.0,028,Manhattan,TRAFFIC,UNKNOWN,
KDN3369,NY,PAS,4939209428,2025-03-06,02:20P,PHTO SCHOOL ZN SPEED VIOLATION,50.0,25.0,0.0,25.0,50.0,0.0,000,Bronx,DEPARTMENT OF TRANSPORTATION,ADMIN REDUCTION,
T658904C,NY,OMT,4049629690,2025-11-19,08:21A,BUS LANE VIOLATION,50.0,0.0,0.0,0.0,50.0,0.0,000,Queens,DEPARTMENT OF TRANSPORTATION,UNKNOWN,
LAA4017,NY,PAS,4939787886,2025-03-11,02:17P,PHTO SCHOOL ZN SPEED VIOLATION,50.0,0.0,0.0,0.0,50.0,0.0,000,Bronx,DEPARTMENT OF TRANSPORTATION,UNKNOWN,
AR90950,CT,PAS,2023754276,2025-04-10,11:09A,NO PARKING-STREET CLEANING,65.0,0.0,0.0,0.0,65.0,0.0,079,Brooklyn,DEPARTMENT OF SANITATION,UNKNOWN,
KDV4571,NY,PAS,4939209430,2025-03-06,02:20P,PHTO SCHOOL ZN SPEED VIOLATION,50.0,0.0,0.0,0.0,50.0,0.0,000,Queens,DEPARTMENT OF TRANSPORTATION,UNKNOWN,
1XYF87,MA,PAS,4840121096,2023-05-08,01:31P,PHTO SCHOOL ZN SPEED VIOLATION,50.0,25.0,15.58,0.06,90.52,0.0,000,Brooklyn,DEPARTMENT OF TRANSPORTATION,UNKNOWN,2023-08-03
104AL,NY,ORG,4965451727,2025-09-19,08:56P,PHTO SCHOOL ZN SPEED VIOLATION,50.0,0.0,0.0,0.0,50.0,0.0,000,Queens,DEPARTMENT OF TRANSPORTATION,UNKNOWN,
XFD9777,VA,PAS,9194109187,2025-04-04,11:10A,NO PARKING-STREET CLEANING,65.0,0.0,0.0,0.0,65.0,0.0,019,Manhattan,TRAFFIC,UNKNOWN,
KPH3443,NY,PAS,4939788260,2025-03-11,02:23P,PHTO SCHOOL ZN SPEED VIOLATION,50.0,0.0,0.0,0.0,50.0,0.0,000,Brooklyn,DEPARTMENT OF TRANSPORTATION,UNKNOWN,
LVBULLYS,NY,SRF,4939788404,2025-03-11,02:26P,PHTO SCHOOL ZN SPEED VIOLATION,50.0,0.0,0.0,0.0,50.0,0.0,000,Queens,DEPARTMENT OF TRANSPORTATION,UNKNOWN,
KZX3969,NY,PAS,4939210078,2025-03-06,02:28P,PHTO SCHOOL ZN SPEED VIOLATION,50.0,0.0,0.0,0.0,50.0,0.0,000,Staten Island,DEPARTMENT OF TRANSPORTATION,UNKNOWN,
JRJ1495,NY,PAS,4939788350,2025-03-11,02:25P,PHTO SCHOOL ZN SPEED VIOLATION,50.0,0.0,0.0,0.0,50.0,0.0,000,Bronx,DEPARTMENT OF TRANSPORTATION,UNKNOWN,
KHL4543,NY,PAS,2023756066,2025-04-16,07:51A,NO PARKING-STREET CLEANING,65.0,0.0,0.0,0.0,65.0,0.0,049,Bronx,DEPARTMENT OF SANITATION,UNKNOWN,
AHY7267,NY,PAS,2023758634,2025-04-11,08:26A,NO PARKING-STREET CLEANING,65.0,0.0,0.0,0.0,65.0,0.0,094,Brooklyn,DEPARTMENT OF SANITATION,UNKNOWN,
LSX3280,NY,OMS,9179901529,2025-01-16,12:38P,NO STANDING-EXC. TRUCK LOADING,95.0,0.0,0.0,0.0,95.0,0.0,112,Queens,TRAFFIC,UNKNOWN,
HLP2198,NY,PAS,4939209970,2025-03-06,02:27P,PHTO SCHOOL ZN SPEED VIOLATION,50.0,0.0,0.0,0.0,50.0,0.0,000,Brooklyn,DEPARTMENT OF TRANSPORTATION,UNKNOWN,
74AYJC,FL,PAS,4939210212,2025-03-06,02:29P,PHTO SCHOOL ZN SPEED VIOLATION,50.0,0.0,0.0,0.0,50.0,0.0,000,Brooklyn,DEPARTMENT OF TRANSPORTATION,UNKNOWN,
BWW4809,NY,PAS,4939209982,2025-03-06,02:27P,PHTO SCHOOL ZN SPEED VIOLATION,50.0,0.0,0.0,0.0,50.0,0.0,000,Queens,DEPARTMENT OF TRANSPORTATION,UNKNOWN,
KKF4713,NY,PAS,4939210170,2025-03-06,02:29P,PHTO SCHOOL ZN SPEED VIOLATION,50.0,0.0,0.0,0.0,50.0,0.0,000,Staten Island,DEPARTMENT OF TRANSPORTATION,UNKNOWN,
LHR8965,NY,OMS,5707329262,2025-11-04,04:59P,MTA CAMERA VIOLATION - DOUBLE PARKING,150.0,0.0,0.0,0.0,201.25599999999994,0.0,000,Manhattan,TRANSIT AUTHORITY,UNKNOWN,
LKT4029,NY,PAS,2023758890,2025-04-15,11:41A,NO PARKING-STREET CLEANING,65.0,0.0,0.0,0.0,65.0,0.0,094,Brooklyn,DEPARTMENT OF SANITATION,UNKNOWN,
5ER518,MA,PAS,9196202014,2025-04-26,07:46A,NO PARKING-STREET CLEANING,65.0,0.0,0.0,0.0,65.0,0.0,033,Manhattan,TRAFFIC,UNKNOWN,
KSP9286,NY,PAS,2023764350,2025-04-11,09:14A,NO PARKING-STREET CLEANING,65.0,0.0,0.0,0.0,65.0,0.0,076,Brooklyn,DEPARTMENT OF SANITATION,UNKNOWN,
JBH2143,NY,PAS,5701188980,2024-11-14,02:27P,NO STANDING-OFF-STREET LOT,100.0,0.0,0.0,0.0,100.0,0.0,000,UNKNOWN,TRANSIT AUTHORITY,UNKNOWN,
K46UXH,NJ,PAS,5701189028,2024-11-14,02:30P,NO STANDING-OFF-STREET LOT,150.0,0.0,0.0,0.0,150.0,0.0,000,UNKNOWN,TRANSIT AUTHORITY,UNKNOWN,
HXZ9983,NY,PAS,5701189132,2024-11-14,02:36P,NO STANDING-OFF-STREET LOT,50.0,0.0,0.0,0.0,50.0,0.0,000,Queens,TRANSIT AUTHORITY,UNKNOWN,
XHHP93,NJ,PAS,9196202385,2025-04-29,10:12A,NO STANDING-DAY/TIME LIMITS,115.0,0.0,0.0,0.0,115.0,0.0,033,Manhattan,TRAFFIC,UNKNOWN,
Y204833C,NY,OMT,5701188930,2024-11-14,02:23P,NO STANDING-OFF-STREET LOT,50.0,0.0,0.0,0.0,50.0,0.0,000,Queens,TRANSIT AUTHORITY,UNKNOWN,
T644364C,NY,OMT,4941183836,2025-03-23,01:31A,PHTO SCHOOL ZN SPEED VIOLATION,50.0,0.0,0.0,0.0,50.0,0.0,000,Brooklyn,DEPARTMENT OF TRANSPORTATION,UNKNOWN,
JBT4722,NY,PAS,4939210534,2025-03-06,02:33P,PHTO SCHOOL ZN SPEED VIOLATION,50.0,0.0,0.0,0.0,50.0,0.0,000,Queens,DEPARTMENT OF TRANSPORTATION,UNKNOWN,
LDR7447,NY,PAS,4965451820,2025-09-19,09:07P,PHTO SCHOOL ZN SPEED VIOLATION,50.0,25.0,0.0,0.0,75.0,0.0,000,Bronx,DEPARTMENT OF TRANSPORTATION,UNKNOWN,
W52JHZ,NJ,PAS,8571508150,2018-12-14,07:40A,NO STANDING-COMM METER ZONE,115.0,60.0,18.129699999999982,0.0,201.25599999999994,0.0,018,Manhattan,TRAFFIC,UNKNOWN,2019-04-04
LPW9434,NY,PAS,5701189510,2024-11-14,03:04P,NO STANDING-OFF-STREET LOT,50.0,0.0,0.0,0.0,50.0,0.0,000,UNKNOWN,TRANSIT AUTHORITY,UNKNOWN,
S65HDF,NJ,PAS,4049629860,2025-11-19,11:14A,BUS LANE VIOLATION,50.0,0.0,0.0,0.0,50.0,0.0,000,Manhattan,DEPARTMENT OF TRANSPORTATION,UNKNOWN,
HTU9641,NY,PAS,5701189170,2024-11-14,02:39P,NO STANDING-OFF-STREET LOT,50.0,0.0,0.0,0.0,50.0,0.0,000,UNKNOWN,TRANSIT AUTHORITY,UNKNOWN,
LLZ9623,NY,PAS,9194109758,2025-04-07,07:11A,NO PARKING-STREET CLEANING,65.0,0.0,0.0,0.0,65.0,0.0,024,Manhattan,TRAFFIC,UNKNOWN,
JFH8330,NY,PAS,4966012454,2025-09-24,03:11P,PHTO SCHOOL ZN SPEED VIOLATION,50.0,0.0,0.0,0.0,50.0,0.0,000,Brooklyn,DEPARTMENT OF TRANSPORTATION,UNKNOWN,
LKR1028,NY,PAS,4939788921,2025-03-11,02:40P,PHTO SCHOOL ZN SPEED VIOLATION,50.0,0.0,0.0,0.0,50.0,0.0,000,Brooklyn,DEPARTMENT OF TRANSPORTATION,UNKNOWN,
LEL1815,NY,PAS,4931802400,2024-12-29,12:23P,PHTO SCHOOL ZN SPEED VIOLATION,50.0,0.0,0.0,0.0,50.0,0.0,000,Brooklyn,DEPARTMENT OF TRANSPORTATION,UNKNOWN,
KLT8566,NY,PAS,2023764683,2025-04-16,11:37A,NO PARKING-STREET CLEANING,65.0,0.0,0.0,0.0,65.0,0.0,076,Brooklyn,DEPARTMENT OF SANITATION,UNKNOWN,
LJS3970,NY,PAS,2023768093,2025-04-08,12:02P,NO PARKING-STREET CLEANING,65.0,0.0,0.0,0.0,65.0,0.0,047,Bronx,DEPARTMENT OF SANITATION,UNKNOWN,
LNZ3903,NY,PAS,1498534570,2025-04-16,01:00A,NO STANDING-DAY/TIME LIMITS,115.0,0.0,0.0,0.0,115.0,0.0,013,Manhattan,LONG ISLAND RAILROAD,UNKNOWN,
615AZ2,NY,MOT,1498534685,2025-03-06,11:25A,NO PARKING-STREET CLEANING,65.0,30.0,0.0,0.0,95.0,0.0,013,Manhattan,LONG ISLAND RAILROAD,UNKNOWN,
DKB8288,NY,PAS,4965846989,2025-09-23,06:10P,PHTO SCHOOL ZN SPEED VIOLATION,50.0,25.0,0.0,0.0,75.0,0.0,000,Queens,DEPARTMENT OF TRANSPORTATION,UNKNOWN,
23499MM,NY,COM,8926648813,2022-08-08,11:07A,DOUBLE PARKING-MIDTOWN COMML,115.0,0.0,0.0,0.0,115.0,0.0,017,Manhattan,TRAFFIC,HEARING HELD-GUILTY,
119130A,99,COM,1490135420,2023-05-26,UNKNOWN,UNKNOWN,59.94399185336049,4.760692464358452,1.0263034623217924,1.8407230142566193,63.7833401221996,0.10692464358452139,,UNKNOWN,UNKNOWN,UNKNOWN,
HJE7978,NY,PAS,9194109771,2025-04-07,07:21A,NO PARKING-STREET CLEANING,65.0,0.0,0.0,0.0,65.0,0.0,024,Manhattan,TRAFFIC,UNKNOWN,
T775736C,NY,OMT,4965452070,2025-09-19,09:31P,PHTO SCHOOL ZN SPEED VIOLATION,50.0,0.0,0.0,0.0,50.0,0.0,000,Queens,DEPARTMENT OF TRANSPORTATION,UNKNOWN,
LXG8071,NY,PAS,4965452136,2025-09-19,09:33P,PHTO SCHOOL ZN SPEED VIOLATION,50.0,0.0,0.0,0.0,50.0,0.0,000,Queens,DEPARTMENT OF TRANSPORTATION,UNKNOWN,
LRK5141,NY,PAS,4939789482,2025-03-11,02:52P,PHTO SCHOOL ZN SPEED VIOLATION,50.0,0.0,0.0,0.0,50.0,0.0,000,Bronx,DEPARTMENT OF TRANSPORTATION,UNKNOWN,
HKS4398,NY,PAS,4939789470,2025-03-11,02:51P,PHTO SCHOOL ZN SPEED VIOLATION,50.0,0.0,0.0,0.0,50.0,0.0,000,Staten Island,DEPARTMENT OF TRANSPORTATION,UNKNOWN,
GTF2947,NY,PAS,4939789860,2025-03-11,03:00P,PHTO SCHOOL ZN SPEED VIOLATION,50.0,0.0,0.0,0.0,50.0,0.0,000,Bronx,DEPARTMENT OF TRANSPORTATION,UNKNOWN,
KMS4867,NY,PAS,2023768184,2025-04-09,07:45A,NO PARKING-STREET CLEANING,65.0,0.0,0.0,0.0,65.0,0.0,047,Bronx,DEPARTMENT OF SANITATION,UNKNOWN,
KSG1971,NY,PAS,4939211277,2025-03-06,01:44P,PHTO SCHOOL ZN SPEED VIOLATION,50.0,0.0,0.0,0.0,50.0,0.0,000,Bronx,DEPARTMENT OF TRANSPORTATION,UNKNOWN,
KZS6546,NY,PAS,2023784906,2025-04-15,11:58A,NO PARKING-STREET CLEANING,65.0,0.0,0.0,0.0,65.0,0.0,110,Queens,DEPARTMENT OF SANITATION,UNKNOWN,
TCU4389,VA,PAS,2023786022,2025-04-10,09:49A,NO PARKING-STREET CLEANING,65.0,0.0,0.0,0.0,65.0,0.0,078,Brooklyn,DEPARTMENT OF SANITATION,UNKNOWN,
HGL6795,NY,PAS,4049629872,2025-11-19,11:24A,BUS LANE VIOLATION,50.0,0.0,0.0,0.0,50.0,0.0,000,Brooklyn,DEPARTMENT OF TRANSPORTATION,UNKNOWN,
MPE1315,PA,PAS,4939211691,2025-03-06,02:23P,PHTO SCHOOL ZN SPEED VIOLATION,50.0,0.0,0.0,0.0,50.0,0.0,000,Queens,DEPARTMENT OF TRANSPORTATION,UNKNOWN,
HFE5655,NY,PAS,4965847260,2025-09-23,06:33P,PHTO SCHOOL ZN SPEED VIOLATION,50.0,25.0,0.0,0.0,75.0,0.0,000,Staten Island,DEPARTMENT OF TRANSPORTATION,UNKNOWN,
L24UPN,NJ,PAS,5701189582,2024-11-14,03:06P,NO STANDING-OFF-STREET LOT,50.0,0.0,0.0,0.0,50.0,0.0,000,UNKNOWN,TRANSIT AUTHORITY,UNKNOWN,
KRZ5000,NY,PAS,4965452239,2025-09-19,09:43P,PHTO SCHOOL ZN SPEED VIOLATION,50.0,0.0,0.0,0.0,50.0,0.0,000,Staten Island,DEPARTMENT OF TRANSPORTATION,UNKNOWN,
LXV5827,NY,PAS,4965452290,2025-09-19,09:50P,PHTO SCHOOL ZN SPEED VIOLATION,50.0,0.0,0.0,0.0,50.0,0.0,000,Queens,DEPARTMENT OF TRANSPORTATION,UNKNOWN,
HHJ5535,NY,PAS,9196202440,2025-04-29,10:22A,FIRE HYDRANT,115.0,0.0,0.0,0.0,115.0,0.0,033,Manhattan,TRAFFIC,UNKNOWN,
KUT5462,NY,PAS,4966012636,2025-09-24,03:15P,PHTO SCHOOL ZN SPEED VIOLATION,50.0,0.0,0.0,0.0,50.0,0.0,000,Queens,DEPARTMENT OF TRANSPORTATION,UNKNOWN,
LJE4407,NY,PAS,4941184725,2025-03-23,01:49A,PHTO SCHOOL ZN SPEED VIOLATION,50.0,0.0,0.0,0.0,50.0,0.0,000,Bronx,DEPARTMENT OF TRANSPORTATION,UNKNOWN,
KHA2877,NY,PAS,9049221324,2023-04-15,11:28A,REG. STICKER-EXPIRED/MISSING,65.0,60.0,14.11,0.0,139.11,0.0,078,Brooklyn,TRAFFIC,UNKNOWN,2023-08-03
KJM2211,NY,PAS,4939789950,2025-03-11,03:01P,PHTO SCHOOL ZN SPEED VIOLATION,50.0,0.0,0.0,0.0,50.0,0.0,000,Queens,DEPARTMENT OF TRANSPORTATION,UNKNOWN,
GJT6713,NY,PAS,4939789925,2025-03-11,03:01P,PHTO SCHOOL ZN SPEED VIOLATION,50.0,0.0,0.0,0.0,50.0,0.0,000,Queens,DEPARTMENT OF TRANSPORTATION,UNKNOWN,
LHX5758,NY,PAS,2023786113,2025-04-10,01:26P,DOUBLE PARKING,115.0,0.0,0.0,0.0,115.0,0.0,078,Brooklyn,DEPARTMENT OF SANITATION,UNKNOWN,
KJH5392,NY,PAS,4965452215,2025-09-19,09:42P,PHTO SCHOOL ZN SPEED VIOLATION,50.0,0.0,0.0,0.0,50.0,0.0,000,Brooklyn,DEPARTMENT OF TRANSPORTATION,UNKNOWN,
FPZ5054,NY,PAS,5701190250,2024-11-14,03:46P,NO STANDING-OFF-STREET LOT,50.0,0.0,0.0,0.0,50.0,0.0,000,Queens,TRANSIT AUTHORITY,UNKNOWN,
B85RWK,NJ,PAS,5701189995,2024-11-14,03:28P,NO STANDING-OFF-STREET LOT,50.0,0.0,0.0,50.0,0.0,0.0,000,UNKNOWN,TRANSIT AUTHORITY,HEARING HELD-NOT GUILTY,
LWE4458,NY,PAS,4965452641,2025-09-19,10:25P,PHTO SCHOOL ZN SPEED VIOLATION,50.0,0.0,0.0,0.0,50.0,0.0,000,Queens,DEPARTMENT OF TRANSPORTATION,UNKNOWN,
FJB4435,NY,PAS,4966012806,2025-09-24,03:19P,PHTO SCHOOL ZN SPEED VIOLATION,50.0,0.0,0.0,0.0,50.0,0.0,000,Brooklyn,DEPARTMENT OF TRANSPORTATION,UNKNOWN,
EAB8169,NY,PAS,9196202464,2025-04-29,10:30A,FIRE HYDRANT,115.0,0.0,0.0,0.0,115.0,0.0,033,Manhattan,TRAFFIC,UNKNOWN,
MSN0632,PA,PAS,4941185213,2025-03-23,01:59A,PHTO SCHOOL ZN SPEED VIOLATION,50.0,0.0,0.0,0.0,50.0,0.0,000,Brooklyn,DEPARTMENT OF TRANSPORTATION,UNKNOWN,
HKP8763,NY,PAS,4941185092,2025-03-23,01:56A,PHTO SCHOOL ZN SPEED VIOLATION,50.0,0.0,0.0,0.0,50.0,0.0,000,Manhattan,DEPARTMENT OF TRANSPORTATION,UNKNOWN,
LCE8074,NY,PAS,9194111224,2025-03-26,10:50A,NO STANDING-EXC. TRUCK LOADING,95.0,10.0,0.0,10.0,95.0,0.0,023,Manhattan,TRAFFIC,UNKNOWN,
KWR3133,NY,PAS,4939790290,2025-03-11,03:07P,PHTO SCHOOL ZN SPEED VIOLATION,50.0,0.0,0.0,0.0,50.0,0.0,000,Staten Island,DEPARTMENT OF TRANSPORTATION,UNKNOWN,
AEM1615,NY,PAS,4939790496,2025-03-11,03:13P,PHTO SCHOOL ZN SPEED VIOLATION,50.0,0.0,0.0,0.0,50.0,0.0,000,Queens,DEPARTMENT OF TRANSPORTATION,UNKNOWN,
4958422,NH,PAS,1498536815,2025-04-18,11:32A,NO STANDING-DAY/TIME LIMITS,115.0,0.0,0.0,0.0,115.0,0.0,013,Manhattan,LONG ISLAND RAILROAD,UNKNOWN,
JAB7240,NY,PAS,1498537443,2025-04-17,05:20P,NO STANDING-DAY/TIME LIMITS,115.0,0.0,0.0,0.0,115.0,0.0,013,Manhattan,LONG ISLAND RAILROAD,UNKNOWN,
KZV9251,NY,PAS,5701190353,2024-11-14,03:55P,NO STANDING-OFF-STREET LOT,50.0,0.0,0.0,0.0,50.0,0.0,000,Queens,TRANSIT AUTHORITY,UNKNOWN,
H26LLF,NJ,PAS,9196202798,2025-05-01,05:11P,FIRE HYDRANT,115.0,0.0,0.0,0.0,115.0,0.0,028,Manhattan,TRAFFIC,UNKNOWN,
LUE5187,NY,PAS,9196206299,2025-05-03,08:16A,NO PARKING-STREET CLEANING,65.0,0.0,0.0,0.0,65.0,0.0,032,Manhattan,TRAFFIC,UNKNOWN,
LJP5478,NY,PAS,4941185262,2025-03-23,02:03A,PHTO SCHOOL ZN SPEED VIOLATION,50.0,0.0,0.0,0.0,50.0,0.0,000,Brooklyn,DEPARTMENT OF TRANSPORTATION,UNKNOWN,
570230,NY,PAS,4939791245,2025-03-11,03:32P,PHTO SCHOOL ZN SPEED VIOLATION,50.0,0.0,0.0,0.0,50.0,0.0,000,Queens,DEPARTMENT OF TRANSPORTATION,UNKNOWN,
LHH9945,NY,PAS,5802388742,2025-01-15,09:56P,EXPIRED METER-COMM METER ZONE,150.0,0.0,0.0,0.0,201.25599999999994,0.0,000,Brooklyn,TRANSIT AUTHORITY,UNKNOWN,
FZT5083,NY,PAS,2023786370,2025-04-12,07:50A,NO PARKING-STREET CLEANING,65.0,0.0,0.0,0.0,65.0,0.0,078,Brooklyn,DEPARTMENT OF SANITATION,UNKNOWN,
LLD1579,NY,PAS,4939212142,2025-03-06,02:39P,PHTO SCHOOL ZN SPEED VIOLATION,50.0,0.0,0.0,0.0,50.0,0.0,000,Brooklyn,DEPARTMENT OF TRANSPORTATION,UNKNOWN,
JNB5305,NY,PAS,4941185468,2025-03-23,02:08A,PHTO SCHOOL ZN SPEED VIOLATION,50.0,0.0,0.0,0.0,50.0,0.0,000,Brooklyn,DEPARTMENT OF TRANSPORTATION,UNKNOWN,
KEN5007,NY,PAS,4941185304,2025-03-23,02:04A,PHTO SCHOOL ZN SPEED VIOLATION,50.0,0.0,0.0,0.0,50.0,0.0,000,Queens,DEPARTMENT OF TRANSPORTATION,UNKNOWN,
KUT4999,NY,PAS,5707329626,2025-11-04,04:26P,MTA CAMERA VIOLATION - DOUBLE PARKING,50.0,0.0,0.0,0.0,50.0,0.0,000,Manhattan,TRANSIT AUTHORITY,UNKNOWN,
LLU9288,NY,PAS,4038887182,2024-08-27,12:09P,BUS LANE VIOLATION,50.0,25.0,5.48,0.03,80.45,0.0,000,Brooklyn,DEPARTMENT OF TRANSPORTATION,UNKNOWN,2024-12-05
KVX7113,NY,PAS,4049629884,2025-11-19,11:28A,BUS LANE VIOLATION,100.0,0.0,0.0,0.0,100.0,0.0,000,Queens,DEPARTMENT OF TRANSPORTATION,UNKNOWN,
LLB1711,NY,PAS,5701190638,2024-11-14,04:24P,NO STANDING-OFF-STREET LOT,50.0,0.0,0.0,0.0,50.0,0.0,000,UNKNOWN,TRANSIT AUTHORITY,UNKNOWN,
HCV7103,NY,PAS,5701190742,2024-11-14,04:42P,NO STANDING-OFF-STREET LOT,50.0,0.0,0.0,0.0,50.0,0.0,000,Brooklyn,TRANSIT AUTHORITY,UNKNOWN,
KVT6379,NY,PAS,5701191023,2024-11-14,05:05P,NO STANDING-OFF-STREET LOT,50.0,0.0,0.0,0.0,50.0,0.0,000,UNKNOWN,TRANSIT AUTHORITY,UNKNOWN,
KYL1797,NY,PAS,4965452902,2025-09-19,10:46P,PHTO SCHOOL ZN SPEED VIOLATION,50.0,0.0,0.0,0.0,50.0,0.0,000,Queens,DEPARTMENT OF TRANSPORTATION,HEARING HELD-GUILTY,
JEN7654,NY,PAS,4965848068,2025-09-23,07:04P,PHTO SCHOOL ZN SPEED VIOLATION,50.0,25.0,0.0,0.0,75.0,0.0,000,Queens,DEPARTMENT OF TRANSPORTATION,UNKNOWN,
FSD3454,NY,PAS,4965452987,2025-09-19,10:53P,PHTO SCHOOL ZN SPEED VIOLATION,50.0,0.0,0.0,0.0,50.0,0.0,000,Queens,DEPARTMENT OF TRANSPORTATION,UNKNOWN,
23674MG,NY,COM,9194111546,2025-03-28,07:23A,NO STANDING-EXC. AUTH. VEHICLE,95.0,0.0,0.0,0.0,95.0,0.0,028,Manhattan,TRAFFIC,UNKNOWN,
CVT3182,NY,PAS,4966012946,2025-09-24,03:21P,PHTO SCHOOL ZN SPEED VIOLATION,50.0,0.0,0.0,0.0,50.0,0.0,000,Bronx,DEPARTMENT OF TRANSPORTATION,UNKNOWN,
ERH3018,NY,PAS,4966012892,2025-09-24,03:20P,PHTO SCHOOL ZN SPEED VIOLATION,50.0,0.0,0.0,0.0,50.0,0.0,000,Brooklyn,DEPARTMENT OF TRANSPORTATION,UNKNOWN,
KDE3268,NY,PAS,4939791270,2025-03-11,03:32P,PHTO SCHOOL ZN SPEED VIOLATION,50.0,0.0,0.0,0.0,50.0,0.0,000,Queens,DEPARTMENT OF TRANSPORTATION,UNKNOWN,
DWR4984,NY,PAS,4939791257,2025-03-11,03:32P,PHTO SCHOOL ZN SPEED VIOLATION,50.0,0.0,0.0,0.0,50.0,0.0,000,Bronx,DEPARTMENT OF TRANSPORTATION,UNKNOWN,
LFS9624,NY,PAS,2023788006,2025-04-15,07:55A,NO PARKING-STREET CLEANING,65.0,0.0,0.0,0.0,65.0,0.0,072,Brooklyn,DEPARTMENT OF SANITATION,UNKNOWN,
T123897C,NY,OMT,4939212580,2025-03-06,02:43P,PHTO SCHOOL ZN SPEED VIOLATION,50.0,0.0,0.0,0.0,50.0,0.0,000,Queens,DEPARTMENT OF TRANSPORTATION,UNKNOWN,
KPS9100,NY,PAS,4939212830,2025-03-06,02:45P,PHTO SCHOOL ZN SPEED VIOLATION,50.0,0.0,0.0,0.0,50.0,0.0,000,Queens,DEPARTMENT OF TRANSPORTATION,UNKNOWN,
KVV6855,NY,PAS,2023788080,2025-04-15,12:01P,NO PARKING-STREET CLEANING,65.0,0.0,0.0,0.0,65.0,0.0,072,Brooklyn,DEPARTMENT OF SANITATION,UNKNOWN,
JDZ1906,NY,PAS,2023792046,2025-04-08,09:51A,NO PARKING-STREET CLEANING,65.0,0.0,0.0,0.0,65.0,0.0,043,Bronx,DEPARTMENT OF SANITATION,UNKNOWN,
4958422,NH,PAS,1498538186,2025-03-15,09:19A,NO STANDING-DAY/TIME LIMITS,115.0,10.0,0.0,0.0,125.0,0.0,013,Manhattan,LONG ISLAND RAILROAD,UNKNOWN,
HUZ4942,NY,PAS,4939212890,2025-03-06,02:45P,PHTO SCHOOL ZN SPEED VIOLATION,50.0,0.0,0.0,0.0,50.0,0.0,000,Staten Island,DEPARTMENT OF TRANSPORTATION,UNKNOWN,
LNZ7167,NY,PAS,1498537662,2025-04-14,05:40A,NO STANDING-DAY/TIME LIMITS,115.0,0.0,0.0,0.0,115.0,0.0,013,Manhattan,LONG ISLAND RAILROAD,UNKNOWN,
XMWP39,NJ,PAS,9188798525,2025-03-21,08:09A,NO STANDING-DAY/TIME LIMITS,115.0,30.0,0.0,0.0,145.0,0.0,018,Manhattan,TRAFFIC,UNKNOWN,
XKRV16,NJ,PAS,9188798562,2025-03-21,12:11P,FAIL TO DISP. MUNI METER RECPT,65.0,30.0,0.0,0.0,95.0,0.0,018,Manhattan,TRAFFIC,UNKNOWN,
HXZ4720,NY,PAS,4939791816,2025-03-11,03:47P,PHTO SCHOOL ZN SPEED VIOLATION,50.0,0.0,0.0,0.0,50.0,0.0,000,Bronx,DEPARTMENT OF TRANSPORTATION,UNKNOWN,
LHV4310,NC,PAS,9196211398,2025-04-05,08:36A,NO PARKING-DAY/TIME LIMITS,60.0,10.0,0.0,0.0,70.0,0.0,044,Bronx,TRAFFIC,UNKNOWN,
LSH3902,NY,PAS,4966013045,2025-09-24,03:22P,PHTO SCHOOL ZN SPEED VIOLATION,50.0,0.0,0.0,0.0,50.0,0.0,000,Brooklyn,DEPARTMENT OF TRANSPORTATION,UNKNOWN,
CCW6125,NY,PAS,4966013057,2025-09-24,03:23P,PHTO SCHOOL ZN SPEED VIOLATION,50.0,0.0,0.0,0.0,50.0,0.0,000,Manhattan,DEPARTMENT OF TRANSPORTATION,UNKNOWN,
DDH9626,NY,PAS,4966013033,2025-09-24,03:22P,PHTO SCHOOL ZN SPEED VIOLATION,50.0,0.0,0.0,0.0,50.0,0.0,000,Queens,DEPARTMENT OF TRANSPORTATION,UNKNOWN,
4389482,NH,PAS,9043101308,2023-03-29,UNKNOWN,UNKNOWN,59.94399185336049,4.760692464358452,1.0263034623217924,1.8407230142566193,63.7833401221996,0.10692464358452139,,UNKNOWN,UNKNOWN,UNKNOWN,
R000532,NJ,PAS,9043101310,2023-03-29,UNKNOWN,UNKNOWN,59.94399185336049,4.760692464358452,1.0263034623217924,1.8407230142566193,63.7833401221996,0.10692464358452139,,UNKNOWN,UNKNOWN,UNKNOWN,
HNX4969,NY,PAS,4939791890,2025-03-11,03:49P,PHTO SCHOOL ZN SPEED VIOLATION,50.0,0.0,0.0,0.0,50.0,0.0,000,Brooklyn,DEPARTMENT OF TRANSPORTATION,UNKNOWN,
JJX7437,NY,PAS,4939791713,2025-03-11,03:44P,PHTO SCHOOL ZN SPEED VIOLATION,50.0,0.0,0.0,0.0,50.0,0.0,000,Queens,DEPARTMENT OF TRANSPORTATION,UNKNOWN,
LRA2508,NY,PAS,4939213195,2025-03-06,02:48P,PHTO SCHOOL ZN SPEED VIOLATION,50.0,0.0,0.0,0.0,50.0,0.0,000,Staten Island,DEPARTMENT OF TRANSPORTATION,UNKNOWN,
JDZ1906,NY,PAS,2023792587,2025-04-11,09:48A,NO PARKING-STREET CLEANING,65.0,0.0,0.0,0.0,65.0,0.0,043,Bronx,DEPARTMENT OF SANITATION,UNKNOWN,
UNZ974,SC,PAS,2023816750,2025-04-10,09:37A,NO PARKING-STREET CLEANING,65.0,0.0,0.0,0.0,65.0,0.0,041,Bronx,DEPARTMENT OF SANITATION,UNKNOWN,
R51VHR,NJ,PAS,5707329766,2025-11-04,05:20P,MTA CAMERA VIOLATION - DOUBLE PARKING,50.0,0.0,0.0,0.0,50.0,0.0,000,Brooklyn,TRANSIT AUTHORITY,UNKNOWN,
GNS9180,NY,PAS,4965848184,2025-09-23,07:08P,PHTO SCHOOL ZN SPEED VIOLATION,50.0,25.0,0.0,0.0,75.0,0.0,000,Manhattan,DEPARTMENT OF TRANSPORTATION,UNKNOWN,
LSG5988,PA,PAS,9043101321,2023-03-29,UNKNOWN,UNKNOWN,59.94399185336049,4.760692464358452,1.0263034623217924,1.8407230142566193,63.7833401221996,0.10692464358452139,,UNKNOWN,UNKNOWN,UNKNOWN,
LMD2002,NC,PAS,4965453104,2025-09-19,11:02P,PHTO SCHOOL ZN SPEED VIOLATION,50.0,0.0,0.0,0.0,50.0,0.0,000,Queens,DEPARTMENT OF TRANSPORTATION,UNKNOWN,
GA142J,NJ,PAS,9043101680,2023-03-30,UNKNOWN,UNKNOWN,59.94399185336049,4.760692464358452,1.0263034623217924,1.8407230142566193,63.7833401221996,0.10692464358452139,,UNKNOWN,UNKNOWN,UNKNOWN,
KJW5448,NY,PAS,4939213444,2025-03-06,02:50P,PHTO SCHOOL ZN SPEED VIOLATION,50.0,0.0,0.0,0.0,50.0,0.0,000,Brooklyn,DEPARTMENT OF TRANSPORTATION,UNKNOWN,
TJS3547,VA,PAS,4939791993,2025-03-11,03:51P,PHTO SCHOOL ZN SPEED VIOLATION,50.0,0.0,0.0,0.0,50.0,0.0,000,Queens,DEPARTMENT OF TRANSPORTATION,UNKNOWN,
HNB5581,NY,PAS,4939792237,2025-03-11,03:55P,PHTO SCHOOL ZN SPEED VIOLATION,50.0,0.0,0.0,0.0,50.0,0.0,000,Queens,DEPARTMENT OF TRANSPORTATION,UNKNOWN,
HZN9575,NY,PAS,2023816841,2025-04-10,09:46A,NO PARKING-STREET CLEANING,65.0,0.0,0.0,0.0,65.0,0.0,041,Bronx,DEPARTMENT OF SANITATION,HEARING HELD-GUILTY,
KWT5413,NY,PAS,2023817365,2025-04-12,08:21A,NO PARKING-STREET CLEANING,65.0,0.0,0.0,0.0,65.0,0.0,041,Bronx,DEPARTMENT OF SANITATION,UNKNOWN,
LNA9951,NY,PAS,4939213535,2025-03-06,02:51P,PHTO SCHOOL ZN SPEED VIOLATION,50.0,0.0,0.0,0.0,50.0,0.0,000,Brooklyn,DEPARTMENT OF TRANSPORTATION,UNKNOWN,
K60RSX,NJ,PAS,4939213500,2025-03-06,02:51P,PHTO SCHOOL ZN SPEED VIOLATION,50.0,0.0,0.0,0.0,50.0,0.0,000,Brooklyn,DEPARTMENT OF TRANSPORTATION,HEARING HELD-GUILTY,
BSJ9319,TN,PAS,4939213304,2025-03-06,02:49P,PHTO SCHOOL ZN SPEED VIOLATION,50.0,0.0,0.0,0.0,50.0,0.0,000,Queens,DEPARTMENT OF TRANSPORTATION,UNKNOWN,
KRH1906,NY,PAS,4939213778,2025-03-06,02:54P,PHTO SCHOOL ZN SPEED VIOLATION,50.0,0.0,0.0,0.0,50.0,0.0,000,Queens,DEPARTMENT OF TRANSPORTATION,UNKNOWN,
LRW7169,NY,PAS,5707329810,2025-11-04,05:24P,MTA CAMERA VIOLATION - DOUBLE PARKING,150.0,0.0,0.0,0.0,150.0,0.0,000,UNKNOWN,TRANSIT AUTHORITY,UNKNOWN,
LLF1389,NY,PAS,5701191874,2024-11-14,06:33P,NO STANDING-OFF-STREET LOT,50.0,0.0,0.0,0.0,50.0,0.0,000,Brooklyn,TRANSIT AUTHORITY,HEARING HELD-GUILTY,
V39LXL,NJ,PAS,5701191928,2024-11-14,06:35P,NO STANDING-OFF-STREET LOT,50.0,0.0,0.0,0.0,50.0,0.0,000,UNKNOWN,TRANSIT AUTHORITY,UNKNOWN,
83FBJZ,FL,PAS,4937765802,2025-02-21,09:41A,PHTO SCHOOL ZN SPEED VIOLATION,50.0,25.0,1.93,0.07,76.86,0.0,000,Queens,DEPARTMENT OF TRANSPORTATION,UNKNOWN,2025-05-15
LEK6666,NY,PAS,9196212275,2025-04-09,11:40A,NO PARKING-STREET CLEANING,65.0,10.0,0.0,0.0,75.0,0.0,052,Bronx,TRAFFIC,UNKNOWN,
KJW5448,NY,PAS,4939213950,2025-03-06,02:57P,PHTO SCHOOL ZN SPEED VIOLATION,50.0,0.0,0.0,0.0,50.0,0.0,000,Brooklyn,DEPARTMENT OF TRANSPORTATION,UNKNOWN,
KHA2877,NY,PAS,9049221336,2023-04-15,11:29A,INSP. STICKER-EXPIRED/MISSING,65.0,60.0,9.65,0.17,134.48,0.0,078,Brooklyn,TRAFFIC,UNKNOWN,2023-08-03
FCW4002,NY,PAS,9179901580,2025-01-16,02:12P,NO STANDING-BUS STOP,115.0,0.0,0.0,0.0,115.0,0.0,112,Queens,TRAFFIC,UNKNOWN,
JHE3001,NY,PAS,4939792640,2025-03-11,04:08P,PHTO SCHOOL ZN SPEED VIOLATION,50.0,0.0,0.0,0.0,50.0,0.0,000,Bronx,DEPARTMENT OF TRANSPORTATION,UNKNOWN,
T800688C,NY,OMT,4939792780,2025-03-11,04:12P,PHTO SCHOOL ZN SPEED VIOLATION,50.0,0.0,0.0,0.0,50.0,0.0,000,Staten Island,DEPARTMENT OF TRANSPORTATION,UNKNOWN,
LDM1378,NY,PAS,2023822063,2025-04-10,11:46A,NO PARKING-STREET CLEANING,65.0,0.0,0.0,0.0,65.0,0.0,072,Brooklyn,DEPARTMENT OF SANITATION,UNKNOWN,
LKH5463,NY,PAS,2023822221,2025-04-11,11:39A,NO PARKING-STREET CLEANING,65.0,0.0,0.0,0.0,65.0,0.0,072,Brooklyn,DEPARTMENT OF SANITATION,UNKNOWN,
LSS5523,NY,PAS,1498553825,2025-04-12,02:32A,FIRE HYDRANT,115.0,10.0,0.0,0.0,125.0,0.0,040,Bronx,POLICE DEPARTMENT,UNKNOWN,
GWS7212,PA,PAS,9188798860,2025-03-22,01:16P,FAIL TO DSPLY MUNI METER RECPT,65.0,30.0,0.0,0.0,95.0,0.0,014,Manhattan,TRAFFIC,UNKNOWN,
LET3580,NY,PAS,4938028906,2025-02-23,07:27P,PHTO SCHOOL ZN SPEED VIOLATION,50.0,25.0,0.0,0.0,75.0,0.0,000,Queens,DEPARTMENT OF TRANSPORTATION,UNKNOWN,
MRH6418,PA,PAS,9196212329,2025-04-09,11:55A,NO PARKING-STREET CLEANING,65.0,10.0,0.0,10.0,65.0,0.0,052,Bronx,TRAFFIC,UNKNOWN,
LFN9658,NY,PAS,1494981130,2024-08-20,08:53P,DOUBLE PARKING,115.0,10.0,0.0,0.0,125.0,0.0,046,Bronx,POLICE DEPARTMENT,UNKNOWN,
KJJ9174,NY,PAS,4941187118,2025-03-23,02:57A,PHTO SCHOOL ZN SPEED VIOLATION,50.0,0.0,0.0,0.0,50.0,0.0,000,Brooklyn,DEPARTMENT OF TRANSPORTATION,UNKNOWN,
GWC5283,NY,PAS,4941187179,2025-03-23,02:58A,PHTO SCHOOL ZN SPEED VIOLATION,50.0,0.0,0.0,0.0,50.0,0.0,000,Brooklyn,DEPARTMENT OF TRANSPORTATION,UNKNOWN,
KMN8229,NY,PAS,4939793308,2025-03-11,04:22P,PHTO SCHOOL ZN SPEED VIOLATION,50.0,0.0,0.0,0.0,50.0,0.0,000,Bronx,DEPARTMENT OF TRANSPORTATION,UNKNOWN,
HFZ5865,NY,PAS,9049242637,2023-04-27,11:59A,EXPIRED MUNI METER,35.0,0.0,0.0,0.0,35.0,0.0,066,Brooklyn,TRAFFIC,APPEAL AFFIRMED,
KDE7840,NY,PAS,4939793278,2025-03-11,04:21P,PHTO SCHOOL ZN SPEED VIOLATION,50.0,0.0,0.0,0.0,50.0,0.0,000,Queens,DEPARTMENT OF TRANSPORTATION,UNKNOWN,
KRN5083,NY,PAS,4939793345,2025-03-11,04:23P,PHTO SCHOOL ZN SPEED VIOLATION,50.0,0.0,0.0,0.0,50.0,0.0,000,Queens,DEPARTMENT OF TRANSPORTATION,UNKNOWN,
KMG2335,NY,PAS,2023826032,2025-04-08,09:10A,NO PARKING-STREET CLEANING,65.0,0.0,0.0,0.0,65.0,0.0,073,Brooklyn,DEPARTMENT OF SANITATION,UNKNOWN,
51DNRN,FL,PAS,2023826688,2025-04-10,10:29A,NO PARKING-STREET CLEANING,65.0,0.0,0.0,0.0,65.0,0.0,073,Brooklyn,DEPARTMENT OF SANITATION,UNKNOWN,
LSK8479,NY,PAS,1498554131,2025-04-26,05:01P,NO STANDING-DAY/TIME LIMITS,115.0,0.0,0.0,0.0,115.0,0.0,040,Bronx,POLICE DEPARTMENT,UNKNOWN,
HZL8902,NY,PAS,5701192647,2024-11-14,07:53P,NO STANDING-OFF-STREET LOT,50.0,0.0,0.0,0.0,50.0,0.0,000,Manhattan,TRANSIT AUTHORITY,UNKNOWN,
FLW5842,NY,PAS,4965849097,2025-09-23,07:40P,PHTO SCHOOL ZN SPEED VIOLATION,50.0,25.0,0.0,25.0,50.0,0.0,000,Queens,DEPARTMENT OF TRANSPORTATION,UNKNOWN,
KGX7906,NY,PAS,4938029315,2025-02-23,07:42P,PHTO SCHOOL ZN SPEED VIOLATION,50.0,25.0,0.0,0.0,75.0,0.0,000,Brooklyn,DEPARTMENT OF TRANSPORTATION,UNKNOWN,
MPN8492,PA,PAS,4938029844,2025-02-23,08:06P,PHTO SCHOOL ZN SPEED VIOLATION,50.0,25.0,0.0,0.0,75.0,0.0,000,Staten Island,DEPARTMENT OF TRANSPORTATION,UNKNOWN,
12931MK,NY,COM,4965453645,2025-09-20,12:00A,PHTO SCHOOL ZN SPEED VIOLATION,50.0,0.0,0.0,0.0,50.0,0.0,000,Queens,DEPARTMENT OF TRANSPORTATION,UNKNOWN,
DZD4108,NY,PAS,2023831374,2025-04-10,11:44A,NO PARKING-STREET CLEANING,65.0,0.0,0.0,0.0,65.0,0.0,077,Brooklyn,DEPARTMENT OF SANITATION,UNKNOWN,
KRU1545,NY,PAS,9049249851,2023-04-27,09:42P,FIRE HYDRANT,115.0,10.0,0.0,0.0,125.0,0.0,066,Brooklyn,TRAFFIC,APPEAL AFFIRMED,
195APA,NY,ORG,4941187209,2025-03-23,03:00A,PHTO SCHOOL ZN SPEED VIOLATION,50.0,0.0,0.0,0.0,50.0,0.0,000,Brooklyn,DEPARTMENT OF TRANSPORTATION,UNKNOWN,
33360LV,NY,OML,4939214758,2025-03-06,03:03P,PHTO SCHOOL ZN SPEED VIOLATION,50.0,0.0,0.0,0.0,50.0,0.0,000,Brooklyn,DEPARTMENT OF TRANSPORTATION,UNKNOWN,
LPV4118,NY,PAS,4939215155,2025-03-06,03:07P,PHTO SCHOOL ZN SPEED VIOLATION,50.0,0.0,0.0,50.0,0.0,0.0,000,Queens,DEPARTMENT OF TRANSPORTATION,HEARING HELD-NOT GUILTY,
KGG6087,NY,PAS,4939215064,2025-03-06,03:05P,PHTO SCHOOL ZN SPEED VIOLATION,50.0,0.0,0.0,0.0,50.0,0.0,000,Queens,DEPARTMENT OF TRANSPORTATION,UNKNOWN,
HYU7812,NY,PAS,4941187805,2025-03-23,03:17A,PHTO SCHOOL ZN SPEED VIOLATION,50.0,25.0,0.0,0.0,75.0,0.0,000,Queens,DEPARTMENT OF TRANSPORTATION,UNKNOWN,
MAC6413,NY,PAS,4966013392,2025-09-24,03:31P,PHTO SCHOOL ZN SPEED VIOLATION,50.0,0.0,0.0,0.0,50.0,0.0,000,Staten Island,DEPARTMENT OF TRANSPORTATION,UNKNOWN,
T112019C,NY,OMT,4933181767,2025-01-09,09:57A,PHTO SCHOOL ZN SPEED VIOLATION,50.0,25.0,2.16,0.04,77.12,0.0,000,Brooklyn,DEPARTMENT OF TRANSPORTATION,UNKNOWN,2025-04-03
205614,WV,PAS,9043101862,2023-03-30,UNKNOWN,UNKNOWN,59.94399185336049,4.760692464358452,1.0263034623217924,1.8407230142566193,63.7833401221996,0.10692464358452139,,UNKNOWN,UNKNOWN,UNKNOWN,
KZP3631,NY,PAS,4941187982,2025-03-23,03:24A,PHTO SCHOOL ZN SPEED VIOLATION,50.0,0.0,0.0,0.0,50.0,0.0,000,Brooklyn,DEPARTMENT OF TRANSPORTATION,UNKNOWN,
KVT6342,NY,PAS,4785205581,2022-06-30,05:42P,PHTO SCHOOL ZN SPEED VIOLATION,50.0,25.0,15.34,0.0,90.34,0.0,000,Bronx,DEPARTMENT OF TRANSPORTATION,UNKNOWN,2022-09-22
XJZN18,NJ,PAS,4785770030,2022-07-06,11:54A,PHTO SCHOOL ZN SPEED VIOLATION,50.0,25.0,17.2,0.13,92.07,0.0,000,Queens,DEPARTMENT OF TRANSPORTATION,UNKNOWN,2022-09-29
KVT5311,NY,PAS,4786160015,2022-07-06,05:33P,PHTO SCHOOL ZN SPEED VIOLATION,50.0,25.0,15.21,0.0,90.21,0.0,000,Bronx,DEPARTMENT OF TRANSPORTATION,UNKNOWN,2022-09-29
DSG5867,NY,PAS,4939793930,2025-03-11,04:36P,PHTO SCHOOL ZN SPEED VIOLATION,50.0,0.0,0.0,0.0,50.0,0.0,000,Queens,DEPARTMENT OF TRANSPORTATION,UNKNOWN,
LCF2442,NY,PAS,1492652659,2023-07-23,08:42P,DOUBLE PARKING,115.0,10.0,0.0,55.09999999999991,0.0,0.0,079,Brooklyn,POLICE DEPARTMENT,ADMIN REDUCTION,
93647,NY,MED,9179902571,2025-01-29,12:09P,REG. STICKER-EXPIRED/MISSING,65.0,0.0,0.0,0.0,65.0,0.0,112,Queens,TRAFFIC,UNKNOWN,
LPG2164,NY,PAS,5701193068,2024-11-14,08:26P,NO STANDING-OFF-STREET LOT,50.0,0.0,0.0,0.0,50.0,0.0,000,UNKNOWN,TRANSIT AUTHORITY,UNKNOWN,
KVG6996,NY,PAS,5701193160,2024-11-14,08:49P,NO STANDING-OFF-STREET LOT,50.0,0.0,0.0,0.0,50.0,0.0,000,UNKNOWN,TRANSIT AUTHORITY,UNKNOWN,
KPS6333,NY,PAS,4941187908,2025-03-23,03:20A,PHTO SCHOOL ZN SPEED VIOLATION,50.0,0.0,0.0,0.0,50.0,0.0,000,Brooklyn,DEPARTMENT OF TRANSPORTATION,UNKNOWN,
BDP4832,NY,PAS,4939214989,2025-03-06,03:05P,PHTO SCHOOL ZN SPEED VIOLATION,50.0,0.0,0.0,0.0,50.0,0.0,000,Staten Island,DEPARTMENT OF TRANSPORTATION,UNKNOWN,
T33SKG,NJ,PAS,4939215179,2025-03-06,03:07P,PHTO SCHOOL ZN SPEED VIOLATION,50.0,0.0,0.0,0.0,50.0,0.0,000,Brooklyn,DEPARTMENT OF TRANSPORTATION,UNKNOWN,
T775475C,NY,OMT,1498556425,2025-04-15,08:50P,NO STANDING-EXC. AUTH. VEHICLE,95.0,10.0,0.0,0.0,105.0,0.0,040,Bronx,POLICE DEPARTMENT,UNKNOWN,
LDH3339,NC,PAS,1490137490,2024-09-27,07:03A,NO STANDING-DAY/TIME LIMITS,115.0,60.0,8.62,0.01,183.61,0.0,013,Manhattan,HEALTH AND HOSPITAL CORP. POLICE,UNKNOWN,2025-01-16
KWN3120,NY,PAS,4939215350,2025-03-06,03:09P,PHTO SCHOOL ZN SPEED VIOLATION,50.0,0.0,0.0,0.0,50.0,0.0,000,Queens,DEPARTMENT OF TRANSPORTATION,UNKNOWN,
BF8769,NY,PAS,5701193512,2024-11-14,09:54P,NO STANDING-OFF-STREET LOT,50.0,0.0,0.0,0.0,50.0,0.0,000,Brooklyn,TRANSIT AUTHORITY,UNKNOWN,
Z50WDE,NJ,PAS,2026997329,2025-10-21,11:51A,NO PARKING-STREET CLEANING,65.0,0.0,0.0,0.0,65.0,0.0,032,Manhattan,DEPARTMENT OF SANITATION,UNKNOWN,
G76VBW,NJ,PAS,4965453852,2025-09-20,12:17A,PHTO SCHOOL ZN SPEED VIOLATION,50.0,0.0,0.0,0.0,50.0,0.0,000,Bronx,DEPARTMENT OF TRANSPORTATION,UNKNOWN,
15364NG,NY,COM,4966013460,2025-09-24,03:32P,PHTO SCHOOL ZN SPEED VIOLATION,50.0,0.0,0.0,0.0,50.0,0.0,000,Queens,DEPARTMENT OF TRANSPORTATION,UNKNOWN,
LFA6815,NY,PAS,2023831611,2025-04-11,08:59A,NO PARKING-STREET CLEANING,65.0,0.0,0.0,0.0,65.0,0.0,077,Brooklyn,DEPARTMENT OF SANITATION,UNKNOWN,
HJG1251,NY,PAS,2026998942,2025-10-06,11:38A,NO PARKING-STREET CLEANING,65.0,0.0,0.0,0.0,65.0,0.0,108,Queens,DEPARTMENT OF SANITATION,UNKNOWN,
BL34738,CT,PAS,2023832007,2025-04-12,09:37A,NO PARKING-STREET CLEANING,65.0,0.0,0.0,0.0,65.0,0.0,045,Bronx,DEPARTMENT OF SANITATION,UNKNOWN,
FRA2559,NY,PAS,2023844125,2025-04-16,11:45A,NO PARKING-STREET CLEANING,65.0,0.0,0.0,0.0,65.0,0.0,062,Brooklyn,DEPARTMENT OF SANITATION,UNKNOWN,
MRZ2162,PA,PAS,5701193536,2024-11-14,09:56P,NO STANDING-OFF-STREET LOT,50.0,0.0,0.0,0.0,50.0,0.0,000,UNKNOWN,TRANSIT AUTHORITY,UNKNOWN,
FAM1903,NY,PAS,9179903083,2025-02-04,11:59A,FAIL TO DSPLY MUNI METER RECPT,35.0,0.0,0.0,0.0,35.0,0.0,106,Queens,TRAFFIC,UNKNOWN,
LKL6686,NY,PAS,5701193962,2024-11-15,01:20A,NO STANDING-OFF-STREET LOT,50.0,0.0,0.0,50.0,0.0,0.0,000,Manhattan,TRANSIT AUTHORITY,HEARING HELD-NOT GUILTY,
9HSG000,CA,PAS,4939215477,2025-03-06,03:10P,PHTO SCHOOL ZN SPEED VIOLATION,50.0,0.0,0.0,0.0,50.0,0.0,000,Manhattan,DEPARTMENT OF TRANSPORTATION,UNKNOWN,
HFY8034,NY,PAS,4938030688,2025-02-23,08:40P,PHTO SCHOOL ZN SPEED VIOLATION,50.0,25.0,0.0,0.0,75.0,0.0,000,Brooklyn,DEPARTMENT OF TRANSPORTATION,UNKNOWN,
40363NC,NY,COM,1498556644,2025-04-27,01:30P,FIRE HYDRANT,115.0,0.0,0.0,0.0,115.0,0.0,040,Bronx,POLICE DEPARTMENT,UNKNOWN,
LNF5793,NY,PAS,4049629940,2025-11-19,11:39A,BUS LANE VIOLATION,100.0,0.0,0.0,0.0,100.0,0.0,000,Queens,DEPARTMENT OF TRANSPORTATION,UNKNOWN,
LDH3339,NC,PAS,1490137970,2024-09-24,01:50A,NO STANDING-DAY/TIME LIMITS,115.0,60.0,5.0,0.01,179.99,0.0,013,UNKNOWN,HEALTH AND HOSPITAL CORP. POLICE,UNKNOWN,2025-01-09
GFS8785,NY,PAS,1499032006,2025-05-14,08:58A,OBSTRUCTING DRIVEWAY,95.0,10.0,0.0,0.0,105.0,0.0,072,Brooklyn,POLICE DEPARTMENT,UNKNOWN,
JMN2311,NY,OMS,4966013525,2025-09-24,03:33P,PHTO SCHOOL ZN SPEED VIOLATION,50.0,0.0,0.0,0.0,50.0,0.0,000,Brooklyn,DEPARTMENT OF TRANSPORTATION,UNKNOWN,
KDR3531,NY,PAS,9196213747,2025-04-15,02:15P,EXPIRED MUNI METER,35.0,0.0,0.0,0.0,35.0,0.0,046,Bronx,TRAFFIC,UNKNOWN,
JMZ2544,NY,PAS,4941188342,2025-03-23,03:33A,PHTO SCHOOL ZN SPEED VIOLATION,50.0,0.0,0.0,0.0,50.0,0.0,000,Brooklyn,DEPARTMENT OF TRANSPORTATION,UNKNOWN,
GBV6892,NY,PAS,4939794969,2025-03-11,05:04P,PHTO SCHOOL ZN SPEED VIOLATION,50.0,0.0,0.0,0.0,50.0,0.0,000,Brooklyn,DEPARTMENT OF TRANSPORTATION,UNKNOWN,
KUG5257,NY,PAS,2023872686,2025-04-15,11:28A,NO PARKING-STREET CLEANING,65.0,0.0,0.0,0.0,65.0,0.0,075,Brooklyn,DEPARTMENT OF SANITATION,UNKNOWN,
T778076C,NY,OMT,5802389679,2025-01-15,11:28P,EXPIRED METER-COMM METER ZONE,50.0,0.0,0.0,0.0,50.0,0.0,000,Brooklyn,TRANSIT AUTHORITY,UNKNOWN,
LSM9732,NY,PAS,4941188718,2025-03-23,03:42A,PHTO SCHOOL ZN SPEED VIOLATION,50.0,0.0,0.0,0.0,50.0,0.0,000,Queens,DEPARTMENT OF TRANSPORTATION,UNKNOWN,
GRV6853,NY,PAS,4939215830,2025-03-06,03:13P,PHTO SCHOOL ZN SPEED VIOLATION,50.0,0.0,0.0,0.0,50.0,0.0,000,Queens,DEPARTMENT OF TRANSPORTATION,UNKNOWN,
EJE4633,NY,PAS,4939215623,2025-03-06,03:11P,PHTO SCHOOL ZN SPEED VIOLATION,50.0,0.0,0.0,0.0,50.0,0.0,000,Queens,DEPARTMENT OF TRANSPORTATION,UNKNOWN,
LBR2389,NY,PAS,4941188469,2025-03-23,03:36A,PHTO SCHOOL ZN SPEED VIOLATION,50.0,0.0,0.0,0.0,50.0,0.0,000,Bronx,DEPARTMENT OF TRANSPORTATION,UNKNOWN,
LBR2389,NY,PAS,4941188482,2025-03-23,03:36A,PHTO SCHOOL ZN SPEED VIOLATION,50.0,0.0,0.0,0.0,50.0,0.0,000,Bronx,DEPARTMENT OF TRANSPORTATION,UNKNOWN,
KFK7114,NY,PAS,8991639665,2022-03-23,10:09A,INSP. STICKER-EXPIRED/MISSING,65.0,60.0,18.129699999999982,0.01,166.87,0.0,073,Brooklyn,TRAFFIC,UNKNOWN,2022-07-28
LHP4941,NY,PAS,4966013550,2025-09-24,03:33P,PHTO SCHOOL ZN SPEED VIOLATION,50.0,0.0,0.0,0.0,50.0,0.0,000,Queens,DEPARTMENT OF TRANSPORTATION,UNKNOWN,
L42SCA,NJ,PAS,1490138377,2024-10-10,05:35P,NO STANDING-DAY/TIME LIMITS,115.0,10.0,0.0,0.0,125.0,0.0,013,Manhattan,HEALTH AND HOSPITAL CORP. POLICE,UNKNOWN,
J24NYJ,NJ,PAS,4938032053,2025-02-23,09:47P,PHTO SCHOOL ZN SPEED VIOLATION,50.0,25.0,0.0,0.0,75.0,0.0,000,Manhattan,DEPARTMENT OF TRANSPORTATION,UNKNOWN,
8628AK,VA,PAS,5701194322,2024-11-15,07:06A,NO STANDING-OFF-STREET LOT,50.0,0.0,0.0,0.0,50.0,0.0,000,Manhattan,TRANSIT AUTHORITY,UNKNOWN,
RUK0714,GA,PAS,5701194530,2024-11-15,07:36A,NO STANDING-OFF-STREET LOT,50.0,0.0,0.0,0.0,50.0,0.0,000,UNKNOWN,TRANSIT AUTHORITY,UNKNOWN,
YOUSSEF,NY,OMT,5701194541,2024-11-15,07:38A,NO STANDING-OFF-STREET LOT,50.0,0.0,0.0,0.0,50.0,0.0,000,UNKNOWN,TRANSIT AUTHORITY,UNKNOWN,
KMR1601,NC,PAS,1490138420,2024-11-15,09:25A,NO STANDING-DAY/TIME LIMITS,115.0,60.0,3.64,0.28,178.36,0.0,013,Manhattan,HEALTH AND HOSPITAL CORP. POLICE,UNKNOWN,2025-03-06
T100342C,NY,OMT,4939795032,2025-03-11,05:05P,PHTO SCHOOL ZN SPEED VIOLATION,50.0,0.0,0.0,0.0,50.0,0.0,000,Bronx,DEPARTMENT OF TRANSPORTATION,UNKNOWN,
LTV6477,NY,PAS,2023884056,2025-04-11,10:30A,NO PARKING-STREET CLEANING,65.0,0.0,0.0,0.0,65.0,0.0,042,Bronx,DEPARTMENT OF SANITATION,UNKNOWN,
LLR7568,NY,PAS,4939216226,2025-03-06,03:18P,PHTO SCHOOL ZN SPEED VIOLATION,50.0,0.0,0.0,0.0,50.0,0.0,000,Queens,DEPARTMENT OF TRANSPORTATION,UNKNOWN,
KHT4510,NY,PAS,4939216238,2025-03-06,03:18P,PHTO SCHOOL ZN SPEED VIOLATION,50.0,0.0,0.0,0.0,50.0,0.0,000,Staten Island,DEPARTMENT OF TRANSPORTATION,UNKNOWN,
HYH5875,NY,PAS,4966013562,2025-09-24,03:34P,PHTO SCHOOL ZN SPEED VIOLATION,50.0,0.0,0.0,0.0,50.0,0.0,000,Brooklyn,DEPARTMENT OF TRANSPORTATION,UNKNOWN,
KUP5364,NY,PAS,4938032363,2025-02-23,10:00P,PHTO SCHOOL ZN SPEED VIOLATION,50.0,25.0,0.0,0.0,75.0,0.0,000,Staten Island,DEPARTMENT OF TRANSPORTATION,UNKNOWN,
GYS1973,NY,PAS,1499032092,2025-05-02,09:11A,PEDESTRIAN RAMP,150.0,0.0,0.0,0.0,165.0,0.0,072,Brooklyn,POLICE DEPARTMENT,UNKNOWN,
T56MAF,NJ,PAS,4941189401,2025-03-23,04:01A,PHTO SCHOOL ZN SPEED VIOLATION,50.0,0.0,0.0,0.0,50.0,0.0,000,Bronx,DEPARTMENT OF TRANSPORTATION,UNKNOWN,
LRX7970,NY,PAS,4939216433,2025-03-06,03:20P,PHTO SCHOOL ZN SPEED VIOLATION,50.0,0.0,0.0,0.0,50.0,0.0,000,Queens,DEPARTMENT OF TRANSPORTATION,UNKNOWN,
LRL5511,NY,PAS,4941189292,2025-03-23,03:58A,PHTO SCHOOL ZN SPEED VIOLATION,50.0,0.0,0.0,0.0,50.0,0.0,000,Brooklyn,DEPARTMENT OF TRANSPORTATION,HEARING ADJOURNMENT,
LGC8234,NY,PAS,5701194693,2024-11-15,07:55A,NO STANDING-OFF-STREET LOT,50.0,0.0,0.0,0.0,50.0,0.0,000,UNKNOWN,TRANSIT AUTHORITY,UNKNOWN,
T800885C,NY,OMT,5701194814,2024-11-15,08:08A,NO STANDING-OFF-STREET LOT,50.0,0.0,0.0,0.0,50.0,0.0,000,UNKNOWN,TRANSIT AUTHORITY,UNKNOWN,
BINLURKN,NY,SRF,4939795329,2025-03-11,05:12P,PHTO SCHOOL ZN SPEED VIOLATION,50.0,0.0,0.0,0.0,50.0,0.0,000,Queens,DEPARTMENT OF TRANSPORTATION,UNKNOWN,
KMX7181,NY,PAS,4939795410,2025-03-11,05:14P,PHTO SCHOOL ZN SPEED VIOLATION,50.0,0.0,0.0,0.0,50.0,0.0,000,Queens,DEPARTMENT OF TRANSPORTATION,UNKNOWN,
LHF9438,NY,PAS,9179903101,2025-02-04,12:14P,INSP. STICKER-EXPIRED/MISSING,65.0,0.0,0.0,0.0,65.0,0.0,106,Queens,TRAFFIC,UNKNOWN,
GWM3856,NY,PAS,4939795524,2025-03-11,05:16P,PHTO SCHOOL ZN SPEED VIOLATION,50.0,0.0,0.0,0.0,50.0,0.0,000,Brooklyn,DEPARTMENT OF TRANSPORTATION,UNKNOWN,
T87RNG,NJ,PAS,4939216603,2025-03-06,03:21P,PHTO SCHOOL ZN SPEED VIOLATION,50.0,0.0,0.0,0.0,50.0,0.0,000,Brooklyn,DEPARTMENT OF TRANSPORTATION,UNKNOWN,
GMS3448,NY,PAS,4939795299,2025-03-11,05:12P,PHTO SCHOOL ZN SPEED VIOLATION,50.0,0.0,0.0,0.0,50.0,0.0,000,Queens,DEPARTMENT OF TRANSPORTATION,UNKNOWN,
BCC7544,NY,PAS,4939795330,2025-03-11,05:13P,PHTO SCHOOL ZN SPEED VIOLATION,50.0,0.0,0.0,0.0,50.0,0.0,000,Queens,DEPARTMENT OF TRANSPORTATION,UNKNOWN,
LCH4013,NY,PAS,1081223935,2023-10-30,11:50A,NO STANDING-EXC. AUTH. VEHICLE,95.0,10.0,0.0,55.09999999999991,0.0,0.0,862,Manhattan,POLICE DEPARTMENT,ADMIN REDUCTION,
TLB7922,VA,PAS,1345790934,2025-03-14,03:02A,DOUBLE PARKING,115.0,0.0,0.0,0.0,115.0,0.0,072,Brooklyn,POLICE DEPARTMENT,UNKNOWN,
LXG3084,NY,PAS,4965454273,2025-09-20,02:59A,PHTO SCHOOL ZN SPEED VIOLATION,50.0,0.0,0.0,0.0,50.0,0.0,000,Queens,DEPARTMENT OF TRANSPORTATION,UNKNOWN,
KYH3516,NY,PAS,5701195168,2024-11-15,08:37A,NO STANDING-OFF-STREET LOT,50.0,0.0,0.0,0.0,50.0,0.0,000,UNKNOWN,TRANSIT AUTHORITY,UNKNOWN,
LEN8896,NY,PAS,5701194929,2024-11-15,08:18A,NO STANDING-OFF-STREET LOT,50.0,0.0,0.0,0.0,50.0,0.0,000,UNKNOWN,TRANSIT AUTHORITY,UNKNOWN,
KEL8293,NY,PAS,4966013690,2025-09-24,03:36P,PHTO SCHOOL ZN SPEED VIOLATION,50.0,0.0,0.0,0.0,50.0,0.0,000,Brooklyn,DEPARTMENT OF TRANSPORTATION,UNKNOWN,
JRD6806,NY,PAS,9196216890,2025-04-15,07:26A,VIN OBSCURED,65.0,0.0,0.0,0.0,65.0,0.0,046,Bronx,TRAFFIC,UNKNOWN,
KYH9108,NY,PAS,4941189840,2025-03-23,04:11A,PHTO SCHOOL ZN SPEED VIOLATION,50.0,0.0,0.0,0.0,50.0,0.0,000,Queens,DEPARTMENT OF TRANSPORTATION,UNKNOWN,
LJJ2272,NY,PAS,4941189565,2025-03-23,04:04A,PHTO SCHOOL ZN SPEED VIOLATION,50.0,0.0,0.0,0.0,50.0,0.0,000,Manhattan,DEPARTMENT OF TRANSPORTATION,UNKNOWN,
HBN5161,NY,PAS,4939795901,2025-03-11,05:23P,PHTO SCHOOL ZN SPEED VIOLATION,50.0,0.0,0.0,0.0,50.0,0.0,000,Bronx,DEPARTMENT OF TRANSPORTATION,UNKNOWN,
17665BT,NY,PAS,1418400476,2023-09-22,12:16A,PARKED BUS-EXC. DESIG. AREA,45.0,10.0,0.0,55.0,0.0,0.0,047,UNKNOWN,POLICE DEPARTMENT,ADMIN REDUCTION,
LAK6004,NY,PAS,1420584595,2023-07-26,04:11P,NO STANDING-BUS STOP,115.0,10.0,0.0,55.09999999999991,0.0,0.0,106,Queens,NYC TRANSIT AUTHORITY MANAGERS,ADMIN REDUCTION,
HCP1465,NY,PAS,1423935020,2017-06-01,05:47P,NO STANDING-COMM METER ZONE,115.0,60.0,18.129699999999982,0.01,201.25599999999994,0.0,017,Manhattan,POLICE DEPARTMENT,UNKNOWN,2017-09-21
KVZ7430,NY,PAS,4965454560,2025-09-19,09:40A,PHTO SCHOOL ZN SPEED VIOLATION,50.0,0.0,0.0,0.0,50.0,0.0,000,Brooklyn,DEPARTMENT OF TRANSPORTATION,UNKNOWN,
HLE9232,NY,PAS,4966013800,2025-09-24,03:39P,PHTO SCHOOL ZN SPEED VIOLATION,50.0,0.0,0.0,0.0,50.0,0.0,000,Manhattan,DEPARTMENT OF TRANSPORTATION,UNKNOWN,
3AEP95,MA,PAS,9194111571,2025-03-28,07:51A,NO STANDING-EXC. AUTH. VEHICLE,95.0,0.0,0.0,0.0,95.0,0.0,028,Manhattan,TRAFFIC,UNKNOWN,
74BRZL,FL,PAS,5701195557,2024-11-15,09:01A,NO STANDING-OFF-STREET LOT,50.0,0.0,0.0,0.0,50.0,0.0,000,UNKNOWN,TRANSIT AUTHORITY,UNKNOWN,
GEF560,FL,PAS,5701195296,2024-11-15,08:43A,NO STANDING-OFF-STREET LOT,50.0,0.0,0.0,0.0,50.0,0.0,000,Brooklyn,TRANSIT AUTHORITY,UNKNOWN,
KYL6333,NY,PAS,5701195600,2024-11-15,09:03A,NO STANDING-OFF-STREET LOT,50.0,0.0,0.0,0.0,50.0,0.0,000,UNKNOWN,TRANSIT AUTHORITY,UNKNOWN,
KZA8502,NY,PAS,5701195958,2024-11-15,09:16A,NO STANDING-OFF-STREET LOT,50.0,0.0,0.0,0.0,50.0,0.0,000,Manhattan,TRANSIT AUTHORITY,UNKNOWN,
15085JW,NY,COM,4939217243,2025-03-06,03:27P,PHTO SCHOOL ZN SPEED VIOLATION,50.0,0.0,0.0,0.0,50.0,0.0,000,Staten Island,DEPARTMENT OF TRANSPORTATION,UNKNOWN,
822AXH,ME,PAS,4939796334,2025-03-11,05:33P,PHTO SCHOOL ZN SPEED VIOLATION,50.0,0.0,0.0,0.0,50.0,0.0,000,Brooklyn,DEPARTMENT OF TRANSPORTATION,UNKNOWN,
EUE4858,NY,PAS,4939796395,2025-03-11,05:34P,PHTO SCHOOL ZN SPEED VIOLATION,50.0,0.0,0.0,0.0,50.0,0.0,000,Brooklyn,DEPARTMENT OF TRANSPORTATION,UNKNOWN,
92BF40,NY,999,1425800695,2023-10-26,09:42P,NO STANDING-EXC. AUTH. VEHICLE,95.0,10.0,0.0,55.09999999999991,0.0,0.0,090,Queens,POLICE DEPARTMENT,ADMIN REDUCTION,
KPW1483,NY,PAS,9049262788,2023-05-15,02:14P,NO STANDING-DAY/TIME LIMITS,115.0,60.0,14.48,0.0,189.48,0.0,120,Staten Island,TRAFFIC,UNKNOWN,2023-08-31
LED7587,NY,PAS,1425800762,2023-11-03,09:35P,NO STANDING-EXC. AUTH. VEHICLE,95.0,10.0,0.0,55.09999999999991,0.0,0.0,090,Brooklyn,POLICE DEPARTMENT,ADMIN REDUCTION,
H0NEEYB,NC,PAS,5133965461,2024-04-17,02:44P,FAILURE TO STOP AT RED LIGHT,50.0,25.0,4.16,0.0,79.16,0.0,000,Queens,DEPARTMENT OF TRANSPORTATION,UNKNOWN,2024-07-11
KST5198,NY,PAS,4939217231,2025-03-06,03:27P,PHTO SCHOOL ZN SPEED VIOLATION,50.0,0.0,0.0,0.0,50.0,0.0,000,Staten Island,DEPARTMENT OF TRANSPORTATION,UNKNOWN,
KDY6589,NY,PAS,4939217401,2025-03-06,03:29P,PHTO SCHOOL ZN SPEED VIOLATION,50.0,0.0,0.0,0.0,50.0,0.0,000,Staten Island,DEPARTMENT OF TRANSPORTATION,UNKNOWN,
