plate,state,license_type,summons_number,issue_date,violation_time,violation,fine_amount,penalty_amount,interest_amount,reduction_amount,payment_amount,amount_due,precinct,county,issuing_agency,violation_status,judgment_entry_date
JSE5279,NY,PAS,4939191485,03/06/2025,11:40A,PHTO SCHOOL ZN SPEED VIOLATION,50,0,0,0,50,0,000,QN,DEPARTMENT OF TRANSPORTATION,,
KHB9090,NY,PAS,2022307010,04/15/2025,09:28A,NO PARKING-STREET CLEANING,65,0,0,0,65,0,007,NY,DEPARTMENT OF SANITATION,,
GST7523,NY,PAS,2022633088,04/15/2025,11:17A,NO PARKING-STREET CLEANING,65,0,0,0,65,0,006,NY,DEPARTMENT OF SANITATION,,
KHS2784,NY,PAS,4939191497,03/06/2025,11:40A,PHTO SCHOOL ZN SPEED VIOLATION,50,0,0,0,50,0,000,BK,DEPARTMENT OF TRANSPORTATION,,
KGM2860,NY,PAS,4939191503,03/06/2025,11:40A,PHTO SCHOOL ZN SPEED VIOLATION,50,0,0,0,50,0,000,QN,DEPARTMENT OF TRANSPORTATION,,
Y38ULT,NJ,PAS,4939191709,03/06/2025,11:43A,PHTO SCHOOL ZN SPEED VIOLATION,50,0,0,0,50,0,000,QN,DEPARTMENT OF TRANSPORTATION,,
KEF2249,NY,PAS,2022725931,04/11/2025,01:11A,NO PARKING-STREET CLEANING,65,0,0,0,65,0,090,Kings,DEPARTMENT OF SANITATION,,
46913MN,NY,COM,8858175591,02/16/2021,11:23A,FIRE HYDRANT,115,10,0,0,125,0,079,K,TRAFFIC,HEARING HELD-GUILTY,
FAC6334,NY,PAS,8858177060,02/25/2021,11:24A,NO PARKING-STREET CLEANING,65,10,0,0,75,0,079,K,TRAFFIC,HEARING HELD-GUILTY,
AU5921,NY,PAS,5701170755,11/12/2024,02:01P,NO STANDING-OFF-STREET LOT,50,0,0,0,50,0,000,,TRANSIT AUTHORITY,,
KHL5173,NY,PAS,5701170718,11/12/2024,01:58P,NO STANDING-OFF-STREET LOT,150,0,0,0,150,0,000,,TRANSIT AUTHORITY,HEARING HELD-GUILTY,
LAL6213,NY,PAS,1490121572,02/06/2024,04:55P,DOUBLE PARKING,115,0,0,115,0,0,067,K,POLICE DEPARTMENT,HEARING HELD-NOT GUILTY,
FEH5629,NY,PAS,1498523043,03/31/2025,08:20P,DOUBLE PARKING,115,10,0,0,125,0,067,K,POLICE DEPARTMENT,,
U59SNP,NJ,PAS,1494950030,12/22/2023,,,,,,,,,,,,,
L66NRW,NJ,PAS,1490121523,07/30/2023,,,,,,,,,,,,,
MGS2805,PA,PAS,2022726054,04/15/2025,01:19A,NO PARKING-STREET CLEANING,65,0,0,0,65,0,090,Kings,DEPARTMENT OF SANITATION,,
KZF8556,NY,PAS,2022737570,04/15/2025,11:07A,NO PARKING-STREET CLEANING,65,0,0,0,65,0,030,NY,DEPARTMENT OF SANITATION,,
10886MM,NY,COM,9049019316,05/08/2023,03:16P,NO STANDING-DAY/TIME LIMITS,115,0,0,0,115,0,088,K,TRAFFIC,APPEAL AFFIRMED,
JH474,RI,PAS,4941169657,03/22/2025,11:12A,PHTO SCHOOL ZN SPEED VIOLATION,50,0,0,0,50,0,000,BX,DEPARTMENT OF TRANSPORTATION,,
KNG1484,NY,PAS,4939191783,03/06/2025,11:43A,PHTO SCHOOL ZN SPEED VIOLATION,50,0,0,0,50,0,000,BX,DEPARTMENT OF TRANSPORTATION,,
KZA8666,NY,PAS,4941169530,03/22/2025,11:07A,PHTO SCHOOL ZN SPEED VIOLATION,50,0,0,0,50,0,000,QN,DEPARTMENT OF TRANSPORTATION,,
LSP9266,NY,PAS,4937994876,02/23/2025,09:01A,PHTO SCHOOL ZN SPEED VIOLATION,50,25,0,0,75,0,000,MN,DEPARTMENT OF TRANSPORTATION,,
LSP9266,NY,PAS,4937995017,02/23/2025,09:06A,PHTO SCHOOL ZN SPEED VIOLATION,50,25,0,0,75,0,000,MN,DEPARTMENT OF TRANSPORTATION,,
KJH5392,NY,PAS,4937995042,02/23/2025,09:06A,PHTO SCHOOL ZN SPEED VIOLATION,50,25,0,0,75,0,000,BK,DEPARTMENT OF TRANSPORTATION,,
APZ1536,NY,PAS,4939192258,03/06/2025,11:46A,PHTO SCHOOL ZN SPEED VIOLATION,50,0,0,0,50,0,000,ST,DEPARTMENT OF TRANSPORTATION,,
LVZ7463,NY,PAS,4965446434,09/19/2025,04:55P,PHTO SCHOOL ZN SPEED VIOLATION,50,25,0,0,75,0,000,BK,DEPARTMENT OF TRANSPORTATION,,
GNL3543,NY,PAS,4049629252,11/19/2025,04:27P,BUS LANE VIOLATION,50,0,0,0,50,0,000,BK,DEPARTMENT OF TRANSPORTATION,,
JCR3595,NY,PAS,4965837605,09/23/2025,03:08P,PHTO SCHOOL ZN SPEED VIOLATION,50,25,0,0,75,0,000,QN,DEPARTMENT OF TRANSPORTATION,,
KZF8987,NY,PAS,4965446513,09/19/2025,04:58P,PHTO SCHOOL ZN SPEED VIOLATION,50,0,0,0,50,0,000,ST,DEPARTMENT OF TRANSPORTATION,,
HDZ5257,NY,PAS,4049629264,11/19/2025,04:27P,BUS LANE VIOLATION,50,0,0,0,50,0,000,BX,DEPARTMENT OF TRANSPORTATION,,
LBV1942,NY,PAS,4939770011,03/11/2025,09:21A,PHTO SCHOOL ZN SPEED VIOLATION,50,0,0,0,50,0,000,BX,DEPARTMENT OF TRANSPORTATION,,
T65GGM,NJ,PAS,4939770138,03/11/2025,09:24A,PHTO SCHOOL ZN SPEED VIOLATION,50,0,0,0,50,0,000,QN,DEPARTMENT OF TRANSPORTATION,,
W77LPY,NJ,PAS,4939769951,03/11/2025,09:19A,PHTO SCHOOL ZN SPEED VIOLATION,50,0,0,0,50,0,000,BK,DEPARTMENT OF TRANSPORTATION,,
HHB9168,NY,PAS,4939770084,03/11/2025,09:23A,PHTO SCHOOL ZN SPEED VIOLATION,50,0,0,0,50,0,000,BX,DEPARTMENT OF TRANSPORTATION,,
CDE9101,NY,PAS,4939770060,03/11/2025,09:23A,PHTO SCHOOL ZN SPEED VIOLATION,50,0,0,0,50,0,000,QN,DEPARTMENT OF TRANSPORTATION,,
DYX9765,NY,PAS,5701170883,11/12/2024,02:14P,NO STANDING-OFF-STREET LOT,50,0,0,0,50,0,000,ST,TRANSIT AUTHORITY,,
ACY7962,NY,PAS,4939192234,03/06/2025,11:46A,PHTO SCHOOL ZN SPEED VIOLATION,50,0,0,0,50,0,000,BK,DEPARTMENT OF TRANSPORTATION,,
KKR8137,NY,PAS,4939192090,03/06/2025,11:46A,PHTO SCHOOL ZN SPEED VIOLATION,50,0,0,0,50,0,000,ST,DEPARTMENT OF TRANSPORTATION,,
KSE7219,NY,PAS,4939192131,03/06/2025,11:46A,PHTO SCHOOL ZN SPEED VIOLATION,50,0,0,0,50,0,000,ST,DEPARTMENT OF TRANSPORTATION,,
LCE7372,NY,PAS,2022743568,04/11/2025,12:09P,NO PARKING-STREET CLEANING,65,0,0,0,65,0,025,NY,DEPARTMENT OF SANITATION,,
H32LFV,NJ,PAS,2022743866,04/15/2025,09:32A,NO PARKING-STREET CLEANING,65,0,0,0,65,0,033,NY,DEPARTMENT OF SANITATION,,
KST6208,NY,PAS,2023000737,04/11/2025,01:49A,NO PARKING-STREET CLEANING,65,0,0,0,65,0,108,Qns,DEPARTMENT OF SANITATION,,
LJF2611,NY,PAS,5701170937,11/12/2024,02:15P,NO STANDING-OFF-STREET LOT,50,0,0,0,50,0,000,BK,TRANSIT AUTHORITY,,
XJWA27,NJ,PAS,9196189113,04/24/2025,04:37P,PLTFRM LFTS LWRD POS COMM VEH,45,0,0,0,45,0,024,NY,TRAFFIC,,
LDK4239,NY,PAS,9196189575,04/25/2025,03:46P,FIRE HYDRANT,115,0,0,0,115,0,019,NY,TRAFFIC,,
72570MM,NY,COM,9196190644,04/08/2025,02:38P,DOUBLE PARKING,115,0,0,0,115,0,019,NY,TRAFFIC,HEARING HELD-GUILTY,
4LSK32,MA,PAS,4941170489,03/22/2025,11:39A,PHTO SCHOOL ZN SPEED VIOLATION,50,0,0,0,50,0,000,BX,DEPARTMENT OF TRANSPORTATION,,
KHG6248,NY,PAS,4939770606,03/11/2025,09:37A,PHTO SCHOOL ZN SPEED VIOLATION,50,0,0,0,50,0,000,BX,DEPARTMENT OF TRANSPORTATION,,
LTP2743,NY,PAS,4939770692,03/11/2025,09:38A,PHTO SCHOOL ZN SPEED VIOLATION,50,0,0,0,50,0,000,QN,DEPARTMENT OF TRANSPORTATION,,
FWH2205,NY,PAS,4939770450,03/11/2025,09:30A,PHTO SCHOOL ZN SPEED VIOLATION,50,0,0,0,50,0,000,QN,DEPARTMENT OF TRANSPORTATION,,
KFN7289,NY,PAS,4939770461,03/11/2025,09:31A,PHTO SCHOOL ZN SPEED VIOLATION,50,0,0,0,50,0,000,QN,DEPARTMENT OF TRANSPORTATION,,
KLW1316,NY,PAS,2023084398,04/11/2025,09:07A,NO PARKING-STREET CLEANING,65,0,0,0,65,0,109,Qns,DEPARTMENT OF SANITATION,,
TGV5699,VA,PAS,5701171528,11/12/2024,03:05P,NO STANDING-OFF-STREET LOT,50,0,0,0,50,0,000,BK,TRANSIT AUTHORITY,,
KPJ1902,NY,PAS,5701171589,11/12/2024,03:13P,NO STANDING-OFF-STREET LOT,50,0,0,0,50,0,000,BK,TRANSIT AUTHORITY,HEARING HELD-GUILTY,
LSH9550,NY,OMS,5701171462,11/12/2024,02:58P,NO STANDING-OFF-STREET LOT,50,0,0,0,50,0,000,,TRANSIT AUTHORITY,,
KDP5751,NY,PAS,4939192532,03/06/2025,11:49A,PHTO SCHOOL ZN SPEED VIOLATION,50,0,0,0,50,0,000,ST,DEPARTMENT OF TRANSPORTATION,,
DME4119,NY,PAS,4939192635,03/06/2025,11:49A,PHTO SCHOOL ZN SPEED VIOLATION,50,0,0,0,50,0,000,QN,DEPARTMENT OF TRANSPORTATION,,
CWW8540,NY,PAS,4939192775,03/06/2025,11:51A,PHTO SCHOOL ZN SPEED VIOLATION,50,0,0,0,50,0,000,QN,DEPARTMENT OF TRANSPORTATION,,
F93STJ,NJ,PAS,2023092140,04/12/2025,02:07P,FIRE HYDRANT,115,0,0,0,115,0,102,Qns,DEPARTMENT OF SANITATION,,
JCA9920,NY,PAS,4939192805,03/06/2025,11:51A,PHTO SCHOOL ZN SPEED VIOLATION,50,0,0,0,50,0,000,QN,DEPARTMENT OF TRANSPORTATION,,
KVG1210,NY,PAS,4941170740,03/22/2025,11:52A,PHTO SCHOOL ZN SPEED VIOLATION,50,25,0,0,75,0,000,BX,DEPARTMENT OF TRANSPORTATION,,
KVU4271,NY,PAS,4049629290,11/18/2025,08:40A,BUS LANE VIOLATION,50,0,0,0,50,0,000,QN,DEPARTMENT OF TRANSPORTATION,,
KTX9436,NY,PAS,1498523110,04/18/2024,06:05P,DOUBLE PARKING,115,10,0,0,125,0,067,K,POLICE DEPARTMENT,,
JPW6265,NY,PAS,4965446835,09/19/2025,05:06P,PHTO SCHOOL ZN SPEED VIOLATION,50,0,0,0,50,0,000,BK,DEPARTMENT OF TRANSPORTATION,,
JAL2810,NY,PAS,4966009870,09/24/2025,02:32P,PHTO SCHOOL ZN SPEED VIOLATION,50,0,0,0,50,0,000,QN,DEPARTMENT OF TRANSPORTATION,,
574846T,NJ,PAS,9043100882,03/27/2023,,,,,,,,,,,,,
LMH2308,PA,PAS,9043100900,03/27/2023,,,,,,,,,,,,,
KFN7533,NY,PAS,4941170817,03/22/2025,11:55A,PHTO SCHOOL ZN SPEED VIOLATION,50,0,0,0,50,0,000,BK,DEPARTMENT OF TRANSPORTATION,,
RJ1618,NY,SRF,4941170878,03/22/2025,11:57A,PHTO SCHOOL ZN SPEED VIOLATION,50,0,0,0,50,0,000,QN,DEPARTMENT OF TRANSPORTATION,,
84841NA,NY,COM,4941171070,03/22/2025,12:05P,PHTO SCHOOL ZN SPEED VIOLATION,50,0,0,0,50,0,000,QN,DEPARTMENT OF TRANSPORTATION,,
T702069C,NY,OMT,5701172004,11/12/2024,04:06P,NO STANDING-OFF-STREET LOT,50,0,0,0,50,0,000,,TRANSIT AUTHORITY,,
LKR4865,NY,PAS,5701171899,11/12/2024,03:47P,NO STANDING-OFF-STREET LOT,50,0,0,0,50,0,000,,TRANSIT AUTHORITY,,
PYXA78,FL,PAS,4779900797,05/17/2022,09:42A,PHTO SCHOOL ZN SPEED VIOLATION,50,25,16.23,0,91.23,0,000,BK,DEPARTMENT OF TRANSPORTATION,,08/11/2022
U23NDE,NJ,PAS,4939771015,03/11/2025,09:43A,PHTO SCHOOL ZN SPEED VIOLATION,50,0,0,0,50,0,000,BK,DEPARTMENT OF TRANSPORTATION,,
LTE2501,NY,PAS,4939192957,03/06/2025,11:52A,PHTO SCHOOL ZN SPEED VIOLATION,50,0,0,0,50,0,000,BK,DEPARTMENT OF TRANSPORTATION,,
74895MD,NY,COM,9196190693,04/08/2025,03:24P,EXPIRED MUNI METER,65,0,0,65,0,0,019,NY,TRAFFIC,HEARING HELD-NOT GUILTY,
KND5283,NY,PAS,8991618546,09/16/2021,01:29P,INSP. STICKER-EXPIRED/MISSING,65,60,42.49,0.19,167.3,0,084,K,TRAFFIC,,07/28/2022
LXE2535,NY,PAS,4965446847,09/19/2025,05:06P,PHTO SCHOOL ZN SPEED VIOLATION,50,0,0,0,50,0,000,BX,DEPARTMENT OF TRANSPORTATION,,
LAU5064,NY,PAS,4965446914,09/19/2025,05:08P,PHTO SCHOOL ZN SPEED VIOLATION,50,0,0,0,50,0,000,BX,DEPARTMENT OF TRANSPORTATION,,
KWR3631,NY,PAS,4966009935,09/24/2025,02:34P,PHTO SCHOOL ZN SPEED VIOLATION,50,0,0,0,50,0,000,BX,DEPARTMENT OF TRANSPORTATION,,
F70UZE,NJ,PAS,4933805398,01/14/2025,03:40P,PHTO SCHOOL ZN SPEED VIOLATION,50,25,1.24,0.06,76.18,0,000,BX,DEPARTMENT OF TRANSPORTATION,,04/03/2025
KHG2159,NY,PAS,4965446926,09/19/2025,05:08P,PHTO SCHOOL ZN SPEED VIOLATION,50,0,0,0,50,0,000,ST,DEPARTMENT OF TRANSPORTATION,,
Y102703C,NY,OMT,4965446963,09/19/2025,05:08P,PHTO SCHOOL ZN SPEED VIOLATION,50,0,0,0,50,0,000,QN,DEPARTMENT OF TRANSPORTATION,,
62912ML,NY,COM,4966009911,09/24/2025,02:33P,PHTO SCHOOL ZN SPEED VIOLATION,50,0,0,0,50,0,000,BX,DEPARTMENT OF TRANSPORTATION,,
E87RJH,NJ,PAS,4939771301,03/11/2025,09:51A,PHTO SCHOOL ZN SPEED VIOLATION,50,0,0,0,50,0,000,BX,DEPARTMENT OF TRANSPORTATION,,
Y14SFM,NJ,PAS,4939193627,03/06/2025,11:59A,PHTO SCHOOL ZN SPEED VIOLATION,50,0,0,0,50,0,000,QN,DEPARTMENT OF TRANSPORTATION,,
KUP1700,NY,PAS,5701172909,11/12/2024,06:22P,NO STANDING-OFF-STREET LOT,50,0,0,0,50,0,000,,TRANSIT AUTHORITY,,
LPJ9820,NY,PAS,5701172739,11/12/2024,05:46P,NO STANDING-OFF-STREET LOT,50,0,0,0,50,0,000,QN,TRANSIT AUTHORITY,,
LSL8586,NY,PAS,4939771192,03/11/2025,09:47A,PHTO SCHOOL ZN SPEED VIOLATION,50,0,0,0,50,0,000,QN,DEPARTMENT OF TRANSPORTATION,,
BREWER,NY,SRF,4939771404,03/11/2025,09:53A,PHTO SCHOOL ZN SPEED VIOLATION,50,0,0,0,50,0,000,BK,DEPARTMENT OF TRANSPORTATION,,
HRE4462,NY,PAS,4939193470,03/06/2025,11:57A,PHTO SCHOOL ZN SPEED VIOLATION,50,0,0,0,50,0,000,QN,DEPARTMENT OF TRANSPORTATION,,
LBF8614,NY,PAS,4939193561,03/06/2025,11:58A,PHTO SCHOOL ZN SPEED VIOLATION,50,0,0,0,50,0,000,BK,DEPARTMENT OF TRANSPORTATION,,
U23NDE,NJ,PAS,4939771179,03/11/2025,09:47A,PHTO SCHOOL ZN SPEED VIOLATION,50,0,0,0,50,0,000,BK,DEPARTMENT OF TRANSPORTATION,,
G0N1ES,VA,PAS,2023101207,04/15/2025,09:56A,NO PARKING-STREET CLEANING,65,0,0,0,65,0,114,Qns,DEPARTMENT OF SANITATION,,
72375ND,NY,COM,4939193664,03/06/2025,11:59A,PHTO SCHOOL ZN SPEED VIOLATION,50,0,0,0,50,0,000,QN,DEPARTMENT OF TRANSPORTATION,,
Y14SFM,NJ,PAS,4939194085,03/06/2025,12:02P,PHTO SCHOOL ZN SPEED VIOLATION,50,0,0,0,50,0,000,QN,DEPARTMENT OF TRANSPORTATION,,
XKCD76,NJ,PAS,2011876175,05/09/2023,11:12A,NO PARKING-STREET CLEANING,65,60,2.83,0,127.83,0,067,Kings,DEPARTMENT OF SANITATION,HEARING HELD-GUILTY,07/17/2025
JPM6485,NY,PAS,4939771702,03/11/2025,09:59A,PHTO SCHOOL ZN SPEED VIOLATION,50,25,0,0,75,0,000,QN,DEPARTMENT OF TRANSPORTATION,,
LFR8546,NY,PAS,4967909358,10/10/2025,02:44A,PHTO SCHOOL ZN SPEED VIOLATION,50,0,0,0,50,0,000,BX,DEPARTMENT OF TRANSPORTATION,,
62912ML,NY,COM,4966009972,09/24/2025,02:34P,PHTO SCHOOL ZN SPEED VIOLATION,50,0,0,0,50,0,000,BX,DEPARTMENT OF TRANSPORTATION,,
2AK9613,AL,PAS,9043100912,03/27/2023,,,,,,,,,,,,,
S1435863,GA,PAS,9043100936,03/27/2023,,,,,,,,,,,,,
JGG8656,NY,PAS,4967912643,10/10/2025,04:22A,PHTO SCHOOL ZN SPEED VIOLATION,50,0,0,0,50,0,000,ST,DEPARTMENT OF TRANSPORTATION,,
LPX2239,NY,PAS,4941171548,03/22/2025,12:21P,PHTO SCHOOL ZN SPEED VIOLATION,50,0,0,0,50,0,000,QN,DEPARTMENT OF TRANSPORTATION,,
KTX9248,NY,PAS,5701173057,11/12/2024,06:45P,NO STANDING-OFF-STREET LOT,50,0,0,0,50,0,000,,TRANSIT AUTHORITY,,
LRL1601,NY,PAS,4939193731,03/06/2025,12:00P,PHTO SCHOOL ZN SPEED VIOLATION,50,25,0,0,75,0,000,BX,DEPARTMENT OF TRANSPORTATION,,
E89WBP,NJ,PAS,4967914019,10/10/2025,05:12A,PHTO SCHOOL ZN SPEED VIOLATION,50,0,0,0,50,0,000,MN,DEPARTMENT OF TRANSPORTATION,,
LWF9293,PA,PAS,4780132095,05/19/2022,06:06P,PHTO SCHOOL ZN SPEED VIOLATION,50,25,18.11,0.13,92.98,0,000,BX,DEPARTMENT OF TRANSPORTATION,,08/11/2022
HUH4140,NY,PAS,4780550804,05/26/2022,12:06P,PHTO SCHOOL ZN SPEED VIOLATION,50,25,17.48,0.02,92.46,0,000,BK,DEPARTMENT OF TRANSPORTATION,,08/18/2022
KRM3310,NY,PAS,4939771880,03/11/2025,10:02A,PHTO SCHOOL ZN SPEED VIOLATION,50,0,0,0,50,0,000,BK,DEPARTMENT OF TRANSPORTATION,,
LBF7911,NY,PAS,4939193913,03/06/2025,12:01P,PHTO SCHOOL ZN SPEED VIOLATION,50,0,0,0,50,0,000,MN,DEPARTMENT OF TRANSPORTATION,,
LCK5072,NY,PAS,4939772032,03/11/2025,10:05A,PHTO SCHOOL ZN SPEED VIOLATION,50,0,0,0,50,0,000,ST,DEPARTMENT OF TRANSPORTATION,,
JLH5823,NY,PAS,4967916272,10/10/2025,06:13A,PHTO SCHOOL ZN SPEED VIOLATION,50,0,0,0,50,0,000,QN,DEPARTMENT OF TRANSPORTATION,,
LVA4283,NY,PAS,1499323037,05/20/2025,01:08A,FIRE HYDRANT,115,60,1.72,0,176.72,0,047,BX,POLICE DEPARTMENT,HEARING HELD-GUILTY,10/30/2025
KNM7188,NY,PAS,4049629318,11/18/2025,11:03A,BUS LANE VIOLATION,50,0,0,0,50,0,000,QN,DEPARTMENT OF TRANSPORTATION,,
BDG9772,NY,PAS,4939194334,03/06/2025,12:04P,PHTO SCHOOL ZN SPEED VIOLATION,50,0,0,0,50,0,000,QN,DEPARTMENT OF TRANSPORTATION,,
HYW4434,NY,PAS,4939772123,03/11/2025,10:06A,PHTO SCHOOL ZN SPEED VIOLATION,50,0,0,0,50,0,000,QN,DEPARTMENT OF TRANSPORTATION,,
HSP7682,NY,PAS,4965447475,09/19/2025,05:23P,PHTO SCHOOL ZN SPEED VIOLATION,50,0,0,0,50,0,000,QN,DEPARTMENT OF TRANSPORTATION,,
U91UYN,NJ,PAS,9196191030,04/09/2025,06:11P,EXPIRED MUNI METER,65,10,0,10,65,0,020,NY,TRAFFIC,,
LJX4830,NY,PAS,9196191065,04/10/2025,12:49P,INSP. STICKER-EXPIRED/MISSING,65,0,0,0,65,0,023,NY,TRAFFIC,,
C32SYG,NJ,PAS,4965447153,09/19/2025,05:16P,PHTO SCHOOL ZN SPEED VIOLATION,50,0,0,0,50,0,000,BK,DEPARTMENT OF TRANSPORTATION,,
B56PDA,NJ,PAS,2023109267,04/15/2025,09:14A,NO PARKING-STREET CLEANING,65,0,0,0,65,0,009,NY,DEPARTMENT OF SANITATION,,
HPZ4924,NY,PAS,2023139867,04/11/2025,09:17A,NO PARKING-STREET CLEANING,65,0,0,0,65,0,078,Kings,DEPARTMENT OF SANITATION,,
B80RYV,NJ,PAS,2023177390,04/15/2025,08:39A,NO PARKING-STREET CLEANING,65,0,0,0,65,0,010,NY,DEPARTMENT OF SANITATION,,
ETP7032,NY,PAS,4939194188,03/06/2025,12:03P,PHTO SCHOOL ZN SPEED VIOLATION,50,0,0,0,50,0,000,BK,DEPARTMENT OF TRANSPORTATION,,
KXT2666,NY,PAS,4939194632,03/06/2025,12:06P,PHTO SCHOOL ZN SPEED VIOLATION,50,0,0,0,50,0,000,QN,DEPARTMENT OF TRANSPORTATION,,
GCZ9694,NY,PAS,5707327538,11/04/2025,03:48P,MTA CAMERA VIOLATION - DOUBLE PARKING,50,0,0,0,50,0,000,BK,TRANSIT AUTHORITY,,
LNK8158,NY,PAS,4939194723,03/06/2025,12:07P,PHTO SCHOOL ZN SPEED VIOLATION,50,0,0,0,50,0,000,QN,DEPARTMENT OF TRANSPORTATION,,
KDV5535,NY,PAS,9196192136,04/14/2025,05:52P,FAIL TO DSPLY MUNI METER RECPT,65,0,0,0,65,0,020,NY,TRAFFIC,,
HRJ7440,NY,PAS,5701173290,11/12/2024,02:32P,NO STANDING-OFF-STREET LOT,50,0,0,0,50,0,000,,TRANSIT AUTHORITY,,
HZG6807,NY,PAS,5701173392,11/12/2024,03:12P,NO STANDING-OFF-STREET LOT,50,0,0,0,50,0,000,BK,TRANSIT AUTHORITY,,
JRY5806,NY,PAS,5701173458,11/12/2024,03:21P,NO STANDING-OFF-STREET LOT,50,0,0,0,50,0,000,,TRANSIT AUTHORITY,,
HRZ5306,NY,PAS,4965839420,09/23/2025,04:00P,PHTO SCHOOL ZN SPEED VIOLATION,50,25,0,0,75,0,000,QN,DEPARTMENT OF TRANSPORTATION,,
15342NE,NY,COM,9194101140,03/26/2025,02:09P,FAIL TO DISP. MUNI METER RECPT,65,0,0,15,50,0,014,NY,TRAFFIC,HEARING HELD-GUILTY REDUCTION,
LNK2181,NY,PAS,4937999357,02/23/2025,10:02A,PHTO SCHOOL ZN SPEED VIOLATION,50,25,0,0,75,0,000,QN,DEPARTMENT OF TRANSPORTATION,,
HUH4140,NY,PAS,4780551791,05/26/2022,12:13P,PHTO SCHOOL ZN SPEED VIOLATION,50,25,17.48,0.02,92.46,0,000,BK,DEPARTMENT OF TRANSPORTATION,,08/18/2022
HUH4140,NY,PAS,4781347927,06/02/2022,08:07P,PHTO SCHOOL ZN SPEED VIOLATION,50,25,17.35,0.02,92.33,0,000,QN,DEPARTMENT OF TRANSPORTATION,,08/25/2022
87AGJY,FL,PAS,4781741836,06/01/2022,01:36P,PHTO SCHOOL ZN SPEED VIOLATION,50,25,12.48,0.06,87.42,0,000,QN,DEPARTMENT OF TRANSPORTATION,,08/25/2022
KZM9839,NY,PAS,5703574407,03/23/2025,12:21P,NO STANDING-OFF-STREET LOT,50,0,0,0,50,0,000,QN,TRANSIT AUTHORITY,,
JEL3148,NY,PAS,4939194681,03/06/2025,12:06P,PHTO SCHOOL ZN SPEED VIOLATION,50,0,0,0,50,0,000,QN,DEPARTMENT OF TRANSPORTATION,,
LRE1037,NY,PAS,4939194759,03/06/2025,12:07P,PHTO SCHOOL ZN SPEED VIOLATION,50,0,0,0,50,0,000,BX,DEPARTMENT OF TRANSPORTATION,,
BG24437,CT,PAS,4939194991,03/06/2025,12:10P,PHTO SCHOOL ZN SPEED VIOLATION,50,0,0,0,50,0,000,QN,DEPARTMENT OF TRANSPORTATION,,
T695171C,NY,OMT,4939195053,03/06/2025,12:11P,PHTO SCHOOL ZN SPEED VIOLATION,50,0,0,0,50,0,000,BK,DEPARTMENT OF TRANSPORTATION,,
LGE1482,NY,OMS,5701174050,11/12/2024,06:20P,NO STANDING-OFF-STREET LOT,50,0,0,0,50,0,000,,TRANSIT AUTHORITY,,
LKW3799,NY,PAS,4966010226,09/24/2025,02:39P,PHTO SCHOOL ZN SPEED VIOLATION,50,0,0,0,50,0,000,BK,DEPARTMENT OF TRANSPORTATION,,
15762LY,NY,OML,4939195417,03/06/2025,12:14P,PHTO SCHOOL ZN SPEED VIOLATION,50,0,0,0,50,0,000,QN,DEPARTMENT OF TRANSPORTATION,,
MPL7579,PA,PAS,9196192549,04/19/2025,12:40P,NO PARKING-DAY/TIME LIMITS,60,0,0,0,60,0,023,NY,TRAFFIC,,
LKK2038,NY,PAS,9196193098,04/22/2025,04:45P,FRONT OR BACK PLATE MISSING,65,0,0,0,65,0,019,NY,TRAFFIC,,
T672068C,NY,OMT,4941172553,03/22/2025,12:56P,PHTO SCHOOL ZN SPEED VIOLATION,50,0,0,0,50,0,000,QN,DEPARTMENT OF TRANSPORTATION,,
EEA8387,NC,PAS,4782439209,06/10/2022,04:14P,PHTO SCHOOL ZN SPEED VIOLATION,50,25,17.48,0.02,92.46,0,000,QN,DEPARTMENT OF TRANSPORTATION,,09/01/2022
JPT4212,NY,PAS,5703574857,03/23/2025,12:44P,NO STANDING-OFF-STREET LOT,50,0,0,0,50,0,000,,TRANSIT AUTHORITY,,
LRS6163,NY,PAS,9179900136,01/10/2025,11:40A,NO PARKING-STREET CLEANING,65,10,0,0,75,0,112,Q,TRAFFIC,,
KZJ2018,NY,PAS,4966010263,09/24/2025,02:40P,PHTO SCHOOL ZN SPEED VIOLATION,50,0,0,0,50,0,000,BK,DEPARTMENT OF TRANSPORTATION,,
FYK7389,NY,PAS,4939195223,03/06/2025,12:12P,PHTO SCHOOL ZN SPEED VIOLATION,50,0,0,0,50,0,000,ST,DEPARTMENT OF TRANSPORTATION,,
KYD2636,NY,PAS,4939195028,03/06/2025,12:10P,PHTO SCHOOL ZN SPEED VIOLATION,50,0,0,0,50,0,000,ST,DEPARTMENT OF TRANSPORTATION,,
EEA8387,NC,PAS,4782565112,06/13/2022,07:05A,PHTO SCHOOL ZN SPEED VIOLATION,50,25,17.72,0.03,92.69,0,000,QN,DEPARTMENT OF TRANSPORTATION,,09/01/2022
JPR8066,NY,PAS,4965839894,09/23/2025,04:10P,PHTO SCHOOL ZN SPEED VIOLATION,50,25,0,25,50,0,000,QN,DEPARTMENT OF TRANSPORTATION,,
LJH9305,NY,PAS,4965839833,09/23/2025,04:09P,PHTO SCHOOL ZN SPEED VIOLATION,50,25,0,0,75,0,000,QN,DEPARTMENT OF TRANSPORTATION,,
GBW1347,NY,PAS,4965447815,09/19/2025,05:38P,PHTO SCHOOL ZN SPEED VIOLATION,50,0,0,0,50,0,000,BX,DEPARTMENT OF TRANSPORTATION,,
KVM6645,NY,PAS,4966010378,09/24/2025,02:42P,PHTO SCHOOL ZN SPEED VIOLATION,50,0,0,0,50,0,000,BX,DEPARTMENT OF TRANSPORTATION,,
KHL8466,NY,PAS,4965448005,09/19/2025,05:46P,PHTO SCHOOL ZN SPEED VIOLATION,50,0,0,0,50,0,000,MN,DEPARTMENT OF TRANSPORTATION,,
KHD8412,NY,PAS,9196194388,05/01/2025,01:53P,EXPIRED MUNI METER,35,0,0,0,35,0,023,NY,TRAFFIC,,
LNR6204,NY,PAS,9196194418,05/01/2025,02:33P,EXPIRED MUNI METER,35,0,0,0,35,0,023,NY,TRAFFIC,,
CDB2232,NY,SRF,9049020318,04/25/2023,11:35A,NO PARKING-STREET CLEANING,65,30,0,0,95,0,090,K,TRAFFIC,HEARING HELD-GUILTY,
LGC8774,NY,PAS,5802408480,01/16/2025,05:58P,EXPIRED METER-COMM METER ZONE,50,0,0,0,50,0,000,BK,TRANSIT AUTHORITY,,
NND3M,FL,PAS,4939773942,03/11/2025,10:40A,PHTO SCHOOL ZN SPEED VIOLATION,50,0,0,0,50,0,000,BK,DEPARTMENT OF TRANSPORTATION,,
LFC4511,NY,PAS,5133888375,04/18/2024,07:57P,FAILURE TO STOP AT RED LIGHT,50,25,4.13,0.07,79.06,0,000,BK,DEPARTMENT OF TRANSPORTATION,,07/11/2024
AEC6977,NY,PAS,4939195466,03/06/2025,12:14P,PHTO SCHOOL ZN SPEED VIOLATION,50,0,0,0,50,0,000,ST,DEPARTMENT OF TRANSPORTATION,,
LPM5155,NY,PAS,4939773607,03/11/2025,10:31A,PHTO SCHOOL ZN SPEED VIOLATION,50,0,0,0,50,0,000,BK,DEPARTMENT OF TRANSPORTATION,,
LRY3486,NY,PAS,4928703741,12/06/2024,07:11A,PHTO SCHOOL ZN SPEED VIOLATION,50,25,2.44,0,77.44,0,000,ST,DEPARTMENT OF TRANSPORTATION,,02/27/2025
T788435C,NY,OMT,5701174384,11/12/2024,08:39P,NO STANDING-OFF-STREET LOT,50,0,0,0,50,0,000,,TRANSIT AUTHORITY,,
T685164C,NY,OMT,5701174669,11/13/2024,12:26A,NO STANDING-OFF-STREET LOT,50,0,0,0,50,0,000,,TRANSIT AUTHORITY,,
GFM2034,NY,PAS,4966010408,09/24/2025,02:42P,PHTO SCHOOL ZN SPEED VIOLATION,50,0,0,0,50,0,000,BX,DEPARTMENT OF TRANSPORTATION,,
RHL3029,NC,PAS,4928703364,12/06/2024,06:58A,PHTO SCHOOL ZN SPEED VIOLATION,50,25,2.52,0.13,77.39,0,000,BX,DEPARTMENT OF TRANSPORTATION,,02/27/2025
HCZ2967,NY,PAS,4926466909,11/17/2024,12:59P,PHTO SCHOOL ZN SPEED VIOLATION,50,25,2.51,0.13,77.38,0,000,QN,DEPARTMENT OF TRANSPORTATION,,02/06/2025
H37VGJ,NJ,PAS,9196194431,05/01/2025,02:48P,FAIL TO DSPLY MUNI METER RECPT,35,0,0,0,35,0,023,NY,TRAFFIC,,
JDR6405,NY,PAS,4939195934,03/06/2025,12:19P,PHTO SCHOOL ZN SPEED VIOLATION,50,0,0,0,50,0,000,QN,DEPARTMENT OF TRANSPORTATION,,
73037NA,NY,COM,4939774302,03/11/2025,10:48A,PHTO SCHOOL ZN SPEED VIOLATION,50,0,0,0,50,0,000,QN,DEPARTMENT OF TRANSPORTATION,HEARING ADJOURNMENT,
KTS7666,NY,PAS,4939774211,03/11/2025,10:45A,PHTO SCHOOL ZN SPEED VIOLATION,50,0,0,0,50,0,000,QN,DEPARTMENT OF TRANSPORTATION,,
JPP6987,NY,PAS,4939774296,03/11/2025,10:48A,PHTO SCHOOL ZN SPEED VIOLATION,50,0,0,0,50,0,000,QN,DEPARTMENT OF TRANSPORTATION,,
KZK1447,NY,PAS,2023184642,04/10/2025,09:25A,NO PARKING-STREET CLEANING,65,0,0,0,65,0,081,Kings,DEPARTMENT OF SANITATION,,
GYW7071,NY,PAS,4939196185,03/06/2025,12:22P,PHTO SCHOOL ZN SPEED VIOLATION,50,0,0,0,50,0,000,BK,DEPARTMENT OF TRANSPORTATION,,
M57RHV,NJ,PAS,4939196021,03/06/2025,12:20P,PHTO SCHOOL ZN SPEED VIOLATION,50,0,0,0,50,0,000,QN,DEPARTMENT OF TRANSPORTATION,,
LLB3611,NY,PAS,2023199177,04/15/2025,09:51A,NO PARKING-STREET CLEANING,65,0,0,0,65,0,032,NY,DEPARTMENT OF SANITATION,,
KGJ1720,NY,PAS,5701175080,11/13/2024,08:02A,NO STANDING-OFF-STREET LOT,50,0,0,0,50,0,000,ST,TRANSIT AUTHORITY,,
T129413C,NY,OMT,5701174750,11/13/2024,06:33A,NO STANDING-OFF-STREET LOT,50,0,0,0,50,0,000,,TRANSIT AUTHORITY,,
LBS1540,NY,PAS,5701175145,11/13/2024,08:14A,NO STANDING-OFF-STREET LOT,50,0,0,0,50,0,000,QN,TRANSIT AUTHORITY,,
B32KWY,NJ,PAS,5701175194,11/13/2024,08:30A,NO STANDING-OFF-STREET LOT,50,0,0,0,50,0,000,,TRANSIT AUTHORITY,,
HHP7122,NY,PAS,5701175297,11/13/2024,08:43A,NO STANDING-OFF-STREET LOT,150,0,0,0,150,0,000,,TRANSIT AUTHORITY,HEARING HELD-GUILTY,
MD7189,NJ,PAS,5701175509,11/13/2024,09:20A,NO STANDING-OFF-STREET LOT,50,0,0,0,50,0,000,MN,TRANSIT AUTHORITY,,
FB75550,IL,PAS,4933158034,01/08/2025,10:25P,PHTO SCHOOL ZN SPEED VIOLATION,50,25,2.19,0.07,77.12,0,000,BK,DEPARTMENT OF TRANSPORTATION,,04/03/2025
ACR1704,NY,PAS,4965448182,09/19/2025,05:51P,PHTO SCHOOL ZN SPEED VIOLATION,50,0,0,0,50,0,000,QN,DEPARTMENT OF TRANSPORTATION,,
15489MN,NY,COM,9194104360,04/09/2025,09:40A,NO STANDING-DAY/TIME LIMITS,115,0,0,0,115,0,014,NY,TRAFFIC,,
JPM8115,NY,PAS,4937740052,02/20/2025,12:41P,PHTO SCHOOL ZN SPEED VIOLATION,50,25,1.86,0.13,76.73,0,000,QN,DEPARTMENT OF TRANSPORTATION,,05/15/2025
BXH8242,NY,PAS,4939196434,03/06/2025,12:24P,PHTO SCHOOL ZN SPEED VIOLATION,50,0,0,0,50,0,000,BX,DEPARTMENT OF TRANSPORTATION,,
Y207432C,NY,OMT,4939774491,03/11/2025,10:52A,PHTO SCHOOL ZN SPEED VIOLATION,50,0,0,0,50,0,000,BX,DEPARTMENT OF TRANSPORTATION,,
HRX2121,PA,PAS,4939196409,03/06/2025,12:24P,PHTO SCHOOL ZN SPEED VIOLATION,50,0,0,0,50,0,000,BK,DEPARTMENT OF TRANSPORTATION,,
Z21VFD,NJ,PAS,2023209316,04/14/2025,08:32A,NO STANDING-DAY/TIME LIMITS,115,0,0,0,115,0,102,Qns,DEPARTMENT OF SANITATION,,
KTL2417,NY,PAS,2023241479,04/11/2025,08:23A,NO PARKING-STREET CLEANING,65,0,0,0,65,0,062,Kings,DEPARTMENT OF SANITATION,,
11926MK,NY,COM,4966010469,09/24/2025,02:43P,PHTO SCHOOL ZN SPEED VIOLATION,50,0,0,0,50,0,000,QN,DEPARTMENT OF TRANSPORTATION,,
FTG3999,NY,PAS,4939197049,03/06/2025,12:31P,PHTO SCHOOL ZN SPEED VIOLATION,50,0,0,0,50,0,000,QN,DEPARTMENT OF TRANSPORTATION,,
GPV1871,NY,PAS,9196194480,05/01/2025,05:42P,FAIL TO DSPLY MUNI METER RECPT,35,0,0,0,35,0,023,NY,TRAFFIC,,
96083MM,NY,COM,9196194649,05/02/2025,09:22A,NO PARKING-STREET CLEANING,65,0,0,25,40,0,019,NY,TRAFFIC,HEARING HELD-GUILTY REDUCTION,
LGC1279,NY,PAS,4941173727,03/22/2025,01:38P,PHTO SCHOOL ZN SPEED VIOLATION,50,0,0,0,50,0,000,BX,DEPARTMENT OF TRANSPORTATION,,
LRA7107,NY,PAS,4939196781,03/06/2025,12:28P,PHTO SCHOOL ZN SPEED VIOLATION,50,0,0,0,50,0,000,QN,DEPARTMENT OF TRANSPORTATION,,
LAE1873,NY,PAS,4939774820,03/11/2025,11:01A,PHTO SCHOOL ZN SPEED VIOLATION,50,0,0,0,50,0,000,BX,DEPARTMENT OF TRANSPORTATION,,
LKF1231,NY,PAS,4939774880,03/11/2025,11:02A,PHTO SCHOOL ZN SPEED VIOLATION,50,0,0,0,50,0,000,BK,DEPARTMENT OF TRANSPORTATION,,
T123306C,NY,OMT,5802388389,01/15/2025,09:26P,EXPIRED METER-COMM METER ZONE,50,0,0,0,50,0,000,BK,TRANSIT AUTHORITY,HEARING HELD-GUILTY,
LHB3049,PA,PAS,2023249995,04/15/2025,08:50A,NO PARKING-STREET CLEANING,65,0,0,0,65,0,083,Kings,DEPARTMENT OF SANITATION,,
T640151C,NY,OMT,4939196793,03/06/2025,12:28P,PHTO SCHOOL ZN SPEED VIOLATION,50,0,0,0,50,0,000,BK,DEPARTMENT OF TRANSPORTATION,,
GVY8724,NY,PAS,4939197128,03/06/2025,12:32P,PHTO SCHOOL ZN SPEED VIOLATION,50,0,0,0,50,0,000,BX,DEPARTMENT OF TRANSPORTATION,,
KDX9263,NY,PAS,4939197104,03/06/2025,12:31P,PHTO SCHOOL ZN SPEED VIOLATION,50,0,0,0,50,0,000,BK,DEPARTMENT OF TRANSPORTATION,,
ENL3828,NY,PAS,2023283530,04/10/2025,12:08P,NO PARKING-STREET CLEANING,65,0,0,0,65,0,046,Bronx,DEPARTMENT OF SANITATION,,
C11CAC,NJ,PAS,2023295889,04/11/2025,07:47A,NO PARKING-STREET CLEANING,65,0,0,0,65,0,072,Kings,DEPARTMENT OF SANITATION,,
51449NC,NY,COM,9188790162,02/27/2025,02:02P,FAIL TO DISP. MUNI METER RECPT,65,0,0,0,65,0,005,NY,TRAFFIC,HEARING HELD-GUILTY,
TJB1047,VA,PAS,1498524266,04/03/2025,05:48P,FIRE HYDRANT,115,0,0,0,115,0,078,K,POLICE DEPARTMENT,,
JRX9069,NY,PAS,5701175560,11/13/2024,09:27A,NO STANDING-OFF-STREET LOT,50,0,0,0,50,0,000,ST,TRANSIT AUTHORITY,,
LRP6268,NY,PAS,4941173960,03/22/2025,01:54P,PHTO SCHOOL ZN SPEED VIOLATION,50,25,0,25,50,0,000,QN,DEPARTMENT OF TRANSPORTATION,,
LJY2457,NY,PAS,4965448236,09/19/2025,05:52P,PHTO SCHOOL ZN SPEED VIOLATION,50,0,0,0,50,0,000,QN,DEPARTMENT OF TRANSPORTATION,,
LWE4227,NY,PAS,1499344077,05/17/2025,02:50A,NO STANDING-DAY/TIME LIMITS,115,60,0.91,0.3,175.61,0,114,Q,POLICE DEPARTMENT,,09/04/2025
JBE9282,NY,PAS,1490122606,08/31/2023,08:47P,DOUBLE PARKING,115,60,26.41,0.22,201.19,0,067,,POLICE DEPARTMENT,,12/21/2023
KJY7147,NY,PAS,4939197270,03/06/2025,12:33P,PHTO SCHOOL ZN SPEED VIOLATION,50,0,0,0,50,0,000,QN,DEPARTMENT OF TRANSPORTATION,,
LKN1287,NY,PAS,4933158526,01/09/2025,12:06A,PHTO SCHOOL ZN SPEED VIOLATION,50,0,0,0,50,0,000,QN,DEPARTMENT OF TRANSPORTATION,,
L59VAW,NJ,PAS,4939197311,03/06/2025,12:33P,PHTO SCHOOL ZN SPEED VIOLATION,50,0,0,0,50,0,000,QN,DEPARTMENT OF TRANSPORTATION,,
LJR8079,NY,PAS,4939197153,03/06/2025,12:32P,PHTO SCHOOL ZN SPEED VIOLATION,50,0,0,0,50,0,000,ST,DEPARTMENT OF TRANSPORTATION,,
LTU2530,NY,PAS,4939775422,03/11/2025,08:07A,PHTO SCHOOL ZN SPEED VIOLATION,50,0,0,0,50,0,000,BK,DEPARTMENT OF TRANSPORTATION,,
LFS1793,NY,PAS,2023295920,04/11/2025,11:40A,NO PARKING-STREET CLEANING,65,0,0,0,65,0,072,Kings,DEPARTMENT OF SANITATION,,
10886MM,NY,COM,9049020537,04/26/2023,11:39A,FAIL TO DSPLY MUNI METER RECPT,35,0,0,0,35,0,090,K,TRAFFIC,APPEAL AFFIRMED,
HPN9147,NY,PAS,2023295956,04/11/2025,11:46A,NO PARKING-STREET CLEANING,65,0,0,0,65,0,072,Kings,DEPARTMENT OF SANITATION,,
409DST,NY,ORG,4931800105,12/29/2024,12:32P,PHTO SCHOOL ZN SPEED VIOLATION,50,0,0,0,50,0,000,BK,DEPARTMENT OF TRANSPORTATION,,
LBM6931,NY,PAS,4939197414,03/06/2025,12:34P,PHTO SCHOOL ZN SPEED VIOLATION,50,0,0,0,50,0,000,QN,DEPARTMENT OF TRANSPORTATION,,
KUJ7341,NY,PAS,4939197580,03/06/2025,12:36P,PHTO SCHOOL ZN SPEED VIOLATION,50,0,0,0,50,0,000,QN,DEPARTMENT OF TRANSPORTATION,,
L54WCN,NJ,PAS,4965448261,09/19/2025,05:53P,PHTO SCHOOL ZN SPEED VIOLATION,50,0,0,0,50,0,000,BK,DEPARTMENT OF TRANSPORTATION,,
LTP8945,NY,PAS,4965448285,09/19/2025,05:53P,PHTO SCHOOL ZN SPEED VIOLATION,50,0,0,0,50,0,000,BK,DEPARTMENT OF TRANSPORTATION,,
JMF3076,NY,PAS,8705847321,12/14/2019,00:06A,FIRE HYDRANT,115,60,37.9,0,212.9,0,032,NY,TRAFFIC,HEARING HELD-GUILTY,05/12/2022
HSV8491,NY,PAS,5701176599,11/13/2024,11:14A,NO STANDING-OFF-STREET LOT,50,0,0,0,50,0,000,,TRANSIT AUTHORITY,HEARING HELD-GUILTY,
JMANN69,NY,SRF,5701176540,11/13/2024,11:09A,NO STANDING-OFF-STREET LOT,50,0,0,0,50,0,000,,TRANSIT AUTHORITY,,
6KNG87,MA,PAS,2026951354,10/27/2025,12:00P,NO PARKING-STREET CLEANING,65,0,0,0,65,0,046,Bronx,DEPARTMENT OF SANITATION,,
AH83224,AZ,PAS,2026952644,10/18/2025,12:15P,NO PARKING-DAY/TIME LIMITS,60,0,0,0,60,0,075,Kings,DEPARTMENT OF SANITATION,,
LTV2570,NY,PAS,2026971377,10/17/2025,12:01P,NO PARKING-STREET CLEANING,65,0,0,0,65,0,088,Kings,DEPARTMENT OF SANITATION,,
GEA7657,NY,PAS,4965448303,09/19/2025,05:53P,PHTO SCHOOL ZN SPEED VIOLATION,50,0,0,0,50,0,000,BX,DEPARTMENT OF TRANSPORTATION,,
KWS4135,NY,PAS,4965448390,09/19/2025,05:55P,PHTO SCHOOL ZN SPEED VIOLATION,50,0,0,0,50,0,000,BX,DEPARTMENT OF TRANSPORTATION,,
LWA2989,NY,PAS,4049629343,11/18/2025,12:08P,BUS LANE VIOLATION,50,0,0,0,50,0,000,QN,DEPARTMENT OF TRANSPORTATION,,
LDA6523,NY,PAS,4966010512,09/24/2025,02:44P,PHTO SCHOOL ZN SPEED VIOLATION,50,0,0,0,50,0,000,BK,DEPARTMENT OF TRANSPORTATION,,
DDH8241,NY,PAS,4939775793,03/11/2025,09:43A,PHTO SCHOOL ZN SPEED VIOLATION,50,0,0,0,50,0,000,QN,DEPARTMENT OF TRANSPORTATION,,
LKK1670,NY,PAS,2023333660,04/10/2025,11:54A,NO PARKING-STREET CLEANING,65,0,0,0,65,0,032,NY,DEPARTMENT OF SANITATION,,
LKY4708,PA,PAS,2023337136,04/11/2025,11:53A,NO PARKING-STREET CLEANING,65,0,0,0,65,0,013,NY,DEPARTMENT OF SANITATION,,
KVN4974,NY,PAS,9179900926,01/14/2025,11:56A,REG. STICKER-EXPIRED/MISSING,65,10,0,0,75,0,106,Q,TRAFFIC,,
LLE3441,NY,PAS,4939197633,03/06/2025,12:37P,PHTO SCHOOL ZN SPEED VIOLATION,50,0,0,0,50,0,000,ST,DEPARTMENT OF TRANSPORTATION,,
T108610C,NY,OMT,4939197852,03/06/2025,12:38P,PHTO SCHOOL ZN SPEED VIOLATION,50,0,0,0,50,0,000,BK,DEPARTMENT OF TRANSPORTATION,,
HUX4517,NY,PAS,9188790265,02/27/2025,03:42P,NO STANDING-EXC. TRUCK LOADING,95,60,0,30,125,0,005,NY,TRAFFIC,,
KVH5637,NY,PAS,9188790599,02/28/2025,11:58A,EXPIRED MUNI METER,65,60,0,0,125,0,006,NY,TRAFFIC,,
KIC1002,OH,PAS,5701176629,11/13/2024,11:16A,NO STANDING-OFF-STREET LOT,50,0,0,0,50,0,000,,TRANSIT AUTHORITY,,
HNB5536,NY,PAS,5701176666,11/13/2024,11:19A,NO STANDING-OFF-STREET LOT,50,0,0,0,50,0,000,,TRANSIT AUTHORITY,HEARING HELD-GUILTY,
BG6320,NY,PAS,5701176873,11/13/2024,11:31A,NO STANDING-OFF-STREET LOT,50,0,0,0,50,0,000,,TRANSIT AUTHORITY,,
KGS6145,NY,PAS,5701176630,11/13/2024,11:18A,NO STANDING-OFF-STREET LOT,50,0,0,0,50,0,000,,TRANSIT AUTHORITY,,
XBHW19,NJ,PAS,9188790307,02/27/2025,04:22P,NO STANDING-DAY/TIME LIMITS,115,0,0,0,115,0,005,NY,TRAFFIC,HEARING HELD-GUILTY,
KTE7986,NY,PAS,4966010640,09/24/2025,02:46P,PHTO SCHOOL ZN SPEED VIOLATION,50,0,0,0,50,0,000,BX,DEPARTMENT OF TRANSPORTATION,,
LLZ5970,NY,PAS,4939775860,03/11/2025,09:59A,PHTO SCHOOL ZN SPEED VIOLATION,50,0,0,0,50,0,000,BX,DEPARTMENT OF TRANSPORTATION,,
FHN6721,NY,PAS,4966010652,09/24/2025,02:46P,PHTO SCHOOL ZN SPEED VIOLATION,50,0,0,0,50,0,000,ST,DEPARTMENT OF TRANSPORTATION,,
HXZ1926,NY,PAS,4938004562,02/23/2025,11:30A,PHTO SCHOOL ZN SPEED VIOLATION,50,25,0,0,75,0,000,QN,DEPARTMENT OF TRANSPORTATION,,
KKR5052,NY,PAS,4941175013,03/22/2025,03:09P,PHTO SCHOOL ZN SPEED VIOLATION,50,0,0,0,50,0,000,BK,DEPARTMENT OF TRANSPORTATION,,
JBN5593,NY,PAS,4941174914,03/22/2025,03:02P,PHTO SCHOOL ZN SPEED VIOLATION,50,0,0,0,50,0,000,BX,DEPARTMENT OF TRANSPORTATION,,
HXA1596,NY,PAS,4939775902,03/11/2025,10:03A,PHTO SCHOOL ZN SPEED VIOLATION,50,0,0,0,50,0,000,QN,DEPARTMENT OF TRANSPORTATION,,
69038A5,TX,PAS,2023347786,04/10/2025,12:12P,NO PARKING-STREET CLEANING,65,0,0,0,65,0,043,Bronx,DEPARTMENT OF SANITATION,HEARING HELD-GUILTY,
T785488C,NY,OMT,2023349813,04/11/2025,08:08A,NO PARKING-STREET CLEANING,65,0,0,0,65,0,062,Kings,DEPARTMENT OF SANITATION,,
KND5283,NY,PAS,8991618558,09/16/2021,01:30P,FRONT OR BACK PLATE MISSING,65,60,42.49,0.19,167.3,0,084,K,TRAFFIC,,07/28/2022
KNX7599,NY,PAS,4965448480,09/19/2025,05:58P,PHTO SCHOOL ZN SPEED VIOLATION,50,0,0,0,50,0,000,BK,DEPARTMENT OF TRANSPORTATION,,
KYN4377,NY,PAS,4966010755,09/24/2025,02:47P,PHTO SCHOOL ZN SPEED VIOLATION,50,0,0,0,50,0,000,BK,DEPARTMENT OF TRANSPORTATION,,
GMV7135,NY,PAS,4941175530,03/22/2025,03:45P,PHTO SCHOOL ZN SPEED VIOLATION,50,0,0,0,50,0,000,QN,DEPARTMENT OF TRANSPORTATION,,
JNJ9375,NY,PAS,4939199046,03/06/2025,12:52P,PHTO SCHOOL ZN SPEED VIOLATION,50,0,0,0,50,0,000,QN,DEPARTMENT OF TRANSPORTATION,,
15489MN,NY,COM,9194104372,04/09/2025,09:42A,INSP. STICKER-EXPIRED/MISSING,65,0,0,0,65,0,014,NY,TRAFFIC,,
93428MG,NY,COM,9194104505,04/09/2025,02:26P,EXPIRED MUNI MTR-COMM MTR ZN,65,0,0,35,30,0,014,NY,TRAFFIC,HEARING HELD-GUILTY REDUCTION,
JCF5578,NY,PAS,4939776487,03/11/2025,11:00A,PHTO SCHOOL ZN SPEED VIOLATION,50,0,0,0,50,0,000,QN,DEPARTMENT OF TRANSPORTATION,,
LSW6345,NY,PAS,2023417776,04/15/2025,07:41A,NO PARKING-STREET CLEANING,65,0,0,0,65,0,066,Kings,DEPARTMENT OF SANITATION,,
KKX2049,NY,PAS,5701177075,11/13/2024,11:55A,NO STANDING-OFF-STREET LOT,50,0,0,0,50,0,000,,TRANSIT AUTHORITY,,
DTX5212,NY,PAS,2023443003,04/15/2025,09:57A,NO PARKING-STREET CLEANING,65,0,0,0,65,0,001,NY,DEPARTMENT OF SANITATION,,
HTW5141,NY,PAS,4966010690,09/24/2025,02:46P,PHTO SCHOOL ZN SPEED VIOLATION,50,0,0,0,50,0,000,ST,DEPARTMENT OF TRANSPORTATION,,
KPU9211,NY,PAS,4939198674,03/06/2025,12:47P,PHTO SCHOOL ZN SPEED VIOLATION,50,0,0,0,50,0,000,ST,DEPARTMENT OF TRANSPORTATION,,
E73UYE,NJ,PAS,4939198571,03/06/2025,12:46P,PHTO SCHOOL ZN SPEED VIOLATION,50,0,0,0,50,0,000,QN,DEPARTMENT OF TRANSPORTATION,,
KVN5686,NY,PAS,4965448649,09/19/2025,06:05P,PHTO SCHOOL ZN SPEED VIOLATION,50,0,0,0,50,0,000,QN,DEPARTMENT OF TRANSPORTATION,,
XMHF33,NJ,PAS,4966010767,09/24/2025,02:47P,PHTO SCHOOL ZN SPEED VIOLATION,50,0,0,0,50,0,000,BK,DEPARTMENT OF TRANSPORTATION,,
KJR6055,NY,PAS,4966010779,09/24/2025,02:47P,PHTO SCHOOL ZN SPEED VIOLATION,50,0,0,0,50,0,000,QN,DEPARTMENT OF TRANSPORTATION,,
KTH8349,NY,PAS,4932520682,01/01/2025,03:21A,PHTO SCHOOL ZN SPEED VIOLATION,50,25,1.4,0.06,76.34,0,000,QN,DEPARTMENT OF TRANSPORTATION,HEARING HELD-GUILTY,03/27/2025
KNM8345,NY,PAS,9196194686,05/02/2025,09:29A,NO PARKING-STREET CLEANING,65,0,0,0,65,0,019,NY,TRAFFIC,,
LHX9445,NY,PAS,4941175591,03/22/2025,03:47P,PHTO SCHOOL ZN SPEED VIOLATION,50,0,0,0,50,0,000,BK,DEPARTMENT OF TRANSPORTATION,,
KMY5471,NY,PAS,4939199150,03/06/2025,12:55P,PHTO SCHOOL ZN SPEED VIOLATION,50,0,0,0,50,0,000,QN,DEPARTMENT OF TRANSPORTATION,,
70555NE,NY,COM,5701177269,11/13/2024,12:07P,NO STANDING-OFF-STREET LOT,50,0,0,0,50,0,000,,TRANSIT AUTHORITY,,
ENS9720,NY,PAS,5701177385,11/13/2024,12:18P,NO STANDING-OFF-STREET LOT,50,0,0,0,50,0,000,,TRANSIT AUTHORITY,,
97197ML,NY,COM,4939777005,03/11/2025,11:15A,PHTO SCHOOL ZN SPEED VIOLATION,50,0,0,0,50,0,000,MN,DEPARTMENT OF TRANSPORTATION,,
DCX3557,NY,PAS,4939776852,03/11/2025,11:11A,PHTO SCHOOL ZN SPEED VIOLATION,50,0,0,0,50,0,000,MN,DEPARTMENT OF TRANSPORTATION,,
GLV9220,NY,PAS,9179901013,01/14/2025,01:13P,EXPIRED MUNI METER,35,0,0,0,35,0,106,Q,TRAFFIC,HEARING HELD-GUILTY,
CWE6172,NY,PAS,4939777170,03/11/2025,11:17A,PHTO SCHOOL ZN SPEED VIOLATION,50,0,0,0,50,0,000,QN,DEPARTMENT OF TRANSPORTATION,,
KEV8617,NY,PAS,4939199198,03/06/2025,12:57P,PHTO SCHOOL ZN SPEED VIOLATION,50,0,0,0,50,0,000,QN,DEPARTMENT OF TRANSPORTATION,,
JRT8132,NY,PAS,4939199290,03/06/2025,10:11A,PHTO SCHOOL ZN SPEED VIOLATION,50,0,0,0,50,0,000,BK,DEPARTMENT OF TRANSPORTATION,,
Y32PNX,NJ,PAS,2023455340,04/12/2025,12:56A,NO PARKING-STREET CLEANING,65,0,0,0,65,0,007,NY,DEPARTMENT OF SANITATION,,
GYF9339,NY,PAS,2023461996,04/10/2025,07:41A,NO PARKING-STREET CLEANING,65,0,0,0,65,0,045,Bronx,DEPARTMENT OF SANITATION,,
51449NC,NY,COM,9188791427,03/05/2025,12:52P,DOUBLE PARKING,115,0,0,0,115,0,001,NY,TRAFFIC,HEARING HELD-GUILTY,
T787964C,NY,OMT,5707327990,11/04/2025,04:10P,MTA CAMERA VIOLATION - DOUBLE PARKING,100,0,0,0,100,0,000,MN,TRANSIT AUTHORITY,,
DXN2874,NY,PAS,4938006637,02/23/2025,12:03P,PHTO SCHOOL ZN SPEED VIOLATION,50,25,0,0,75,0,000,BK,DEPARTMENT OF TRANSPORTATION,,
Y208932C,NY,OMT,4965448730,09/19/2025,06:06P,PHTO SCHOOL ZN SPEED VIOLATION,50,0,0,0,50,0,000,MN,DEPARTMENT OF TRANSPORTATION,,
KSC6323,NY,PAS,4941176042,03/22/2025,04:24P,PHTO SCHOOL ZN SPEED VIOLATION,50,0,0,0,50,0,000,QN,DEPARTMENT OF TRANSPORTATION,,
XPTL26,NJ,PAS,4939199472,03/06/2025,11:50A,PHTO SCHOOL ZN SPEED VIOLATION,50,0,0,0,50,0,000,MN,DEPARTMENT OF TRANSPORTATION,,
KVW4848,NY,PAS,5701177725,11/13/2024,12:34P,NO STANDING-OFF-STREET LOT,50,0,0,0,50,0,000,QN,TRANSIT AUTHORITY,,
T117976C,NY,OMT,5701177944,11/13/2024,12:45P,NO STANDING-OFF-STREET LOT,50,0,0,50,0,0,000,,TRANSIT AUTHORITY,HEARING HELD-NOT GUILTY,
LAV2779,NY,PAS,8888645834,02/20/2024,08:15P,SAFETY ZONE,115,60,2.25,0,177.25,0,108,Q,TRAFFIC,,06/06/2024
LAM7736,NY,PAS,5701178110,11/13/2024,12:54P,NO STANDING-OFF-STREET LOT,50,0,0,0,50,0,000,,TRANSIT AUTHORITY,,
JFJ9860,NY,PAS,5701178109,11/13/2024,12:54P,NO STANDING-OFF-STREET LOT,50,0,0,0,50,0,000,,TRANSIT AUTHORITY,,
GFE9363,NY,PAS,4939777546,03/11/2025,11:24A,PHTO SCHOOL ZN SPEED VIOLATION,50,0,0,0,50,0,000,BK,DEPARTMENT OF TRANSPORTATION,,
KJA3447,NY,PAS,2023477750,04/15/2025,09:01A,NO PARKING-STREET CLEANING,65,0,0,0,65,0,066,Kings,DEPARTMENT OF SANITATION,,
KJX7479,NY,PAS,4939199812,03/06/2025,12:35P,PHTO SCHOOL ZN SPEED VIOLATION,50,0,0,0,50,0,000,QN,DEPARTMENT OF TRANSPORTATION,,
MMV2718,PA,PAS,2023521178,04/15/2025,11:51A,NO PARKING-STREET CLEANING,65,0,0,0,65,0,030,NY,DEPARTMENT OF SANITATION,,
HRZ2881,NY,PAS,4939200243,03/06/2025,12:49P,PHTO SCHOOL ZN SPEED VIOLATION,50,0,0,0,50,0,000,QN,DEPARTMENT OF TRANSPORTATION,,
JCG3263,NY,PAS,4938006728,02/23/2025,12:04P,PHTO SCHOOL ZN SPEED VIOLATION,50,25,0,0,75,0,000,QN,DEPARTMENT OF TRANSPORTATION,,
16BRHT,FL,PAS,2011883519,08/31/2023,12:03P,NO PARKING-STREET CLEANING,65,60,20.08,0,145.08,0,052,Bronx,DEPARTMENT OF SANITATION,HEARING HELD-GUILTY,02/22/2024
BL35615,CT,PAS,4939777686,03/11/2025,11:26A,PHTO SCHOOL ZN SPEED VIOLATION,50,0,0,0,50,0,000,BX,DEPARTMENT OF TRANSPORTATION,,
KXT7521,NY,PAS,4936312915,02/07/2025,11:49A,PHTO SCHOOL ZN SPEED VIOLATION,50,25,1.92,0.06,76.86,0,000,ST,DEPARTMENT OF TRANSPORTATION,,05/01/2025
M56EPN,NJ,PAS,4941176364,03/22/2025,04:51P,PHTO SCHOOL ZN SPEED VIOLATION,50,0,0,0,50,0,000,MN,DEPARTMENT OF TRANSPORTATION,,
LLL8117,NY,PAS,4939777789,03/11/2025,11:27A,PHTO SCHOOL ZN SPEED VIOLATION,50,0,0,0,50,0,000,BK,DEPARTMENT OF TRANSPORTATION,HEARING HELD-GUILTY,
KPH7790,NY,PAS,9049021888,05/04/2023,11:19A,NO PARKING-STREET CLEANING,65,0,0,0,65,0,090,K,TRAFFIC,APPEAL AFFIRMED,
KNS8200,NY,PAS,4939777819,03/11/2025,11:27A,PHTO SCHOOL ZN SPEED VIOLATION,50,0,0,0,50,0,000,QN,DEPARTMENT OF TRANSPORTATION,,
GZX5935,NY,PAS,4939200292,03/06/2025,12:50P,PHTO SCHOOL ZN SPEED VIOLATION,50,0,0,0,50,0,000,QN,DEPARTMENT OF TRANSPORTATION,,
JKV2013,NY,PAS,2023525664,04/11/2025,12:46P,NO PARKING-STREET CLEANING,65,0,0,0,65,0,060,Kings,DEPARTMENT OF SANITATION,,
KYA6498,NY,PAS,2023525688,04/11/2025,12:50P,NO PARKING-STREET CLEANING,65,0,0,0,65,0,060,Kings,DEPARTMENT OF SANITATION,,
KYP6206,NY,PAS,2023543460,04/11/2025,12:11P,NO PARKING-STREET CLEANING,65,0,0,0,65,0,070,Kings,DEPARTMENT OF SANITATION,,
A55KGT,NJ,PAS,4939200450,03/06/2025,12:53P,PHTO SCHOOL ZN SPEED VIOLATION,50,25,0,0,75,0,000,MN,DEPARTMENT OF TRANSPORTATION,,
KTN7479,NY,PAS,9188792134,03/08/2025,08:17A,FAIL TO DSPLY MUNI METER RECPT,65,30,0,0,95,0,001,NY,TRAFFIC,,
32062NB,NY,COM,9188791968,03/07/2025,11:55A,NO STANDING-BUS STOP,115,0,0,0,115,0,001,NY,TRAFFIC,HEARING HELD-GUILTY,
9HWS195,CA,PAS,4966010810,09/24/2025,02:48P,PHTO SCHOOL ZN SPEED VIOLATION,50,0,0,0,50,0,000,QN,DEPARTMENT OF TRANSPORTATION,,
S1448280,GA,PAS,9043101011,03/27/2023,,,,,,,,,,,,,
603509T,NJ,PAS,9043101072,03/27/2023,,,,,,,,,,,,,
LDX2527,NY,PAS,9194106289,03/24/2025,11:40A,NO PARKING-STREET CLEANING,65,10,0,10,65,0,023,NY,TRAFFIC,,
LLU8254,NY,PAS,4941176728,03/22/2025,05:15P,PHTO SCHOOL ZN SPEED VIOLATION,50,0,0,0,50,0,000,BK,DEPARTMENT OF TRANSPORTATION,,
BEASTOO,NY,SRF,5701178675,11/13/2024,01:48P,NO STANDING-OFF-STREET LOT,50,0,0,0,50,0,000,,TRANSIT AUTHORITY,,
LNA9389,NY,PAS,5701178730,11/13/2024,01:54P,NO STANDING-OFF-STREET LOT,100,0,0,0,100,0,000,,TRANSIT AUTHORITY,,
DSF8266,NY,PAS,5701178821,11/13/2024,02:00P,NO STANDING-OFF-STREET LOT,50,0,0,0,50,0,000,QN,TRANSIT AUTHORITY,,
LAV6904,NY,PAS,5701178742,11/13/2024,01:55P,NO STANDING-OFF-STREET LOT,50,0,0,0,50,0,000,,TRANSIT AUTHORITY,,
LRR9338,NY,PAS,4939200474,03/06/2025,12:53P,PHTO SCHOOL ZN SPEED VIOLATION,50,0,0,0,50,0,000,BK,DEPARTMENT OF TRANSPORTATION,,
T765682C,NY,OMT,5701178833,11/13/2024,02:01P,NO STANDING-OFF-STREET LOT,50,0,0,0,50,0,000,QN,TRANSIT AUTHORITY,,
LLW6227,NY,PAS,4939778058,03/11/2025,11:31A,PHTO SCHOOL ZN SPEED VIOLATION,50,0,0,0,50,0,000,QN,DEPARTMENT OF TRANSPORTATION,,
MTB1759,PA,PAS,4939200607,03/06/2025,12:55P,PHTO SCHOOL ZN SPEED VIOLATION,50,0,0,0,50,0,000,QN,DEPARTMENT OF TRANSPORTATION,,
LHZ3404,NY,PAS,2023545365,04/15/2025,08:11A,NO PARKING-STREET CLEANING,65,0,0,0,65,0,047,Bronx,DEPARTMENT OF SANITATION,,
KDJ5758,NY,PAS,2023553040,04/10/2025,12:08P,NO PARKING-STREET CLEANING,65,0,0,0,65,0,020,NY,DEPARTMENT OF SANITATION,,
GXR5993,NY,PAS,2023553131,04/11/2025,09:24A,NO PARKING-STREET CLEANING,65,0,0,0,65,0,020,NY,DEPARTMENT OF SANITATION,,
KWG2144,NY,PAS,4939200449,03/06/2025,12:53P,PHTO SCHOOL ZN SPEED VIOLATION,50,0,0,0,50,0,000,ST,DEPARTMENT OF TRANSPORTATION,,
GYT8207,NY,PAS,2023553246,04/11/2025,12:20P,NO PARKING-STREET CLEANING,65,0,0,0,65,0,020,NY,DEPARTMENT OF SANITATION,,
HGZ4303,NY,PAS,4939778230,03/11/2025,11:33A,PHTO SCHOOL ZN SPEED VIOLATION,50,0,0,0,50,0,000,BX,DEPARTMENT OF TRANSPORTATION,,
HTZ3628,NY,PAS,4939200840,03/06/2025,12:57P,PHTO SCHOOL ZN SPEED VIOLATION,50,0,0,0,50,0,000,BK,DEPARTMENT OF TRANSPORTATION,,
JPR2277,NY,PAS,4966010846,09/24/2025,02:48P,PHTO SCHOOL ZN SPEED VIOLATION,50,0,0,0,50,0,000,BX,DEPARTMENT OF TRANSPORTATION,,
L88SSW,NJ,PAS,4965841438,09/23/2025,04:43P,PHTO SCHOOL ZN SPEED VIOLATION,50,25,0,0,75,0,000,MN,DEPARTMENT OF TRANSPORTATION,,
T104441C,NY,OMT,4937746996,02/20/2025,03:34P,PHTO SCHOOL ZN SPEED VIOLATION,50,25,1.73,0.13,76.6,0,000,BK,DEPARTMENT OF TRANSPORTATION,,05/22/2025
LDR2329,NY,PAS,4941176868,03/22/2025,05:27P,PHTO SCHOOL ZN SPEED VIOLATION,50,0,0,0,50,0,000,BX,DEPARTMENT OF TRANSPORTATION,,
JPF4075,NY,PAS,8571788881,11/14/2024,04:53P,DOUBLE PARKING,115,0,0,0,115,0,068,K,TRAFFIC,,
GXT2665,NY,PAS,8571788820,11/14/2024,03:02P,FIRE HYDRANT,115,0,0,0,115,0,067,K,TRAFFIC,,
HZD7205,NY,PAS,8571788730,11/13/2024,06:16P,FAIL TO DSPLY MUNI METER RECPT,35,0,0,35,0,0,067,K,TRAFFIC,HEARING HELD-NOT GUILTY,
JMANN69,NY,SRF,5701179229,11/13/2024,02:28P,NO STANDING-OFF-STREET LOT,50,0,0,0,50,0,000,,TRANSIT AUTHORITY,,
LEE7045,NY,PAS,5701179280,11/13/2024,02:32P,NO STANDING-OFF-STREET LOT,50,0,0,0,50,0,000,BK,TRANSIT AUTHORITY,HEARING HELD-GUILTY,
OL4404K,NJ,PAS,5701179175,11/13/2024,02:22P,NO STANDING-OFF-STREET LOT,50,0,0,0,50,0,000,BK,TRANSIT AUTHORITY,,
35910MM,NY,COM,9194106873,03/26/2025,08:26A,NO STANDING-BUS STOP,115,0,0,0,115,0,024,NY,TRAFFIC,,
KNX9674,NY,PAS,4782896633,06/09/2022,02:42P,PHTO SCHOOL ZN SPEED VIOLATION,50,25,17.21,0,92.21,0,000,BK,DEPARTMENT OF TRANSPORTATION,,09/08/2022
HUH4140,NY,PAS,4782986816,06/15/2022,11:21A,PHTO SCHOOL ZN SPEED VIOLATION,50,25,17.09,0.02,92.07,0,000,BK,DEPARTMENT OF TRANSPORTATION,,09/08/2022
HUH4140,NY,PAS,4783944647,06/22/2022,12:41P,PHTO SCHOOL ZN SPEED VIOLATION,50,25,16.96,0.02,91.94,0,000,BK,DEPARTMENT OF TRANSPORTATION,,09/15/2022
LTF2796,NY,PAS,9194107117,03/27/2025,08:17A,NO PARKING-STREET CLEANING,65,0,0,0,65,0,024,NY,TRAFFIC,,
AX9234,NY,PSD,4939200875,03/06/2025,12:58P,PHTO SCHOOL ZN SPEED VIOLATION,50,0,0,0,50,0,000,MN,DEPARTMENT OF TRANSPORTATION,,
JBR9166,NY,PAS,4939200930,03/06/2025,12:58P,PHTO SCHOOL ZN SPEED VIOLATION,50,0,0,0,50,0,000,BK,DEPARTMENT OF TRANSPORTATION,HEARING HELD-GUILTY,
JDR6405,NY,PAS,4939200929,03/06/2025,12:58P,PHTO SCHOOL ZN SPEED VIOLATION,50,0,0,0,50,0,000,QN,DEPARTMENT OF TRANSPORTATION,,
LPG1270,NY,PAS,4939200838,03/06/2025,12:57P,PHTO SCHOOL ZN SPEED VIOLATION,50,0,0,0,50,0,000,BK,DEPARTMENT OF TRANSPORTATION,,
LCD3162,NY,PAS,4939201156,03/06/2025,01:00P,PHTO SCHOOL ZN SPEED VIOLATION,50,0,0,0,50,0,000,BK,DEPARTMENT OF TRANSPORTATION,,
KNH5102,NY,PAS,8571788807,11/14/2024,02:50P,NO STOPPING-DAY/TIME LIMITS,115,0,0,0,115,0,067,K,TRAFFIC,,
LFP3274,NY,OMS,8571789241,11/16/2024,12:53P,FAIL TO DSPLY MUNI METER RECPT,35,0,0,0,35,0,067,K,TRAFFIC,,
LND1386,NY,PAS,8571789009,11/15/2024,08:06P,FAIL TO DSPLY MUNI METER RECPT,35,0,0,0,35,0,072,K,TRAFFIC,,
414286,NY,PAS,5701179862,11/13/2024,03:07P,NO STANDING-OFF-STREET LOT,50,0,0,0,50,0,000,QN,TRANSIT AUTHORITY,,
32202LV,NY,OML,5701179655,11/13/2024,02:55P,NO STANDING-OFF-STREET LOT,50,0,0,0,50,0,000,,TRANSIT AUTHORITY,HEARING HELD-GUILTY,
53579NC,NY,COM,5701179527,11/13/2024,02:46P,NO STANDING-OFF-STREET LOT,250,0,0,0,250,0,000,MN,TRANSIT AUTHORITY,,
T119555C,NY,OMT,9196194765,05/06/2025,01:17P,FAIL TO DSPLY MUNI METER RECPT,65,0,0,0,65,0,019,NY,TRAFFIC,,
2QNC18,MI,PAS,4939201260,03/06/2025,01:01P,PHTO SCHOOL ZN SPEED VIOLATION,50,0,0,0,50,0,000,MN,DEPARTMENT OF TRANSPORTATION,,
HYH9832,NY,PAS,4965448868,09/19/2025,06:11P,PHTO SCHOOL ZN SPEED VIOLATION,50,0,0,0,50,0,000,BX,DEPARTMENT OF TRANSPORTATION,,
LTY8693,NY,PAS,4941176960,03/22/2025,05:28P,PHTO SCHOOL ZN SPEED VIOLATION,50,0,0,0,50,0,000,BX,DEPARTMENT OF TRANSPORTATION,,
L90SBC,NJ,PAS,4939201168,03/06/2025,01:00P,PHTO SCHOOL ZN SPEED VIOLATION,50,25,0,0,75,0,000,BX,DEPARTMENT OF TRANSPORTATION,,
87AGJY,FL,PAS,4784069288,06/20/2022,09:49A,PHTO SCHOOL ZN SPEED VIOLATION,50,25,13.89,0.07,88.82,0,000,QN,DEPARTMENT OF TRANSPORTATION,,09/15/2022
KVN2026,NY,PAS,4784398569,06/24/2022,07:48P,PHTO SCHOOL ZN SPEED VIOLATION,50,25,16.81,0,91.81,0,000,QN,DEPARTMENT OF TRANSPORTATION,,09/15/2022
HAA3408,NY,PAS,4939778678,03/11/2025,11:39A,PHTO SCHOOL ZN SPEED VIOLATION,50,0,0,0,50,0,000,QN,DEPARTMENT OF TRANSPORTATION,,
GRB8691,NY,PAS,4939201363,03/06/2025,01:01P,PHTO SCHOOL ZN SPEED VIOLATION,50,0,0,0,50,0,000,QN,DEPARTMENT OF TRANSPORTATION,,
KEM4402,NY,PAS,4939201247,03/06/2025,01:01P,PHTO SCHOOL ZN SPEED VIOLATION,50,0,0,0,50,0,000,QN,DEPARTMENT OF TRANSPORTATION,,
KEM4402,NY,PAS,4939201387,03/06/2025,01:01P,PHTO SCHOOL ZN SPEED VIOLATION,50,0,0,0,50,0,000,QN,DEPARTMENT OF TRANSPORTATION,,
FJP9965,NY,PAS,4939201673,03/06/2025,01:04P,PHTO SCHOOL ZN SPEED VIOLATION,50,0,0,0,50,0,000,BX,DEPARTMENT OF TRANSPORTATION,,
KEK9815,NY,PAS,4939201510,03/06/2025,01:02P,PHTO SCHOOL ZN SPEED VIOLATION,50,0,0,0,50,0,000,QN,DEPARTMENT OF TRANSPORTATION,,
K126591,TX,PAS,5701180207,11/13/2024,03:27P,NO STANDING-OFF-STREET LOT,100,0,0,0,100,0,000,QN,TRANSIT AUTHORITY,,
GWT8040,NY,PAS,5701180190,11/13/2024,03:27P,NO STANDING-OFF-STREET LOT,50,0,0,0,50,0,000,ST,TRANSIT AUTHORITY,,
LJE1289,NY,PAS,5701179874,11/13/2024,03:07P,NO STANDING-OFF-STREET LOT,150,0,0,0,150,0,000,,TRANSIT AUTHORITY,,
LKJ5254,NY,PAS,9196194868,05/06/2025,02:28P,FAIL TO DSPLY MUNI METER RECPT,65,0,0,0,65,0,019,NY,TRAFFIC,,
KMU7414,NY,PAS,2023553350,04/11/2025,12:46P,NO PARKING-STREET CLEANING,65,0,0,0,65,0,024,NY,DEPARTMENT OF SANITATION,,
CXD6467,NY,PAS,2023553532,04/15/2025,11:58A,NO PARKING-STREET CLEANING,65,0,0,0,65,0,020,NY,DEPARTMENT OF SANITATION,,
LLV8738,NY,PAS,2023559870,04/15/2025,10:21A,NO PARKING-STREET CLEANING,65,0,0,0,65,0,062,Kings,DEPARTMENT OF SANITATION,,
HPD4107,NY,PAS,4939201557,03/06/2025,01:03P,PHTO SCHOOL ZN SPEED VIOLATION,50,0,0,0,50,0,000,QN,DEPARTMENT OF TRANSPORTATION,,
LSH7089,NY,PAS,4939201569,03/06/2025,01:03P,PHTO SCHOOL ZN SPEED VIOLATION,50,0,0,0,50,0,000,BX,DEPARTMENT OF TRANSPORTATION,,
KFV7129,NY,PAS,4939201697,03/06/2025,01:04P,PHTO SCHOOL ZN SPEED VIOLATION,50,0,0,0,50,0,000,QN,DEPARTMENT OF TRANSPORTATION,,
S1596498,GA,PAS,2011883817,09/21/2023,,,,,,,,,,,,,
LVP5827,NY,OMS,5707328180,11/04/2025,04:15P,MTA CAMERA VIOLATION - DOUBLE PARKING,50,0,0,0,50,0,000,BK,TRANSIT AUTHORITY,,
F38WGC,NJ,PAS,5707328191,11/04/2025,04:15P,MTA CAMERA VIOLATION - DOUBLE PARKING,50,0,0,0,50,0,000,MN,TRANSIT AUTHORITY,,
P42VZG,NJ,PAS,5707328269,11/04/2025,04:17P,MTA CAMERA VIOLATION - DOUBLE PARKING,50,0,0,0,50,0,000,,TRANSIT AUTHORITY,,
T140801C,NY,OMT,8571789344,11/18/2024,10:07A,FIRE HYDRANT,115,0,0,0,115,0,061,K,TRAFFIC,,
JLT5038,NY,PAS,5701179916,11/13/2024,03:10P,NO STANDING-OFF-STREET LOT,50,0,0,0,50,0,000,,TRANSIT AUTHORITY,,
J20RHW,NJ,PAS,5701180049,11/13/2024,03:17P,NO STANDING-OFF-STREET LOT,50,0,0,0,50,0,000,QN,TRANSIT AUTHORITY,,
EJLD05,CO,PAS,8571789769,11/19/2024,06:30P,NO STANDING-BUS STOP,115,0,0,0,115,0,072,K,TRAFFIC,,
KTT6028,NY,PAS,5701180517,11/13/2024,03:44P,NO STANDING-OFF-STREET LOT,50,0,0,0,50,0,000,,TRANSIT AUTHORITY,,
JLD1360,NY,PAS,5701180384,11/13/2024,03:37P,NO STANDING-OFF-STREET LOT,50,0,0,0,50,0,000,ST,TRANSIT AUTHORITY,,
HVU3328,NY,PAS,4965841712,09/23/2025,04:49P,PHTO SCHOOL ZN SPEED VIOLATION,50,25,0,25,50,0,000,BK,DEPARTMENT OF TRANSPORTATION,,
KKF1193,NY,PAS,4966011000,09/24/2025,02:51P,PHTO SCHOOL ZN SPEED VIOLATION,50,0,0,0,50,0,000,BK,DEPARTMENT OF TRANSPORTATION,,
KLV6202,NY,PAS,9196194947,05/06/2025,04:38P,INSP. STICKER-EXPIRED/MISSING,65,0,0,0,65,0,019,NY,TRAFFIC,,
CCS8686,NY,PAS,4939779439,03/11/2025,11:55A,PHTO SCHOOL ZN SPEED VIOLATION,50,0,0,0,50,0,000,QN,DEPARTMENT OF TRANSPORTATION,,
K80URH,NJ,PAS,4941177411,03/22/2025,05:57P,PHTO SCHOOL ZN SPEED VIOLATION,50,0,0,0,50,0,000,QN,DEPARTMENT OF TRANSPORTATION,,
C230778,CT,COM,2023569199,04/15/2025,01:15A,NO PARKING-STREET CLEANING,65,0,0,0,65,0,094,Kings,DEPARTMENT OF SANITATION,,
GUU8871,NY,PAS,2023590334,04/15/2025,11:41A,NO PARKING-STREET CLEANING,65,0,0,0,65,0,068,Kings,DEPARTMENT OF SANITATION,,
KRA1693,NY,PAS,4939202033,03/06/2025,01:06P,PHTO SCHOOL ZN SPEED VIOLATION,50,0,0,0,50,0,000,MN,DEPARTMENT OF TRANSPORTATION,,
HLF3673,NY,PAS,4965841839,09/23/2025,04:53P,PHTO SCHOOL ZN SPEED VIOLATION,50,25,0,0,75,0,000,ST,DEPARTMENT OF TRANSPORTATION,,
JNV3996,NY,PAS,8571433835,07/21/2022,03:44P,FIRE HYDRANT,115,0,0,0,115,0,072,K,TRAFFIC,HEARING HELD-GUILTY,
K113947,TX,PAS,5701180694,11/13/2024,03:57P,NO STANDING-OFF-STREET LOT,50,0,0,0,50,0,000,QN,TRANSIT AUTHORITY,,
KPT3507,NY,PAS,5701180554,11/13/2024,03:46P,NO STANDING-OFF-STREET LOT,50,0,0,0,50,0,000,,TRANSIT AUTHORITY,,
C71UXT,NJ,PAS,5701180700,11/13/2024,03:57P,NO STANDING-OFF-STREET LOT,100,0,0,0,100,0,000,,TRANSIT AUTHORITY,,
LHB6442,NY,PAS,5701180657,11/13/2024,03:54P,NO STANDING-OFF-STREET LOT,100,0,0,0,100,0,000,,TRANSIT AUTHORITY,,
LLX1040,NY,PAS,5701180724,11/13/2024,03:58P,NO STANDING-OFF-STREET LOT,50,0,0,0,50,0,000,,TRANSIT AUTHORITY,,
G78UHP,NJ,PAS,5701180591,11/13/2024,03:49P,NO STANDING-OFF-STREET LOT,50,0,0,0,50,0,000,,TRANSIT AUTHORITY,,
LBF7984,NY,PAS,4939202318,03/06/2025,01:09P,PHTO SCHOOL ZN SPEED VIOLATION,50,0,0,0,50,0,000,MN,DEPARTMENT OF TRANSPORTATION,,
MKD9682,PA,PAS,4965449423,09/19/2025,06:31P,PHTO SCHOOL ZN SPEED VIOLATION,50,25,0,0,75,0,000,QN,DEPARTMENT OF TRANSPORTATION,,
LHZ4623,NY,PAS,9196196105,04/10/2025,01:39P,FAIL TO DSPLY MUNI METER RECPT,35,0,0,0,35,0,023,NY,TRAFFIC,HEARING HELD-GUILTY,
HMP6484,NY,PAS,4965449435,09/19/2025,06:31P,PHTO SCHOOL ZN SPEED VIOLATION,50,0,0,0,50,0,000,BX,DEPARTMENT OF TRANSPORTATION,,
J76ADA,NJ,PAS,4941177745,03/22/2025,07:10P,PHTO SCHOOL ZN SPEED VIOLATION,50,0,0,0,50,0,000,BK,DEPARTMENT OF TRANSPORTATION,HEARING HELD-GUILTY,
USAYYDS,NY,SRF,4941177782,03/22/2025,07:19P,PHTO SCHOOL ZN SPEED VIOLATION,50,0,0,0,50,0,000,ST,DEPARTMENT OF TRANSPORTATION,,
767MML,NY,ORG,4939779816,03/11/2025,12:02P,PHTO SCHOOL ZN SPEED VIOLATION,50,0,0,0,50,0,000,BX,DEPARTMENT OF TRANSPORTATION,,
KLW3640,NY,PAS,2023596440,04/15/2025,09:13A,NO PARKING-STREET CLEANING,65,0,0,0,65,0,109,Qns,DEPARTMENT OF SANITATION,,
45125MD,NY,COM,2023599763,04/15/2025,09:11A,NO PARKING-STREET CLEANING,65,0,0,25,40,0,066,Kings,DEPARTMENT OF SANITATION,HEARING HELD-GUILTY REDUCTION,
JDR8052,NY,PAS,4941177915,03/22/2025,07:44P,PHTO SCHOOL ZN SPEED VIOLATION,50,0,0,0,50,0,000,ST,DEPARTMENT OF TRANSPORTATION,,
S1615458,GA,PAS,2011883830,09/21/2023,,,,,,,,,,,,,
TLF3256,VA,PAS,1498526081,04/21/2025,01:53P,NO STANDING-EXC. TRUCK LOADING,95,0,0,0,95,0,078,,POLICE DEPARTMENT,,
73234NE,NY,COM,9188792857,03/17/2025,12:58P,NO PARKING-DAY/TIME LIMITS,65,10,0,75,0,0,009,NY,TRAFFIC,HEARING HELD-NOT GUILTY,
LBV3077,NC,PAS,5701180918,11/13/2024,04:14P,NO STANDING-OFF-STREET LOT,50,0,0,0,50,0,000,,TRANSIT AUTHORITY,,
KHM8580,NY,PAS,5701181017,11/13/2024,04:19P,NO STANDING-OFF-STREET LOT,50,0,0,0,50,0,000,,TRANSIT AUTHORITY,,
HAC7475,NY,PAS,1498525891,03/24/2025,08:20A,NO STANDING-EXC. AUTH. VEHICLE,95,10,0,0,105,0,078,K,POLICE DEPARTMENT,,
LKN5983,NY,PAS,4965842248,09/23/2025,05:06P,PHTO SCHOOL ZN SPEED VIOLATION,50,25,0,0,75,0,000,QN,DEPARTMENT OF TRANSPORTATION,,
JKV1997,NY,PAS,4936317100,02/07/2025,03:14P,PHTO SCHOOL ZN SPEED VIOLATION,50,25,1.88,0.02,76.86,0,000,BK,DEPARTMENT OF TRANSPORTATION,HEARING HELD-GUILTY,05/01/2025
AY41862,CT,PAS,4941178180,03/22/2025,09:02P,PHTO SCHOOL ZN SPEED VIOLATION,50,0,0,0,50,0,000,MN,DEPARTMENT OF TRANSPORTATION,,
3TGM96,MA,PAS,4941177952,03/22/2025,07:48P,PHTO SCHOOL ZN SPEED VIOLATION,50,0,0,0,50,0,000,QN,DEPARTMENT OF TRANSPORTATION,,
2962553,IN,PAS,9049099919,05/15/2023,08:58A,PLTFRM LFTS LWRD POS COMM VEH,65,0,0,65,0,0,006,NY,TRAFFIC,HEARING HELD-NOT GUILTY,
LAG6939,NY,PAS,4939780326,03/11/2025,12:11P,PHTO SCHOOL ZN SPEED VIOLATION,50,0,0,0,50,0,000,BK,DEPARTMENT OF TRANSPORTATION,,
HRE6183,NY,PAS,4939780144,03/11/2025,12:07P,PHTO SCHOOL ZN SPEED VIOLATION,50,0,0,0,50,0,000,QN,DEPARTMENT OF TRANSPORTATION,,
MVJ4853,PA,PAS,2023606408,04/10/2025,08:11A,NO STANDING-BUS STOP,115,0,0,0,115,0,061,Kings,DEPARTMENT OF SANITATION,,
9337HU,SC,PAS,4938009833,02/23/2025,01:00P,PHTO SCHOOL ZN SPEED VIOLATION,50,25,0,0,75,0,000,BX,DEPARTMENT OF TRANSPORTATION,,
LPJ7637,NY,PAS,4938009894,02/23/2025,01:02P,PHTO SCHOOL ZN SPEED VIOLATION,50,25,0,0,75,0,000,BK,DEPARTMENT OF TRANSPORTATION,HEARING HELD-GUILTY,
TXA5825,VA,PAS,1490127215,11/17/2023,08:17A,CROSSWALK,115,10,0,0,125,0,071,,POLICE DEPARTMENT,,
LCG9470,NY,PAS,1498526251,02/22/2025,09:09P,FIRE HYDRANT,115,30,0,0,145,0,078,K,POLICE DEPARTMENT,,
XMVV80,NJ,PAS,9188793229,03/19/2025,10:49A,EXPIRED MUNI MTR-COMM MTR ZN,65,0,0,0,65,0,001,NY,TRAFFIC,HEARING HELD-GUILTY,
LVT7693,NY,PAS,5707328350,11/04/2025,04:21P,MTA CAMERA VIOLATION - DOUBLE PARKING,150,0,0,0,150,0,000,,TRANSIT AUTHORITY,,
KHA2730,NY,PAS,2023608077,04/15/2025,08:15A,NO PARKING-STREET CLEANING,65,0,0,0,65,0,078,Kings,DEPARTMENT OF SANITATION,,
Y93UAJ,NJ,PAS,2023620946,04/11/2025,11:30A,NO PARKING-STREET CLEANING,65,0,0,0,65,0,026,NY,DEPARTMENT OF SANITATION,,
LSA8015,NY,PAS,4938010732,02/23/2025,12:38P,PHTO SCHOOL ZN SPEED VIOLATION,50,0,0,0,50,0,000,BK,DEPARTMENT OF TRANSPORTATION,,
W70PBS,NJ,PAS,9196196154,04/10/2025,02:08P,FAIL TO DSPLY MUNI METER RECPT,35,0,0,0,35,0,028,NY,TRAFFIC,,
GTX4977,NY,PAS,4965449575,09/19/2025,06:40P,PHTO SCHOOL ZN SPEED VIOLATION,50,0,0,0,50,0,000,QN,DEPARTMENT OF TRANSPORTATION,,
T769283C,NY,OMT,5701181080,11/13/2024,04:22P,NO STANDING-OFF-STREET LOT,50,0,0,0,50,0,000,,TRANSIT AUTHORITY,HEARING HELD-GUILTY,
KTV8648,NY,PAS,5701181285,11/13/2024,04:36P,NO STANDING-OFF-STREET LOT,50,0,0,0,50,0,000,QN,TRANSIT AUTHORITY,HEARING HELD-GUILTY,
JKX4174,NY,PAS,5701181649,11/13/2024,05:03P,NO STANDING-OFF-STREET LOT,50,0,0,0,50,0,000,QN,TRANSIT AUTHORITY,,
LFM0676,PA,PAS,5701181595,11/13/2024,04:59P,NO STANDING-OFF-STREET LOT,50,0,0,0,50,0,000,,TRANSIT AUTHORITY,,
B31UMG,NJ,PAS,4941178294,03/22/2025,09:42P,PHTO SCHOOL ZN SPEED VIOLATION,50,0,0,0,50,0,000,QN,DEPARTMENT OF TRANSPORTATION,,
G70VXF,NJ,PAS,4965449642,09/19/2025,06:43P,PHTO SCHOOL ZN SPEED VIOLATION,50,0,0,0,50,0,000,QN,DEPARTMENT OF TRANSPORTATION,,
GDU6432,NY,PAS,4965449721,09/19/2025,06:46P,PHTO SCHOOL ZN SPEED VIOLATION,50,0,0,0,50,0,000,QN,DEPARTMENT OF TRANSPORTATION,,
TEXCA,NY,SRF,5707328427,11/04/2025,04:24P,MTA CAMERA VIOLATION - DOUBLE PARKING,50,0,0,0,50,0,000,,TRANSIT AUTHORITY,,
KSB9735,NY,PAS,9196196919,04/12/2025,08:16A,NO PARKING-STREET CLEANING,65,0,0,0,65,0,028,NY,TRAFFIC,,
MTE2175,PA,PAS,4941178830,03/22/2025,11:57P,PHTO SCHOOL ZN SPEED VIOLATION,50,0,0,0,50,0,000,QN,DEPARTMENT OF TRANSPORTATION,,
JAD4329,NY,PAS,4965449903,09/19/2025,06:51P,PHTO SCHOOL ZN SPEED VIOLATION,50,0,0,0,50,0,000,BK,DEPARTMENT OF TRANSPORTATION,,
4KYX73,MA,PAS,4939780995,03/11/2025,12:22P,PHTO SCHOOL ZN SPEED VIOLATION,50,0,0,0,50,0,000,BX,DEPARTMENT OF TRANSPORTATION,,
LPX3555,NY,PAS,5701181560,11/13/2024,04:58P,NO STANDING-OFF-STREET LOT,50,0,0,0,50,0,000,BK,TRANSIT AUTHORITY,,
LED8364,NY,PAS,5701181716,11/13/2024,05:12P,NO STANDING-OFF-STREET LOT,50,0,0,0,50,0,000,ST,TRANSIT AUTHORITY,,
CF8348,FL,PAS,5701182034,11/13/2024,05:51P,NO STANDING-OFF-STREET LOT,50,0,0,0,50,0,000,,TRANSIT AUTHORITY,,
EG77699,IL,PAS,5701181900,11/13/2024,05:37P,NO STANDING-OFF-STREET LOT,50,0,0,0,50,0,000,ST,TRANSIT AUTHORITY,,
KPF6837,NY,PAS,5802388596,01/15/2025,09:39P,EXPIRED METER-COMM METER ZONE,100,0,0,0,100,0,000,,TRANSIT AUTHORITY,,
LEK2401,NY,PAS,4939780818,03/11/2025,12:19P,PHTO SCHOOL ZN SPEED VIOLATION,50,0,0,0,50,0,000,QN,DEPARTMENT OF TRANSPORTATION,,
FDW1764,NY,PAS,4939203530,03/06/2025,01:19P,PHTO SCHOOL ZN SPEED VIOLATION,50,0,0,0,50,0,000,BK,DEPARTMENT OF TRANSPORTATION,,
LTC2623,NY,PAS,4939781124,03/11/2025,12:24P,PHTO SCHOOL ZN SPEED VIOLATION,50,0,0,0,50,0,000,QN,DEPARTMENT OF TRANSPORTATION,,
LPM4502,PA,PAS,2023625130,04/11/2025,07:35A,DOUBLE PARKING,115,0,0,0,115,0,044,Bronx,DEPARTMENT OF SANITATION,,
KVV1380,NY,PAS,2023639530,04/15/2025,01:17A,NO PARKING-STREET CLEANING,65,0,0,0,65,0,072,Kings,DEPARTMENT OF SANITATION,,
BHJ4587,TX,PAS,1490128207,07/25/2023,12:56P,OBSTRUCTING DRIVEWAY,95,10,0,0,0,105,071,K,POLICE DEPARTMENT,,
LSS9857,NY,PAS,5707328464,11/04/2025,04:26P,MTA CAMERA VIOLATION - DOUBLE PARKING,50,0,0,0,50,0,000,BK,TRANSIT AUTHORITY,,
HJV1758,NY,PAS,1494950571,05/23/2024,07:55P,PEDESTRIAN RAMP,165,60,3.67,0.02,228.65,0,052,BX,POLICE DEPARTMENT,,09/12/2024
LKM7649,NY,PAS,4965450036,09/19/2025,06:57P,PHTO SCHOOL ZN SPEED VIOLATION,50,0,0,0,50,0,000,MN,DEPARTMENT OF TRANSPORTATION,,
KMY4866,NY,PAS,4938011682,02/23/2025,01:10P,PHTO SCHOOL ZN SPEED VIOLATION,50,25,0,0,75,0,000,BX,DEPARTMENT OF TRANSPORTATION,,
KLT9743,NY,PAS,1499030551,06/20/2025,04:36A,FIRE HYDRANT,115,0,0,0,115,0,072,,POLICE DEPARTMENT,,
KPX2398,NY,PAS,4941179195,03/23/2025,12:06A,PHTO SCHOOL ZN SPEED VIOLATION,50,0,0,0,50,0,000,BK,DEPARTMENT OF TRANSPORTATION,,
KVW2911,NY,PAS,4965450061,09/19/2025,06:58P,PHTO SCHOOL ZN SPEED VIOLATION,50,0,0,0,50,0,000,BK,DEPARTMENT OF TRANSPORTATION,,
KHV2752,NY,PAS,5701181972,11/13/2024,05:47P,NO STANDING-OFF-STREET LOT,50,0,0,0,50,0,000,QN,TRANSIT AUTHORITY,,
KYL6354,NY,PAS,5701182101,11/13/2024,06:06P,NO STANDING-OFF-STREET LOT,50,0,0,0,50,0,000,,TRANSIT AUTHORITY,HEARING HELD-GUILTY,
T772786C,NY,OMT,5701182381,11/13/2024,06:36P,NO STANDING-OFF-STREET LOT,50,0,0,0,50,0,000,QN,TRANSIT AUTHORITY,,
JRT6459,NY,PAS,4939781409,03/11/2025,12:29P,PHTO SCHOOL ZN SPEED VIOLATION,50,0,0,0,50,0,000,QN,DEPARTMENT OF TRANSPORTATION,,
LCJ1865,NY,PAS,4939781630,03/11/2025,12:33P,PHTO SCHOOL ZN SPEED VIOLATION,50,0,0,0,50,0,000,BK,DEPARTMENT OF TRANSPORTATION,,
R19GXN,NJ,PAS,4939781653,03/11/2025,12:33P,PHTO SCHOOL ZN SPEED VIOLATION,50,0,0,0,50,0,000,ST,DEPARTMENT OF TRANSPORTATION,,
LKA7065,NY,PAS,4939203852,03/06/2025,01:22P,PHTO SCHOOL ZN SPEED VIOLATION,50,0,0,0,50,0,000,QN,DEPARTMENT OF TRANSPORTATION,,
JANAZAH3,NY,SRF,4939781367,03/11/2025,12:27P,PHTO SCHOOL ZN SPEED VIOLATION,50,0,0,0,50,0,000,ST,DEPARTMENT OF TRANSPORTATION,,
KRZ3340,NY,PAS,4939203840,03/06/2025,01:22P,PHTO SCHOOL ZN SPEED VIOLATION,50,0,0,0,50,0,000,ST,DEPARTMENT OF TRANSPORTATION,,
KRS5711,NY,PAS,4939203712,03/06/2025,01:20P,PHTO SCHOOL ZN SPEED VIOLATION,50,0,0,0,50,0,000,QN,DEPARTMENT OF TRANSPORTATION,,
HCC7789,NY,PAS,4939781525,03/11/2025,12:31P,PHTO SCHOOL ZN SPEED VIOLATION,50,0,0,0,50,0,000,BK,DEPARTMENT OF TRANSPORTATION,,
JKD3577,NY,PAS,2023643429,04/11/2025,07:47A,NO PARKING-STREET CLEANING,65,0,0,0,65,0,062,Kings,DEPARTMENT OF SANITATION,,
CY6688,NY,SRF,2023643727,04/15/2025,11:52A,NO PARKING-STREET CLEANING,65,0,0,0,65,0,062,Kings,DEPARTMENT OF SANITATION,,
GBT8610,NY,PAS,4939204133,03/06/2025,01:25P,PHTO SCHOOL ZN SPEED VIOLATION,50,0,0,0,50,0,000,QN,DEPARTMENT OF TRANSPORTATION,,
JPU3466,NY,PAS,4938012030,02/23/2025,01:16P,PHTO SCHOOL ZN SPEED VIOLATION,50,25,0,0,75,0,000,BK,DEPARTMENT OF TRANSPORTATION,,
F59MUP,NJ,PAS,4965842900,09/23/2025,05:24P,PHTO SCHOOL ZN SPEED VIOLATION,50,25,0,0,75,0,000,MN,DEPARTMENT OF TRANSPORTATION,,
KSB9735,NY,PAS,9196196920,04/12/2025,08:17A,FRONT OR BACK PLATE MISSING,65,0,0,0,65,0,028,NY,TRAFFIC,,
GVV5360,NY,PAS,4965450103,09/19/2025,07:00P,PHTO SCHOOL ZN SPEED VIOLATION,50,0,0,0,50,0,000,ST,DEPARTMENT OF TRANSPORTATION,,
GRE1813,NY,PAS,4966011292,09/24/2025,02:54P,PHTO SCHOOL ZN SPEED VIOLATION,50,0,0,0,50,0,000,MN,DEPARTMENT OF TRANSPORTATION,,
LZF2554,NY,PAS,4965450140,09/19/2025,07:01P,PHTO SCHOOL ZN SPEED VIOLATION,50,0,0,0,50,0,000,BK,DEPARTMENT OF TRANSPORTATION,,
LHX1896,NY,PAS,4936318450,02/07/2025,04:27P,PHTO SCHOOL ZN SPEED VIOLATION,50,25,1.86,0.13,76.73,0,000,BK,DEPARTMENT OF TRANSPORTATION,,05/01/2025
14272ML,NY,COM,8657848053,11/13/2018,02:03P,REG. STICKER-EXPIRED/MISSING,65,60,64.71,0.31,189.4,0,110,Q,TRAFFIC,,02/28/2019
JLU8417,NY,PAS,5701182794,11/13/2024,07:50P,NO STANDING-OFF-STREET LOT,50,0,0,0,50,0,000,BK,TRANSIT AUTHORITY,HEARING HELD-GUILTY,
19864NB,NY,COM,5701182502,11/13/2024,06:47P,NO STANDING-OFF-STREET LOT,50,0,0,0,50,0,000,,TRANSIT AUTHORITY,,
LEK5648,NY,PAS,2023669224,04/12/2025,07:44A,NO PARKING-STREET CLEANING,65,0,0,0,65,0,043,Bronx,DEPARTMENT OF SANITATION,,
LBD4284,NY,PAS,4941179626,03/23/2025,12:20A,PHTO SCHOOL ZN SPEED VIOLATION,50,0,0,0,50,0,000,QN,DEPARTMENT OF TRANSPORTATION,,
GASNAI,NY,OMT,4941179274,03/23/2025,12:09A,PHTO SCHOOL ZN SPEED VIOLATION,50,0,0,0,50,0,000,BK,DEPARTMENT OF TRANSPORTATION,,
HLZ4506,NY,PAS,4939204170,03/06/2025,01:25P,PHTO SCHOOL ZN SPEED VIOLATION,50,0,0,0,50,0,000,BX,DEPARTMENT OF TRANSPORTATION,,
22590,MA,PAS,4939204108,03/06/2025,01:24P,PHTO SCHOOL ZN SPEED VIOLATION,50,0,0,0,50,0,000,BK,DEPARTMENT OF TRANSPORTATION,,
KVT3106,NY,PAS,4939204443,03/06/2025,01:28P,PHTO SCHOOL ZN SPEED VIOLATION,50,0,0,0,50,0,000,BX,DEPARTMENT OF TRANSPORTATION,,
DASTDAAD,NY,SRF,4939204625,03/06/2025,01:29P,PHTO SCHOOL ZN SPEED VIOLATION,50,0,0,0,50,0,000,QN,DEPARTMENT OF TRANSPORTATION,,
Y207725C,NY,OMT,4965450310,09/19/2025,07:15P,PHTO SCHOOL ZN SPEED VIOLATION,50,0,0,0,50,0,000,BK,DEPARTMENT OF TRANSPORTATION,,
L71RSZ,NJ,PAS,5701183154,11/13/2024,08:56P,NO STANDING-OFF-STREET LOT,50,0,0,0,50,0,000,MN,TRANSIT AUTHORITY,,
LDJ2770,NY,PAS,4936319351,02/07/2025,05:25P,PHTO SCHOOL ZN SPEED VIOLATION,50,25,1.9,0.04,76.86,0,000,QN,DEPARTMENT OF TRANSPORTATION,,05/01/2025
PWEP87,FL,PAS,4941179845,03/23/2025,12:26A,PHTO SCHOOL ZN SPEED VIOLATION,50,0,0,0,50,0,000,MN,DEPARTMENT OF TRANSPORTATION,,
LSX8968,NY,PAS,4938013022,02/23/2025,01:30P,PHTO SCHOOL ZN SPEED VIOLATION,50,25,0,0,75,0,000,BK,DEPARTMENT OF TRANSPORTATION,,
LAN6106,NY,PAS,5703580961,03/23/2025,04:53P,NO STANDING-OFF-STREET LOT,150,0,0,0,150,0,000,MN,TRANSIT AUTHORITY,,
JLB4660,PA,PAS,4939782463,03/11/2025,12:46P,PHTO SCHOOL ZN SPEED VIOLATION,50,0,0,0,50,0,000,BX,DEPARTMENT OF TRANSPORTATION,,
2208269,IN,PAS,9049138202,05/13/2023,10:57A,DOUBLE PARKING-MIDTOWN COMML,115,0,0,115,0,0,018,NY,TRAFFIC,HEARING HELD-NOT GUILTY,
MCP7685,PA,PAS,4939782402,03/11/2025,12:45P,PHTO SCHOOL ZN SPEED VIOLATION,50,0,0,0,50,0,000,QN,DEPARTMENT OF TRANSPORTATION,,
KHS2687,NY,PAS,4939204431,03/06/2025,01:28P,PHTO SCHOOL ZN SPEED VIOLATION,50,0,0,0,50,0,000,ST,DEPARTMENT OF TRANSPORTATION,,
EGA7259,NY,PAS,4939204662,03/06/2025,01:29P,PHTO SCHOOL ZN SPEED VIOLATION,50,0,0,0,50,0,000,ST,DEPARTMENT OF TRANSPORTATION,,
KVG4855,NY,PAS,1498529677,01/07/2025,06:21P,NO STANDING-DAY/TIME LIMITS,115,30,0,0,145,0,013,NY,LONG ISLAND RAILROAD,HEARING ADJOURNMENT,
KHA2789,NY,PAS,1498529379,01/13/2025,11:13A,NO PARKING-STREET CLEANING,65,60,0.59,0.09,125.5,0,013,NY,LONG ISLAND RAILROAD,,05/01/2025
XBHV63,NJ,PAS,9188795184,03/04/2025,02:11P,DOUBLE PARKING-MIDTOWN COMML,115,0,0,0,115,0,018,NY,TRAFFIC,HEARING HELD-GUILTY,
T130722C,NY,OMT,1498529732,01/10/2025,06:48P,NO STANDING-DAY/TIME LIMITS,115,60,0.91,0.22,175.69,0,013,NY,LONG ISLAND RAILROAD,,05/01/2025
A76UEH,NJ,PAS,4049629458,11/18/2025,02:30P,BUS LANE VIOLATION,50,0,0,0,50,0,000,QN,DEPARTMENT OF TRANSPORTATION,,
EEB8795,NY,PAS,4965843400,09/23/2025,05:37P,PHTO SCHOOL ZN SPEED VIOLATION,50,25,0,25,50,0,000,QN,DEPARTMENT OF TRANSPORTATION,,
HZA5140,NY,PAS,4965450346,09/19/2025,07:19P,PHTO SCHOOL ZN SPEED VIOLATION,50,0,0,0,50,0,000,BX,DEPARTMENT OF TRANSPORTATION,,
ZTS3262,PA,PAS,4939783042,03/11/2025,01:00P,PHTO SCHOOL ZN SPEED VIOLATION,50,0,0,0,50,0,000,QN,DEPARTMENT OF TRANSPORTATION,,
LHP5568,NY,PAS,4939204844,03/06/2025,01:32P,PHTO SCHOOL ZN SPEED VIOLATION,50,0,0,0,50,0,000,BX,DEPARTMENT OF TRANSPORTATION,,
W300966C,NY,OMT,5701183324,11/13/2024,08:05P,NO STANDING-OFF-STREET LOT,50,0,0,0,50,0,000,,TRANSIT AUTHORITY,,
KDV3856,NY,PAS,4939205022,03/06/2025,01:33P,PHTO SCHOOL ZN SPEED VIOLATION,50,0,0,0,50,0,000,ST,DEPARTMENT OF TRANSPORTATION,,
JCS5154,NY,PAS,4939783054,03/11/2025,01:00P,PHTO SCHOOL ZN SPEED VIOLATION,50,0,0,0,50,0,000,MN,DEPARTMENT OF TRANSPORTATION,,
LPG8041,NY,PAS,4939783078,03/11/2025,01:00P,PHTO SCHOOL ZN SPEED VIOLATION,50,0,0,0,50,0,000,BX,DEPARTMENT OF TRANSPORTATION,,
F82MNZ,NJ,PAS,2023672181,04/11/2025,11:46A,NO PARKING-STREET CLEANING,65,0,0,0,65,0,024,NY,DEPARTMENT OF SANITATION,,
P92UEJ,NJ,PAS,2023672193,04/11/2025,11:49A,NO PARKING-STREET CLEANING,65,0,0,0,65,0,024,NY,DEPARTMENT OF SANITATION,,
GJD3923,NY,PAS,2023672260,04/15/2025,08:16A,NO PARKING-STREET CLEANING,65,0,0,0,65,0,020,NY,DEPARTMENT OF SANITATION,,
T754675C,NY,OMT,2023684146,04/15/2025,12:05P,NO PARKING-STREET CLEANING,65,0,0,0,65,0,050,Bronx,DEPARTMENT OF SANITATION,,
LNS3552,NY,PAS,4939205472,03/06/2025,01:37P,PHTO SCHOOL ZN SPEED VIOLATION,50,0,0,0,50,0,000,BK,DEPARTMENT OF TRANSPORTATION,,
KHM8484,NY,PAS,4939205319,03/06/2025,01:36P,PHTO SCHOOL ZN SPEED VIOLATION,50,0,0,0,50,0,000,BX,DEPARTMENT OF TRANSPORTATION,,
S26VXZ,NJ,PAS,5707328646,11/04/2025,04:33P,MTA CAMERA VIOLATION - DOUBLE PARKING,50,0,0,0,50,0,000,,TRANSIT AUTHORITY,,
LLE2766,NY,PAS,4938013927,02/23/2025,01:46P,PHTO SCHOOL ZN SPEED VIOLATION,50,25,0,0,75,0,000,ST,DEPARTMENT OF TRANSPORTATION,,
KGW4480,NY,PAS,4049629495,11/18/2025,02:45P,BUS LANE VIOLATION,50,0,0,0,50,0,000,QN,DEPARTMENT OF TRANSPORTATION,,
KPY5434,NY,PAS,5701183385,11/13/2024,08:12P,NO STANDING-OFF-STREET LOT,50,0,0,0,50,0,000,BK,TRANSIT AUTHORITY,,
EVA6400,NY,PAS,4966011486,09/24/2025,02:57P,PHTO SCHOOL ZN SPEED VIOLATION,50,0,0,0,50,0,000,QN,DEPARTMENT OF TRANSPORTATION,,
LZD9651,PA,PAS,4933165233,01/09/2025,04:20A,PHTO SCHOOL ZN SPEED VIOLATION,50,25,2.16,0,77.16,0,000,QN,DEPARTMENT OF TRANSPORTATION,,04/03/2025
KYC1379,NY,PAS,4941180227,03/23/2025,12:41A,PHTO SCHOOL ZN SPEED VIOLATION,50,0,0,0,50,0,000,QN,DEPARTMENT OF TRANSPORTATION,,
JGN3389,NY,PAS,4939783250,03/11/2025,01:03P,PHTO SCHOOL ZN SPEED VIOLATION,50,25,0,0,75,0,000,BX,DEPARTMENT OF TRANSPORTATION,,
HNP3323,NY,PAS,9194107166,03/27/2025,08:50A,NO PARKING-STREET CLEANING,65,0,0,0,65,0,026,NY,TRAFFIC,,
LVT8591,NY,PAS,4966011498,09/24/2025,02:57P,PHTO SCHOOL ZN SPEED VIOLATION,50,0,0,0,50,0,000,QN,DEPARTMENT OF TRANSPORTATION,,
6EZ8245,MD,PAS,4784472848,06/24/2022,12:43P,PHTO SCHOOL ZN SPEED VIOLATION,50,25,17.46,0.09,92.37,0,000,QN,DEPARTMENT OF TRANSPORTATION,,09/15/2022
HXU6220,NY,PAS,4939783480,03/11/2025,01:10P,PHTO SCHOOL ZN SPEED VIOLATION,50,0,0,0,50,0,000,QN,DEPARTMENT OF TRANSPORTATION,,
JKV1603,NY,PAS,4939205678,03/06/2025,01:39P,PHTO SCHOOL ZN SPEED VIOLATION,50,0,0,0,50,0,000,BK,DEPARTMENT OF TRANSPORTATION,,
JHT9235,NY,PAS,4939783625,03/11/2025,01:11P,PHTO SCHOOL ZN SPEED VIOLATION,50,0,0,0,50,0,000,BX,DEPARTMENT OF TRANSPORTATION,,
PBAREP,NY,SRF,4939205708,03/06/2025,01:40P,PHTO SCHOOL ZN SPEED VIOLATION,50,0,0,0,50,0,000,BX,DEPARTMENT OF TRANSPORTATION,,
JPK4881,NY,PAS,4965450590,09/19/2025,07:38P,PHTO SCHOOL ZN SPEED VIOLATION,50,0,0,0,50,0,000,QN,DEPARTMENT OF TRANSPORTATION,,
W800FV,NY,PAS,4939205897,03/06/2025,01:41P,PHTO SCHOOL ZN SPEED VIOLATION,50,0,0,0,50,0,000,ST,DEPARTMENT OF TRANSPORTATION,,
KYF9323,NY,PAS,2026971470,10/21/2025,08:36A,NO PARKING-STREET CLEANING,65,0,0,0,65,0,088,Kings,DEPARTMENT OF SANITATION,,
EGN3327,NY,PAS,4965450656,09/19/2025,07:42P,PHTO SCHOOL ZN SPEED VIOLATION,50,0,0,0,50,0,000,QN,DEPARTMENT OF TRANSPORTATION,,
BT31592,CT,PAS,2026996507,10/06/2025,09:49A,NO PARKING-STREET CLEANING,65,0,0,0,65,0,032,NY,DEPARTMENT OF SANITATION,,
LJX3892,NY,PAS,9196197778,04/15/2025,04:52P,INSP. STICKER-EXPIRED/MISSING,65,0,0,0,65,0,034,NY,TRAFFIC,,
HHJ8549,NY,PAS,4966011553,09/24/2025,02:58P,PHTO SCHOOL ZN SPEED VIOLATION,50,0,0,0,50,0,000,BK,DEPARTMENT OF TRANSPORTATION,,
LPZ6030,NY,PAS,4941180562,03/23/2025,12:55A,PHTO SCHOOL ZN SPEED VIOLATION,50,0,0,0,50,0,000,BX,DEPARTMENT OF TRANSPORTATION,,
LHV5467,NY,PAS,9194107282,03/27/2025,09:15A,NO PARKING-STREET CLEANING,65,0,0,0,65,0,026,NY,TRAFFIC,,
KTC6687,NY,PAS,4784768208,06/15/2022,06:39P,PHTO SCHOOL ZN SPEED VIOLATION,50,25,17.37,0.04,92.33,0,000,BK,DEPARTMENT OF TRANSPORTATION,,09/22/2022
GVG8281,NY,PAS,4784780270,06/22/2022,03:13P,PHTO SCHOOL ZN SPEED VIOLATION,50,25,17.33,0.13,92.2,0,000,BX,DEPARTMENT OF TRANSPORTATION,,09/22/2022
MDL7467,PA,PAS,9049184765,05/07/2023,06:55A,NO PARKING-DAY/TIME LIMITS,60,60,16.71,0.01,136.7,0,040,BX,TRAFFIC,,08/24/2023
HXD6091,NY,PAS,9049196330,05/01/2023,12:07P,NO PARKING-STREET CLEANING,65,60,17.63,0.28,142.35,0,043,BX,TRAFFIC,,08/17/2023
JPR5023,NY,PAS,9194108560,04/03/2025,08:08A,NO PARKING-STREET CLEANING,65,0,0,0,65,0,025,NY,TRAFFIC,,
32130ND,NY,COM,4939205710,03/06/2025,01:40P,PHTO SCHOOL ZN SPEED VIOLATION,50,0,0,0,50,0,000,MN,DEPARTMENT OF TRANSPORTATION,,
83581MK,NY,COM,4966011590,09/24/2025,02:58P,PHTO SCHOOL ZN SPEED VIOLATION,50,0,0,0,50,0,000,BK,DEPARTMENT OF TRANSPORTATION,,
42449ND,NY,COM,4966011530,09/24/2025,02:57P,PHTO SCHOOL ZN SPEED VIOLATION,50,0,0,0,50,0,000,QN,DEPARTMENT OF TRANSPORTATION,,
P65URT,NJ,PAS,4049629574,11/18/2025,04:57P,BUS LANE VIOLATION,50,0,0,0,50,0,000,MN,DEPARTMENT OF TRANSPORTATION,,
MRH2281,PA,PAS,4939784526,03/11/2025,01:44P,PHTO SCHOOL ZN SPEED VIOLATION,50,0,0,0,50,0,000,BK,DEPARTMENT OF TRANSPORTATION,,
T750504C,NY,OMT,5701184006,11/13/2024,10:30P,NO STANDING-OFF-STREET LOT,50,0,0,0,50,0,000,,TRANSIT AUTHORITY,,
LPF3880,NY,PAS,5701183993,11/13/2024,10:26P,NO STANDING-OFF-STREET LOT,50,0,0,0,50,0,000,QN,TRANSIT AUTHORITY,,
JBX2356,NY,PAS,5701184407,11/14/2024,08:04A,NO STANDING-OFF-STREET LOT,50,0,0,0,50,0,000,,TRANSIT AUTHORITY,,
T106164C,NY,OMT,5701184432,11/14/2024,08:06A,NO STANDING-OFF-STREET LOT,50,0,0,0,50,0,000,,TRANSIT AUTHORITY,,
JBS9841,NY,PAS,4966011681,09/24/2025,02:59P,PHTO SCHOOL ZN SPEED VIOLATION,50,0,0,0,50,0,000,QN,DEPARTMENT OF TRANSPORTATION,,
BKE8607,NY,PAS,4928719074,12/06/2024,02:39P,PHTO SCHOOL ZN SPEED VIOLATION,50,25,2.51,27.51,50,0,000,QN,DEPARTMENT OF TRANSPORTATION,ADMIN REDUCTION,02/27/2025
LUR8703,NY,PAS,4966011693,09/24/2025,02:59P,PHTO SCHOOL ZN SPEED VIOLATION,50,0,0,0,50,0,000,QN,DEPARTMENT OF TRANSPORTATION,,
LST0521,PA,PAS,4926472958,11/17/2024,02:37P,PHTO SCHOOL ZN SPEED VIOLATION,50,25,2.55,0,77.55,0,000,QN,DEPARTMENT OF TRANSPORTATION,,02/06/2025
LPU2618,NY,PAS,4926473008,11/17/2024,02:53P,PHTO SCHOOL ZN SPEED VIOLATION,50,25,2.57,0.06,77.51,0,000,BX,DEPARTMENT OF TRANSPORTATION,,02/06/2025
LGW8438,NY,PAS,4932524341,01/01/2025,09:36A,PHTO SCHOOL ZN SPEED VIOLATION,50,25,1.41,0.07,76.34,0,000,QN,DEPARTMENT OF TRANSPORTATION,,03/27/2025
DTH1323,NY,PAS,9196198655,04/18/2025,03:21P,NO PARKING-DAY/TIME LIMITS,60,0,0,0,60,0,028,NY,TRAFFIC,,
LJN1597,NY,PAS,4933815008,01/14/2025,07:34P,PHTO SCHOOL ZN SPEED VIOLATION,50,25,1.3,0.09,76.21,0,000,ST,DEPARTMENT OF TRANSPORTATION,,04/03/2025
LSU9115,NY,PAS,4941180719,03/21/2025,05:42P,PHTO SCHOOL ZN SPEED VIOLATION,50,0,0,0,50,0,000,QN,DEPARTMENT OF TRANSPORTATION,,
LJV4324,NY,PAS,4941180847,03/22/2025,09:10A,PHTO SCHOOL ZN SPEED VIOLATION,50,0,0,0,50,0,000,QN,DEPARTMENT OF TRANSPORTATION,,
JER3281,NY,PAS,4939784435,03/11/2025,01:37P,PHTO SCHOOL ZN SPEED VIOLATION,50,0,0,0,50,0,000,BX,DEPARTMENT OF TRANSPORTATION,,
LHB2193,NY,PAS,4939784642,03/11/2025,01:50P,PHTO SCHOOL ZN SPEED VIOLATION,50,0,0,0,50,0,000,BX,DEPARTMENT OF TRANSPORTATION,,
LLU5535,NY,PAS,2023684201,04/15/2025,12:13P,NO PARKING-STREET CLEANING,65,0,0,0,65,0,050,Bronx,DEPARTMENT OF SANITATION,,
FGD9907,NY,PAS,2023686076,04/15/2025,09:40A,NO PARKING-STREET CLEANING,65,0,0,0,65,0,084,Kings,DEPARTMENT OF SANITATION,,
484BM8,NY,MOT,8926876366,07/11/2024,01:36P,FAIL TO DSPLY MUNI METER RECPT,65,0,0,0,65,0,018,NY,TRAFFIC,,
XLGH22,NJ,PAS,4939206579,03/06/2025,01:47P,PHTO SCHOOL ZN SPEED VIOLATION,50,0,0,0,50,0,000,QN,DEPARTMENT OF TRANSPORTATION,,
KWL3707,NY,PAS,5701184985,11/14/2024,09:18A,NO STANDING-OFF-STREET LOT,50,0,0,0,50,0,000,,TRANSIT AUTHORITY,,
825DDD,NY,SPO,5701184870,11/14/2024,09:08A,NO STANDING-OFF-STREET LOT,50,0,0,0,50,0,000,,TRANSIT AUTHORITY,HEARING HELD-GUILTY,
JLT4184,NY,PAS,4965844075,09/23/2025,05:56P,PHTO SCHOOL ZN SPEED VIOLATION,50,25,0,25,50,0,000,QN,DEPARTMENT OF TRANSPORTATION,,
LPZ5980,NY,PAS,4965450826,09/19/2025,07:55P,PHTO SCHOOL ZN SPEED VIOLATION,50,0,0,0,50,0,000,BX,DEPARTMENT OF TRANSPORTATION,,
LWB4074,NY,OMS,4966011711,09/24/2025,03:00P,PHTO SCHOOL ZN SPEED VIOLATION,50,0,0,0,50,0,000,BX,DEPARTMENT OF TRANSPORTATION,,
LUM1284,NY,PAS,4966011723,09/24/2025,03:00P,PHTO SCHOOL ZN SPEED VIOLATION,50,0,0,0,50,0,000,BX,DEPARTMENT OF TRANSPORTATION,,
BR37289,CT,PAS,4939784915,03/11/2025,12:01A,PHTO SCHOOL ZN SPEED VIOLATION,50,0,0,0,50,0,000,QN,DEPARTMENT OF TRANSPORTATION,,
S95VKL,NJ,PAS,2023691035,04/11/2025,08:50A,NO PARKING-STREET CLEANING,65,0,0,0,65,0,077,Kings,DEPARTMENT OF SANITATION,,
3ZEC93,MA,PAS,9179901475,01/16/2025,11:56A,FAIL TO DSPLY MUNI METER RECPT,35,0,0,0,35,0,112,Q,TRAFFIC,,
HNK8365,NY,PAS,2023692258,04/15/2025,09:51A,NO PARKING-STREET CLEANING,65,0,0,0,65,0,068,Kings,DEPARTMENT OF SANITATION,,
FLM1695,NY,PAS,4939206506,03/06/2025,01:46P,PHTO SCHOOL ZN SPEED VIOLATION,50,0,0,0,50,0,000,BK,DEPARTMENT OF TRANSPORTATION,,
KYJ5095,NY,PAS,4939206490,03/06/2025,01:46P,PHTO SCHOOL ZN SPEED VIOLATION,50,0,0,0,50,0,000,QN,DEPARTMENT OF TRANSPORTATION,,
95245NC,NY,COM,8927240728,07/10/2024,07:29A,FAIL TO DISP. MUNI METER RECPT,65,0,0,15,50,0,018,NY,TRAFFIC,HEARING HELD-GUILTY REDUCTION,
T664017C,NY,OMT,5701185011,11/14/2024,09:21A,NO STANDING-OFF-STREET LOT,50,0,0,0,50,0,000,,TRANSIT AUTHORITY,,
29098ML,NY,COM,8927240960,07/11/2024,12:51P,NO STANDING-DAY/TIME LIMITS,115,0,0,25,90,0,018,NY,TRAFFIC,HEARING HELD-GUILTY REDUCTION,
KMC4968,NY,PAS,5701185163,11/14/2024,09:33A,NO STANDING-OFF-STREET LOT,50,0,0,0,50,0,000,,TRANSIT AUTHORITY,,
GAL6452,NY,PAS,5701185096,11/14/2024,09:25A,NO STANDING-OFF-STREET LOT,50,0,0,0,50,0,000,,TRANSIT AUTHORITY,,
LJK8700,NY,PAS,4938016229,02/23/2025,02:23P,PHTO SCHOOL ZN SPEED VIOLATION,50,25,0,0,75,0,000,BX,DEPARTMENT OF TRANSPORTATION,,
LFH5572,PA,PAS,4939206968,03/06/2025,01:52P,PHTO SCHOOL ZN SPEED VIOLATION,50,25,0,0,75,0,000,BX,DEPARTMENT OF TRANSPORTATION,,
LLP2519,NY,PAS,4939785154,03/11/2025,10:11A,PHTO SCHOOL ZN SPEED VIOLATION,50,0,0,0,50,0,000,QN,DEPARTMENT OF TRANSPORTATION,,
GSY7076,NY,PAS,4939785257,03/11/2025,11:20A,PHTO SCHOOL ZN SPEED VIOLATION,50,0,0,0,50,0,000,QN,DEPARTMENT OF TRANSPORTATION,,
KTN1811,NY,PAS,4939785282,03/11/2025,11:29A,PHTO SCHOOL ZN SPEED VIOLATION,50,0,0,0,50,0,000,BK,DEPARTMENT OF TRANSPORTATION,,
DZU7106,NY,PAS,2023712567,04/11/2025,03:18A,NO PARKING-STREET CLEANING,65,0,0,0,65,0,078,Kings,DEPARTMENT OF SANITATION,,
HCJ1978,NY,PAS,2023712579,04/11/2025,03:22A,NO PARKING-STREET CLEANING,65,0,0,0,65,0,078,Kings,DEPARTMENT OF SANITATION,,
N87UVY,NJ,PAS,4939207298,03/06/2025,01:56P,PHTO SCHOOL ZN SPEED VIOLATION,50,0,0,0,50,0,000,QN,DEPARTMENT OF TRANSPORTATION,,
HTW1649,NY,PAS,4931800518,12/29/2024,12:36P,PHTO SCHOOL ZN SPEED VIOLATION,50,0,0,0,50,0,000,ST,DEPARTMENT OF TRANSPORTATION,,
LSY9956,NY,PAS,4939206932,03/06/2025,01:52P,PHTO SCHOOL ZN SPEED VIOLATION,50,0,0,0,50,0,000,ST,DEPARTMENT OF TRANSPORTATION,,
KYJ5095,NY,PAS,4939207031,03/06/2025,01:53P,PHTO SCHOOL ZN SPEED VIOLATION,50,0,0,0,50,0,000,QN,DEPARTMENT OF TRANSPORTATION,,
FLX5509,NY,PAS,4939207596,03/06/2025,01:58P,PHTO SCHOOL ZN SPEED VIOLATION,50,0,0,0,50,0,000,QN,DEPARTMENT OF TRANSPORTATION,,
T800426C,NY,OMT,5701185760,11/14/2024,10:26A,NO STANDING-OFF-STREET LOT,50,0,0,0,50,0,000,MN,TRANSIT AUTHORITY,,
LNJ7726,NY,PAS,5701185590,11/14/2024,10:18A,NO STANDING-OFF-STREET LOT,50,0,0,0,50,0,000,,TRANSIT AUTHORITY,,
KDP6394,NY,PAS,5701185539,11/14/2024,10:10A,NO STANDING-OFF-STREET LOT,50,0,0,0,50,0,000,,TRANSIT AUTHORITY,,
1EY8008,MD,PAS,8888693233,07/09/2022,,,,,,,,,,,,,
LAC2284,NY,PAS,4938016722,02/23/2025,02:32P,PHTO SCHOOL ZN SPEED VIOLATION,50,25,0,0,75,0,000,BX,DEPARTMENT OF TRANSPORTATION,,
LVT4516,NY,PAS,4049629616,11/18/2025,07:25P,BUS LANE VIOLATION,50,0,0,0,50,0,000,MN,DEPARTMENT OF TRANSPORTATION,,
LJW6656,NY,PAS,4966011863,09/24/2025,03:03P,PHTO SCHOOL ZN SPEED VIOLATION,50,0,0,0,50,0,000,BK,DEPARTMENT OF TRANSPORTATION,,
HND1103,NY,PAS,4965844221,09/23/2025,05:59P,PHTO SCHOOL ZN SPEED VIOLATION,50,25,0,25,50,0,000,QN,DEPARTMENT OF TRANSPORTATION,,
LSE8809,NY,PAS,4939785634,03/11/2025,01:00P,PHTO SCHOOL ZN SPEED VIOLATION,50,0,0,0,50,0,000,QN,DEPARTMENT OF TRANSPORTATION,,
GYW7393,NY,PAS,4939207365,03/06/2025,01:56P,PHTO SCHOOL ZN SPEED VIOLATION,50,0,0,0,50,0,000,BX,DEPARTMENT OF TRANSPORTATION,,
GCN7043,NY,PAS,4931802242,12/29/2024,11:54A,PHTO SCHOOL ZN SPEED VIOLATION,50,0,0,0,50,0,000,BX,DEPARTMENT OF TRANSPORTATION,,
JBT6542,NY,PAS,4939207584,03/06/2025,01:58P,PHTO SCHOOL ZN SPEED VIOLATION,50,0,0,0,50,0,000,BK,DEPARTMENT OF TRANSPORTATION,,
ZKN4031,NY,PAS,2023712592,04/11/2025,08:16A,NO PARKING-STREET CLEANING,65,0,0,0,65,0,076,Kings,DEPARTMENT OF SANITATION,,
RJS3626,NC,PAS,2023734770,04/15/2025,10:27A,NO PARKING-STREET CLEANING,65,0,0,0,65,0,045,Bronx,DEPARTMENT OF SANITATION,,
J45902T,NJ,PAS,8888694651,07/14/2022,,,,,,,,,,,,,
Z50LZV,NJ,PAS,8858313793,07/14/2021,02:46A,FIRE HYDRANT,115,60,32.88,0.09,207.79,0,075,K,TRAFFIC,,07/28/2022
LRX9712,NY,PAS,5701185941,11/14/2024,10:38A,NO STANDING-OFF-STREET LOT,50,0,0,0,50,0,000,,TRANSIT AUTHORITY,,
HFJ5221,NY,PAS,5701185849,11/14/2024,10:31A,NO STANDING-OFF-STREET LOT,50,0,0,0,50,0,000,,TRANSIT AUTHORITY,HEARING HELD-GUILTY,
KMK2230,NY,PAS,5701186090,11/14/2024,10:51A,NO STANDING-OFF-STREET LOT,50,0,0,0,50,0,000,,TRANSIT AUTHORITY,,
LWM8927,NY,PAS,4965844725,09/23/2025,06:14P,PHTO SCHOOL ZN SPEED VIOLATION,50,0,0,50,0,0,000,BX,DEPARTMENT OF TRANSPORTATION,,
KFT2030,NY,PAS,4965844567,09/23/2025,06:09P,PHTO SCHOOL ZN SPEED VIOLATION,50,25,0,25,50,0,000,BX,DEPARTMENT OF TRANSPORTATION,,
GDU9111,NY,PAS,4965451065,09/19/2025,08:08P,PHTO SCHOOL ZN SPEED VIOLATION,50,0,0,0,50,0,000,BK,DEPARTMENT OF TRANSPORTATION,,
KSC1023,NY,PAS,9196198801,04/18/2025,04:11P,FIRE HYDRANT,115,0,0,0,115,0,028,NY,TRAFFIC,,
KYR6751,NY,PAS,9194108596,04/03/2025,08:12A,NO PARKING-STREET CLEANING,65,0,0,0,65,0,025,NY,TRAFFIC,,
R88PUM,NJ,PAS,9194108791,04/03/2025,09:54A,NO STANDING-DAY/TIME LIMITS,115,0,0,0,115,0,023,NY,TRAFFIC,,
79727NC,NY,COM,4939786160,03/11/2025,01:32P,PHTO SCHOOL ZN SPEED VIOLATION,50,0,0,0,50,0,000,BX,DEPARTMENT OF TRANSPORTATION,,
KYK5653,NY,PAS,4939786274,03/11/2025,01:35P,PHTO SCHOOL ZN SPEED VIOLATION,50,0,0,0,50,0,000,BK,DEPARTMENT OF TRANSPORTATION,,
LTE1042,NY,PAS,2023741695,04/10/2025,07:52A,NO PARKING-STREET CLEANING,65,0,0,0,65,0,071,Kings,DEPARTMENT OF SANITATION,,
TJH2288,VA,PAS,5701186179,11/14/2024,11:01A,NO STANDING-OFF-STREET LOT,50,0,0,0,50,0,000,,TRANSIT AUTHORITY,,
FAZ7711,NY,PAS,5701186234,11/14/2024,11:10A,NO STANDING-OFF-STREET LOT,50,0,0,0,50,0,000,,TRANSIT AUTHORITY,,
45912MD,NY,COM,5701186295,11/14/2024,11:24A,NO STANDING-OFF-STREET LOT,50,0,0,0,50,0,000,,TRANSIT AUTHORITY,,
JHF4655,NY,PAS,5707328981,11/04/2025,04:48P,MTA CAMERA VIOLATION - DOUBLE PARKING,250,0,0,0,250,0,000,MN,TRANSIT AUTHORITY,,
KKY8747,NY,PAS,4966012030,09/24/2025,03:06P,PHTO SCHOOL ZN SPEED VIOLATION,50,0,0,0,50,0,000,BK,DEPARTMENT OF TRANSPORTATION,,
51345NE,NY,COM,4966012041,09/24/2025,03:06P,PHTO SCHOOL ZN SPEED VIOLATION,50,0,0,0,50,0,000,BK,DEPARTMENT OF TRANSPORTATION,HEARING HELD-GUILTY REDUCTION,
JFW7655,NY,PAS,9196198825,04/18/2025,05:23P,NO PARKING-DAY/TIME LIMITS,60,0,0,0,60,0,028,NY,TRAFFIC,,
KNU9633,NY,PAS,4965844944,09/23/2025,06:22P,PHTO SCHOOL ZN SPEED VIOLATION,50,25,0,0,75,0,000,QN,DEPARTMENT OF TRANSPORTATION,,
JKW5916,NY,PAS,4941182303,03/23/2025,12:54A,PHTO SCHOOL ZN SPEED VIOLATION,50,0,0,0,50,0,000,QN,DEPARTMENT OF TRANSPORTATION,,
KGS5621,NY,PAS,9194108961,04/04/2025,08:06A,NO PARKING-STREET CLEANING,65,0,0,0,65,0,019,NY,TRAFFIC,,
LKB4070,NY,PAS,9194109060,04/04/2025,09:21A,NO PARKING-STREET CLEANING,65,0,0,0,65,0,019,NY,TRAFFIC,,
N25SFH,NJ,PAS,4939786626,03/11/2025,01:52P,PHTO SCHOOL ZN SPEED VIOLATION,50,0,0,0,50,0,000,BK,DEPARTMENT OF TRANSPORTATION,,
FMT7377,NY,PAS,4939786535,03/11/2025,01:47P,PHTO SCHOOL ZN SPEED VIOLATION,50,0,0,0,50,0,000,QN,DEPARTMENT OF TRANSPORTATION,,
EDB9160,NY,PAS,4939208102,03/06/2025,02:05P,PHTO SCHOOL ZN SPEED VIOLATION,50,0,0,0,50,0,000,QN,DEPARTMENT OF TRANSPORTATION,,
T123429C,NY,OMT,4939786511,03/11/2025,01:47P,PHTO SCHOOL ZN SPEED VIOLATION,50,0,0,0,50,0,000,MN,DEPARTMENT OF TRANSPORTATION,,
AU87545,CT,PAS,4939786810,03/11/2025,01:56P,PHTO SCHOOL ZN SPEED VIOLATION,50,0,0,0,50,0,000,BX,DEPARTMENT OF TRANSPORTATION,HEARING HELD-GUILTY,
KLT7871,NY,PAS,2023741713,04/10/2025,07:54A,NO PARKING-STREET CLEANING,65,0,0,0,65,0,071,Kings,DEPARTMENT OF SANITATION,,
LNB3483,NY,PAS,2023746346,04/07/2025,11:50A,NO PARKING-STREET CLEANING,65,0,0,0,65,0,050,Bronx,DEPARTMENT OF SANITATION,,
LBJ7608,NY,PAS,2023746541,04/08/2025,11:48A,NO PARKING-STREET CLEANING,65,0,0,0,65,0,050,Bronx,DEPARTMENT OF SANITATION,,
KUP4205,NY,PAS,5707329018,11/04/2025,04:49P,MTA CAMERA VIOLATION - DOUBLE PARKING,250,0,0,0,250,0,000,MN,TRANSIT AUTHORITY,,
EUL7240,NY,PAS,4939208540,03/06/2025,02:10P,PHTO SCHOOL ZN SPEED VIOLATION,50,0,0,0,50,0,000,QN,DEPARTMENT OF TRANSPORTATION,,
JMC8790,NY,PAS,4965845043,09/23/2025,06:26P,PHTO SCHOOL ZN SPEED VIOLATION,50,25,0,0,75,0,000,QN,DEPARTMENT OF TRANSPORTATION,,
LSJ5688,NY,PAS,4965451399,09/19/2025,08:29P,PHTO SCHOOL ZN SPEED VIOLATION,50,0,0,0,50,0,000,QN,DEPARTMENT OF TRANSPORTATION,,
EUL7240,NY,PAS,4939208760,03/06/2025,02:12P,PHTO SCHOOL ZN SPEED VIOLATION,50,0,0,0,50,0,000,QN,DEPARTMENT OF TRANSPORTATION,,
LZH7922,NY,PAS,4966012090,09/24/2025,03:06P,PHTO SCHOOL ZN SPEED VIOLATION,50,0,0,0,50,0,000,QN,DEPARTMENT OF TRANSPORTATION,,
JJK6461,NY,PAS,4926474281,11/17/2024,04:23P,PHTO SCHOOL ZN SPEED VIOLATION,50,25,2.33,0.03,77.3,0,000,BX,DEPARTMENT OF TRANSPORTATION,,02/06/2025
KTB6123,NY,PAS,4932526908,01/01/2025,10:50A,PHTO SCHOOL ZN SPEED VIOLATION,50,25,1.34,0.26,76.08,0,000,QN,DEPARTMENT OF TRANSPORTATION,,03/27/2025
KXS5304,NY,PAS,4932526740,01/01/2025,10:45A,PHTO SCHOOL ZN SPEED VIOLATION,50,25,1.08,0.13,75.95,0,000,BX,DEPARTMENT OF TRANSPORTATION,,03/27/2025
LRL8214,NY,PAS,9196199453,04/22/2025,01:49P,FIRE HYDRANT,115,0,0,0,115,0,025,NY,TRAFFIC,,
T112118C,NY,OMT,4049629628,11/18/2025,07:35P,BUS LANE VIOLATION,50,0,0,0,50,0,000,BX,DEPARTMENT OF TRANSPORTATION,,
LHB1567,NY,PAS,2023747200,04/11/2025,09:53A,NO PARKING-STREET CLEANING,65,0,0,0,65,0,050,Bronx,DEPARTMENT OF SANITATION,,
HYG5293,NY,PAS,5701186623,11/14/2024,11:58A,NO STANDING-OFF-STREET LOT,50,0,0,0,50,0,000,,TRANSIT AUTHORITY,,
HEG1507,NY,PAS,5701186532,11/14/2024,11:53A,NO STANDING-OFF-STREET LOT,50,0,0,0,50,0,000,,TRANSIT AUTHORITY,,
LGF6471,NY,PAS,2023748768,04/11/2025,10:00A,NO PARKING-STREET CLEANING,65,0,0,0,65,0,072,Kings,DEPARTMENT OF SANITATION,,
LLC7954,NY,PAS,4941182595,03/23/2025,01:03A,PHTO SCHOOL ZN SPEED VIOLATION,50,0,0,0,50,0,000,QN,DEPARTMENT OF TRANSPORTATION,,
J59SNN,NJ,PAS,4939208618,03/06/2025,02:11P,PHTO SCHOOL ZN SPEED VIOLATION,50,0,0,0,50,0,000,MN,DEPARTMENT OF TRANSPORTATION,,
JBN2121,NY,PAS,4939208722,03/06/2025,02:12P,PHTO SCHOOL ZN SPEED VIOLATION,50,0,0,0,50,0,000,BX,DEPARTMENT OF TRANSPORTATION,,
KXB2061,NY,PAS,4939208990,03/06/2025,02:15P,PHTO SCHOOL ZN SPEED VIOLATION,50,0,0,0,50,0,000,BX,DEPARTMENT OF TRANSPORTATION,,
LGV6429,NY,PAS,4939209234,03/06/2025,02:18P,PHTO SCHOOL ZN SPEED VIOLATION,50,0,0,0,50,0,000,BK,DEPARTMENT OF TRANSPORTATION,,
AMH6879,NY,PAS,4966012107,09/24/2025,03:07P,PHTO SCHOOL ZN SPEED VIOLATION,50,0,0,0,50,0,000,QN,DEPARTMENT OF TRANSPORTATION,,
GFW8960,NY,PAS,4938019231,02/23/2025,03:19P,PHTO SCHOOL ZN SPEED VIOLATION,50,25,0,0,75,0,000,QN,DEPARTMENT OF TRANSPORTATION,,
LLL5112,NY,PAS,4941183095,03/23/2025,01:13A,PHTO SCHOOL ZN SPEED VIOLATION,50,0,0,0,50,0,000,BX,DEPARTMENT OF TRANSPORTATION,,
Z303VF,FL,PAS,5701187100,11/14/2024,12:18P,NO STANDING-OFF-STREET LOT,50,0,0,0,50,0,000,QN,TRANSIT AUTHORITY,,
TER6108,VA,PAS,4941182881,03/23/2025,01:09A,PHTO SCHOOL ZN SPEED VIOLATION,50,0,0,0,50,0,000,QN,DEPARTMENT OF TRANSPORTATION,,
NORBEYR,NY,SRF,4966012144,09/24/2025,03:08P,PHTO SCHOOL ZN SPEED VIOLATION,50,0,0,0,50,0,000,QN,DEPARTMENT OF TRANSPORTATION,,
TONYBENZ,NY,SRF,4939787746,03/11/2025,02:13P,PHTO SCHOOL ZN SPEED VIOLATION,50,0,0,0,50,0,000,QN,DEPARTMENT OF TRANSPORTATION,,
ENJ7519,NY,PAS,4939787357,03/11/2025,02:06P,PHTO SCHOOL ZN SPEED VIOLATION,50,0,0,0,50,0,000,QN,DEPARTMENT OF TRANSPORTATION,,
D96VDX,NJ,PAS,2023748872,04/12/2025,12:36P,NO PARKING-STREET CLEANING,65,0,0,0,65,0,072,Kings,DEPARTMENT OF SANITATION,,
59AWJH,FL,PAS,2023749086,04/15/2025,10:08A,NO PARKING-STREET CLEANING,65,0,0,0,65,0,072,Kings,DEPARTMENT OF SANITATION,,
IMLW24,NJ,PAS,2023752292,04/15/2025,01:15A,NO PARKING-STREET CLEANING,65,0,0,0,65,0,084,Kings,DEPARTMENT OF SANITATION,,
T130107C,NY,OMT,4939209611,03/06/2025,02:23P,PHTO SCHOOL ZN SPEED VIOLATION,50,0,0,0,50,0,000,QN,DEPARTMENT OF TRANSPORTATION,,
KJR6456,NY,PAS,4966012211,09/24/2025,03:09P,PHTO SCHOOL ZN SPEED VIOLATION,50,0,0,0,50,0,000,QN,DEPARTMENT OF TRANSPORTATION,,
JED3268,NY,PAS,4966012223,09/24/2025,03:10P,PHTO SCHOOL ZN SPEED VIOLATION,50,0,0,0,50,0,000,QN,DEPARTMENT OF TRANSPORTATION,,
LER6494,NY,PAS,4966012200,09/24/2025,03:09P,PHTO SCHOOL ZN SPEED VIOLATION,50,0,0,0,50,0,000,BK,DEPARTMENT OF TRANSPORTATION,,
KVN4905,NY,PAS,5701187664,11/14/2024,12:59P,NO STANDING-OFF-STREET LOT,50,0,0,0,50,0,000,ST,TRANSIT AUTHORITY,,
KPH3714,NY,PAS,5701187524,11/14/2024,12:47P,NO STANDING-OFF-STREET LOT,50,0,0,0,50,0,000,,TRANSIT AUTHORITY,,
LRC8134,NY,PAS,5701188164,11/14/2024,01:39P,NO STANDING-OFF-STREET LOT,50,0,0,0,50,0,000,,TRANSIT AUTHORITY,,
LNE1054,NY,PAS,9196201459,04/22/2025,05:26P,BIKE LANE,115,0,0,0,115,0,028,NY,TRAFFIC,,
KDN3369,NY,PAS,4939209428,03/06/2025,02:20P,PHTO SCHOOL ZN SPEED VIOLATION,50,25,0,25,50,0,000,BX,DEPARTMENT OF TRANSPORTATION,ADMIN REDUCTION,
T658904C,NY,OMT,4049629690,11/19/2025,08:21A,BUS LANE VIOLATION,50,0,0,0,50,0,000,QN,DEPARTMENT OF TRANSPORTATION,,
LAA4017,NY,PAS,4939787886,03/11/2025,02:17P,PHTO SCHOOL ZN SPEED VIOLATION,50,0,0,0,50,0,000,BX,DEPARTMENT OF TRANSPORTATION,,
AR90950,CT,PAS,2023754276,04/10/2025,11:09A,NO PARKING-STREET CLEANING,65,0,0,0,65,0,079,Kings,DEPARTMENT OF SANITATION,,
KDV4571,NY,PAS,4939209430,03/06/2025,02:20P,PHTO SCHOOL ZN SPEED VIOLATION,50,0,0,0,50,0,000,QN,DEPARTMENT OF TRANSPORTATION,,
1XYF87,MA,PAS,4840121096,05/08/2023,01:31P,PHTO SCHOOL ZN SPEED VIOLATION,50,25,15.58,0.06,90.52,0,000,BK,DEPARTMENT OF TRANSPORTATION,,08/03/2023
104AL,NY,ORG,4965451727,09/19/2025,08:56P,PHTO SCHOOL ZN SPEED VIOLATION,50,0,0,0,50,0,000,QN,DEPARTMENT OF TRANSPORTATION,,
XFD9777,VA,PAS,9194109187,04/04/2025,11:10A,NO PARKING-STREET CLEANING,65,0,0,0,65,0,019,NY,TRAFFIC,,
KPH3443,NY,PAS,4939788260,03/11/2025,02:23P,PHTO SCHOOL ZN SPEED VIOLATION,50,0,0,0,50,0,000,BK,DEPARTMENT OF TRANSPORTATION,,
LVBULLYS,NY,SRF,4939788404,03/11/2025,02:26P,PHTO SCHOOL ZN SPEED VIOLATION,50,0,0,0,50,0,000,QN,DEPARTMENT OF TRANSPORTATION,,
KZX3969,NY,PAS,4939210078,03/06/2025,02:28P,PHTO SCHOOL ZN SPEED VIOLATION,50,0,0,0,50,0,000,ST,DEPARTMENT OF TRANSPORTATION,,
JRJ1495,NY,PAS,4939788350,03/11/2025,02:25P,PHTO SCHOOL ZN SPEED VIOLATION,50,0,0,0,50,0,000,BX,DEPARTMENT OF TRANSPORTATION,,
KHL4543,NY,PAS,2023756066,04/16/2025,07:51A,NO PARKING-STREET CLEANING,65,0,0,0,65,0,049,Bronx,DEPARTMENT OF SANITATION,,
AHY7267,NY,PAS,2023758634,04/11/2025,08:26A,NO PARKING-STREET CLEANING,65,0,0,0,65,0,094,Kings,DEPARTMENT OF SANITATION,,
LSX3280,NY,OMS,9179901529,01/16/2025,12:38P,NO STANDING-EXC. TRUCK LOADING,95,0,0,0,95,0,112,Q,TRAFFIC,,
HLP2198,NY,PAS,4939209970,03/06/2025,02:27P,PHTO SCHOOL ZN SPEED VIOLATION,50,0,0,0,50,0,000,BK,DEPARTMENT OF TRANSPORTATION,,
74AYJC,FL,PAS,4939210212,03/06/2025,02:29P,PHTO SCHOOL ZN SPEED VIOLATION,50,0,0,0,50,0,000,BK,DEPARTMENT OF TRANSPORTATION,,
BWW4809,NY,PAS,4939209982,03/06/2025,02:27P,PHTO SCHOOL ZN SPEED VIOLATION,50,0,0,0,50,0,000,QN,DEPARTMENT OF TRANSPORTATION,,
KKF4713,NY,PAS,4939210170,03/06/2025,02:29P,PHTO SCHOOL ZN SPEED VIOLATION,50,0,0,0,50,0,000,ST,DEPARTMENT OF TRANSPORTATION,,
LHR8965,NY,OMS,5707329262,11/04/2025,04:59P,MTA CAMERA VIOLATION - DOUBLE PARKING,250,0,0,0,250,0,000,MN,TRANSIT AUTHORITY,,
LKT4029,NY,PAS,2023758890,04/15/2025,11:41A,NO PARKING-STREET CLEANING,65,0,0,0,65,0,094,Kings,DEPARTMENT OF SANITATION,,
5ER518,MA,PAS,9196202014,04/26/2025,07:46A,NO PARKING-STREET CLEANING,65,0,0,0,65,0,033,NY,TRAFFIC,,
KSP9286,NY,PAS,2023764350,04/11/2025,09:14A,NO PARKING-STREET CLEANING,65,0,0,0,65,0,076,Kings,DEPARTMENT OF SANITATION,,
JBH2143,NY,PAS,5701188980,11/14/2024,02:27P,NO STANDING-OFF-STREET LOT,100,0,0,0,100,0,000,,TRANSIT AUTHORITY,,
K46UXH,NJ,PAS,5701189028,11/14/2024,02:30P,NO STANDING-OFF-STREET LOT,150,0,0,0,150,0,000,,TRANSIT AUTHORITY,,
HXZ9983,NY,PAS,5701189132,11/14/2024,02:36P,NO STANDING-OFF-STREET LOT,50,0,0,0,50,0,000,QN,TRANSIT AUTHORITY,,
XHHP93,NJ,PAS,9196202385,04/29/2025,10:12A,NO STANDING-DAY/TIME LIMITS,115,0,0,0,115,0,033,NY,TRAFFIC,,
Y204833C,NY,OMT,5701188930,11/14/2024,02:23P,NO STANDING-OFF-STREET LOT,50,0,0,0,50,0,000,QN,TRANSIT AUTHORITY,,
T644364C,NY,OMT,4941183836,03/23/2025,01:31A,PHTO SCHOOL ZN SPEED VIOLATION,50,0,0,0,50,0,000,BK,DEPARTMENT OF TRANSPORTATION,,
JBT4722,NY,PAS,4939210534,03/06/2025,02:33P,PHTO SCHOOL ZN SPEED VIOLATION,50,0,0,0,50,0,000,QN,DEPARTMENT OF TRANSPORTATION,,
LDR7447,NY,PAS,4965451820,09/19/2025,09:07P,PHTO SCHOOL ZN SPEED VIOLATION,50,25,0,0,75,0,000,BX,DEPARTMENT OF TRANSPORTATION,,
W52JHZ,NJ,PAS,8571508150,12/14/2018,07:40A,NO STANDING-COMM METER ZONE,115,60,88.34,0,263.34,0,018,NY,TRAFFIC,,04/04/2019
LPW9434,NY,PAS,5701189510,11/14/2024,03:04P,NO STANDING-OFF-STREET LOT,50,0,0,0,50,0,000,,TRANSIT AUTHORITY,,
S65HDF,NJ,PAS,4049629860,11/19/2025,11:14A,BUS LANE VIOLATION,50,0,0,0,50,0,000,MN,DEPARTMENT OF TRANSPORTATION,,
HTU9641,NY,PAS,5701189170,11/14/2024,02:39P,NO STANDING-OFF-STREET LOT,50,0,0,0,50,0,000,,TRANSIT AUTHORITY,,
LLZ9623,NY,PAS,9194109758,04/07/2025,07:11A,NO PARKING-STREET CLEANING,65,0,0,0,65,0,024,NY,TRAFFIC,,
JFH8330,NY,PAS,4966012454,09/24/2025,03:11P,PHTO SCHOOL ZN SPEED VIOLATION,50,0,0,0,50,0,000,BK,DEPARTMENT OF TRANSPORTATION,,
LKR1028,NY,PAS,4939788921,03/11/2025,02:40P,PHTO SCHOOL ZN SPEED VIOLATION,50,0,0,0,50,0,000,BK,DEPARTMENT OF TRANSPORTATION,,
LEL1815,NY,PAS,4931802400,12/29/2024,12:23P,PHTO SCHOOL ZN SPEED VIOLATION,50,0,0,0,50,0,000,BK,DEPARTMENT OF TRANSPORTATION,,
KLT8566,NY,PAS,2023764683,04/16/2025,11:37A,NO PARKING-STREET CLEANING,65,0,0,0,65,0,076,Kings,DEPARTMENT OF SANITATION,,
LJS3970,NY,PAS,2023768093,04/08/2025,12:02P,NO PARKING-STREET CLEANING,65,0,0,0,65,0,047,Bronx,DEPARTMENT OF SANITATION,,
LNZ3903,NY,PAS,1498534570,04/16/2025,01:00A,NO STANDING-DAY/TIME LIMITS,115,0,0,0,115,0,013,NY,LONG ISLAND RAILROAD,,
615AZ2,NY,MOT,1498534685,03/06/2025,11:25A,NO PARKING-STREET CLEANING,65,30,0,0,95,0,013,NY,LONG ISLAND RAILROAD,,
DKB8288,NY,PAS,4965846989,09/23/2025,06:10P,PHTO SCHOOL ZN SPEED VIOLATION,50,25,0,0,75,0,000,QN,DEPARTMENT OF TRANSPORTATION,,
23499MM,NY,COM,8926648813,08/08/2022,11:07A,DOUBLE PARKING-MIDTOWN COMML,115,0,0,0,115,0,017,NY,TRAFFIC,HEARING HELD-GUILTY,
119130A,99,COM,1490135420,05/26/2023,,,,,,,,,,,,,
HJE7978,NY,PAS,9194109771,04/07/2025,07:21A,NO PARKING-STREET CLEANING,65,0,0,0,65,0,024,NY,TRAFFIC,,
T775736C,NY,OMT,4965452070,09/19/2025,09:31P,PHTO SCHOOL ZN SPEED VIOLATION,50,0,0,0,50,0,000,QN,DEPARTMENT OF TRANSPORTATION,,
LXG8071,NY,PAS,4965452136,09/19/2025,09:33P,PHTO SCHOOL ZN SPEED VIOLATION,50,0,0,0,50,0,000,QN,DEPARTMENT OF TRANSPORTATION,,
LRK5141,NY,PAS,4939789482,03/11/2025,02:52P,PHTO SCHOOL ZN SPEED VIOLATION,50,0,0,0,50,0,000,BX,DEPARTMENT OF TRANSPORTATION,,
HKS4398,NY,PAS,4939789470,03/11/2025,02:51P,PHTO SCHOOL ZN SPEED VIOLATION,50,0,0,0,50,0,000,ST,DEPARTMENT OF TRANSPORTATION,,
GTF2947,NY,PAS,4939789860,03/11/2025,03:00P,PHTO SCHOOL ZN SPEED VIOLATION,50,0,0,0,50,0,000,BX,DEPARTMENT OF TRANSPORTATION,,
KMS4867,NY,PAS,2023768184,04/09/2025,07:45A,NO PARKING-STREET CLEANING,65,0,0,0,65,0,047,Bronx,DEPARTMENT OF SANITATION,,
KSG1971,NY,PAS,4939211277,03/06/2025,01:44P,PHTO SCHOOL ZN SPEED VIOLATION,50,0,0,0,50,0,000,BX,DEPARTMENT OF TRANSPORTATION,,
KZS6546,NY,PAS,2023784906,04/15/2025,11:58A,NO PARKING-STREET CLEANING,65,0,0,0,65,0,110,Qns,DEPARTMENT OF SANITATION,,
TCU4389,VA,PAS,2023786022,04/10/2025,09:49A,NO PARKING-STREET CLEANING,65,0,0,0,65,0,078,Kings,DEPARTMENT OF SANITATION,,
HGL6795,NY,PAS,4049629872,11/19/2025,11:24A,BUS LANE VIOLATION,50,0,0,0,50,0,000,BK,DEPARTMENT OF TRANSPORTATION,,
MPE1315,PA,PAS,4939211691,03/06/2025,02:23P,PHTO SCHOOL ZN SPEED VIOLATION,50,0,0,0,50,0,000,QN,DEPARTMENT OF TRANSPORTATION,,
HFE5655,NY,PAS,4965847260,09/23/2025,06:33P,PHTO SCHOOL ZN SPEED VIOLATION,50,25,0,0,75,0,000,ST,DEPARTMENT OF TRANSPORTATION,,
L24UPN,NJ,PAS,5701189582,11/14/2024,03:06P,NO STANDING-OFF-STREET LOT,50,0,0,0,50,0,000,,TRANSIT AUTHORITY,,
KRZ5000,NY,PAS,4965452239,09/19/2025,09:43P,PHTO SCHOOL ZN SPEED VIOLATION,50,0,0,0,50,0,000,ST,DEPARTMENT OF TRANSPORTATION,,
LXV5827,NY,PAS,4965452290,09/19/2025,09:50P,PHTO SCHOOL ZN SPEED VIOLATION,50,0,0,0,50,0,000,QN,DEPARTMENT OF TRANSPORTATION,,
HHJ5535,NY,PAS,9196202440,04/29/2025,10:22A,FIRE HYDRANT,115,0,0,0,115,0,033,NY,TRAFFIC,,
KUT5462,NY,PAS,4966012636,09/24/2025,03:15P,PHTO SCHOOL ZN SPEED VIOLATION,50,0,0,0,50,0,000,QN,DEPARTMENT OF TRANSPORTATION,,
LJE4407,NY,PAS,4941184725,03/23/2025,01:49A,PHTO SCHOOL ZN SPEED VIOLATION,50,0,0,0,50,0,000,BX,DEPARTMENT OF TRANSPORTATION,,
KHA2877,NY,PAS,9049221324,04/15/2023,11:28A,REG. STICKER-EXPIRED/MISSING,65,60,14.11,0,139.11,0,078,K,TRAFFIC,,08/03/2023
KJM2211,NY,PAS,4939789950,03/11/2025,03:01P,PHTO SCHOOL ZN SPEED VIOLATION,50,0,0,0,50,0,000,QN,DEPARTMENT OF TRANSPORTATION,,
GJT6713,NY,PAS,4939789925,03/11/2025,03:01P,PHTO SCHOOL ZN SPEED VIOLATION,50,0,0,0,50,0,000,QN,DEPARTMENT OF TRANSPORTATION,,
LHX5758,NY,PAS,2023786113,04/10/2025,01:26P,DOUBLE PARKING,115,0,0,0,115,0,078,Kings,DEPARTMENT OF SANITATION,,
KJH5392,NY,PAS,4965452215,09/19/2025,09:42P,PHTO SCHOOL ZN SPEED VIOLATION,50,0,0,0,50,0,000,BK,DEPARTMENT OF TRANSPORTATION,,
FPZ5054,NY,PAS,5701190250,11/14/2024,03:46P,NO STANDING-OFF-STREET LOT,50,0,0,0,50,0,000,QN,TRANSIT AUTHORITY,,
B85RWK,NJ,PAS,5701189995,11/14/2024,03:28P,NO STANDING-OFF-STREET LOT,50,0,0,50,0,0,000,,TRANSIT AUTHORITY,HEARING HELD-NOT GUILTY,
LWE4458,NY,PAS,4965452641,09/19/2025,10:25P,PHTO SCHOOL ZN SPEED VIOLATION,50,0,0,0,50,0,000,QN,DEPARTMENT OF TRANSPORTATION,,
FJB4435,NY,PAS,4966012806,09/24/2025,03:19P,PHTO SCHOOL ZN SPEED VIOLATION,50,0,0,0,50,0,000,BK,DEPARTMENT OF TRANSPORTATION,,
EAB8169,NY,PAS,9196202464,04/29/2025,10:30A,FIRE HYDRANT,115,0,0,0,115,0,033,NY,TRAFFIC,,
MSN0632,PA,PAS,4941185213,03/23/2025,01:59A,PHTO SCHOOL ZN SPEED VIOLATION,50,0,0,0,50,0,000,BK,DEPARTMENT OF TRANSPORTATION,,
HKP8763,NY,PAS,4941185092,03/23/2025,01:56A,PHTO SCHOOL ZN SPEED VIOLATION,50,0,0,0,50,0,000,MN,DEPARTMENT OF TRANSPORTATION,,
LCE8074,NY,PAS,9194111224,03/26/2025,10:50A,NO STANDING-EXC. TRUCK LOADING,95,10,0,10,95,0,023,NY,TRAFFIC,,
KWR3133,NY,PAS,4939790290,03/11/2025,03:07P,PHTO SCHOOL ZN SPEED VIOLATION,50,0,0,0,50,0,000,ST,DEPARTMENT OF TRANSPORTATION,,
AEM1615,NY,PAS,4939790496,03/11/2025,03:13P,PHTO SCHOOL ZN SPEED VIOLATION,50,0,0,0,50,0,000,QN,DEPARTMENT OF TRANSPORTATION,,
4958422,NH,PAS,1498536815,04/18/2025,11:32A,NO STANDING-DAY/TIME LIMITS,115,0,0,0,115,0,013,NY,LONG ISLAND RAILROAD,,
JAB7240,NY,PAS,1498537443,04/17/2025,05:20P,NO STANDING-DAY/TIME LIMITS,115,0,0,0,115,0,013,NY,LONG ISLAND RAILROAD,,
KZV9251,NY,PAS,5701190353,11/14/2024,03:55P,NO STANDING-OFF-STREET LOT,50,0,0,0,50,0,000,QN,TRANSIT AUTHORITY,,
H26LLF,NJ,PAS,9196202798,05/01/2025,05:11P,FIRE HYDRANT,115,0,0,0,115,0,028,NY,TRAFFIC,,
LUE5187,NY,PAS,9196206299,05/03/2025,08:16A,NO PARKING-STREET CLEANING,65,0,0,0,65,0,032,NY,TRAFFIC,,
LJP5478,NY,PAS,4941185262,03/23/2025,02:03A,PHTO SCHOOL ZN SPEED VIOLATION,50,0,0,0,50,0,000,BK,DEPARTMENT OF TRANSPORTATION,,
570230,NY,PAS,4939791245,03/11/2025,03:32P,PHTO SCHOOL ZN SPEED VIOLATION,50,0,0,0,50,0,000,QN,DEPARTMENT OF TRANSPORTATION,,
LHH9945,NY,PAS,5802388742,01/15/2025,09:56P,EXPIRED METER-COMM METER ZONE,250,0,0,0,250,0,000,BK,TRANSIT AUTHORITY,,
FZT5083,NY,PAS,2023786370,04/12/2025,07:50A,NO PARKING-STREET CLEANING,65,0,0,0,65,0,078,Kings,DEPARTMENT OF SANITATION,,
LLD1579,NY,PAS,4939212142,03/06/2025,02:39P,PHTO SCHOOL ZN SPEED VIOLATION,50,0,0,0,50,0,000,BK,DEPARTMENT OF TRANSPORTATION,,
JNB5305,NY,PAS,4941185468,03/23/2025,02:08A,PHTO SCHOOL ZN SPEED VIOLATION,50,0,0,0,50,0,000,BK,DEPARTMENT OF TRANSPORTATION,,
KEN5007,NY,PAS,4941185304,03/23/2025,02:04A,PHTO SCHOOL ZN SPEED VIOLATION,50,0,0,0,50,0,000,QN,DEPARTMENT OF TRANSPORTATION,,
KUT4999,NY,PAS,5707329626,11/04/2025,04:26P,MTA CAMERA VIOLATION - DOUBLE PARKING,50,0,0,0,50,0,000,MN,TRANSIT AUTHORITY,,
LLU9288,NY,PAS,4038887182,08/27/2024,12:09P,BUS LANE VIOLATION,50,25,5.48,0.03,80.45,0,000,BK,DEPARTMENT OF TRANSPORTATION,,12/05/2024
KVX7113,NY,PAS,4049629884,11/19/2025,11:28A,BUS LANE VIOLATION,100,0,0,0,100,0,000,QN,DEPARTMENT OF TRANSPORTATION,,
LLB1711,NY,PAS,5701190638,11/14/2024,04:24P,NO STANDING-OFF-STREET LOT,50,0,0,0,50,0,000,,TRANSIT AUTHORITY,,
HCV7103,NY,PAS,5701190742,11/14/2024,04:42P,NO STANDING-OFF-STREET LOT,50,0,0,0,50,0,000,BK,TRANSIT AUTHORITY,,
KVT6379,NY,PAS,5701191023,11/14/2024,05:05P,NO STANDING-OFF-STREET LOT,50,0,0,0,50,0,000,,TRANSIT AUTHORITY,,
KYL1797,NY,PAS,4965452902,09/19/2025,10:46P,PHTO SCHOOL ZN SPEED VIOLATION,50,0,0,0,50,0,000,QN,DEPARTMENT OF TRANSPORTATION,HEARING HELD-GUILTY,
JEN7654,NY,PAS,4965848068,09/23/2025,07:04P,PHTO SCHOOL ZN SPEED VIOLATION,50,25,0,0,75,0,000,QN,DEPARTMENT OF TRANSPORTATION,,
FSD3454,NY,PAS,4965452987,09/19/2025,10:53P,PHTO SCHOOL ZN SPEED VIOLATION,50,0,0,0,50,0,000,QN,DEPARTMENT OF TRANSPORTATION,,
23674MG,NY,COM,9194111546,03/28/2025,07:23A,NO STANDING-EXC. AUTH. VEHICLE,95,0,0,0,95,0,028,NY,TRAFFIC,,
CVT3182,NY,PAS,4966012946,09/24/2025,03:21P,PHTO SCHOOL ZN SPEED VIOLATION,50,0,0,0,50,0,000,BX,DEPARTMENT OF TRANSPORTATION,,
ERH3018,NY,PAS,4966012892,09/24/2025,03:20P,PHTO SCHOOL ZN SPEED VIOLATION,50,0,0,0,50,0,000,BK,DEPARTMENT OF TRANSPORTATION,,
KDE3268,NY,PAS,4939791270,03/11/2025,03:32P,PHTO SCHOOL ZN SPEED VIOLATION,50,0,0,0,50,0,000,QN,DEPARTMENT OF TRANSPORTATION,,
DWR4984,NY,PAS,4939791257,03/11/2025,03:32P,PHTO SCHOOL ZN SPEED VIOLATION,50,0,0,0,50,0,000,BX,DEPARTMENT OF TRANSPORTATION,,
LFS9624,NY,PAS,2023788006,04/15/2025,07:55A,NO PARKING-STREET CLEANING,65,0,0,0,65,0,072,Kings,DEPARTMENT OF SANITATION,,
T123897C,NY,OMT,4939212580,03/06/2025,02:43P,PHTO SCHOOL ZN SPEED VIOLATION,50,0,0,0,50,0,000,QN,DEPARTMENT OF TRANSPORTATION,,
KPS9100,NY,PAS,4939212830,03/06/2025,02:45P,PHTO SCHOOL ZN SPEED VIOLATION,50,0,0,0,50,0,000,QN,DEPARTMENT OF TRANSPORTATION,,
KVV6855,NY,PAS,2023788080,04/15/2025,12:01P,NO PARKING-STREET CLEANING,65,0,0,0,65,0,072,Kings,DEPARTMENT OF SANITATION,,
JDZ1906,NY,PAS,2023792046,04/08/2025,09:51A,NO PARKING-STREET CLEANING,65,0,0,0,65,0,043,Bronx,DEPARTMENT OF SANITATION,,
4958422,NH,PAS,1498538186,03/15/2025,09:19A,NO STANDING-DAY/TIME LIMITS,115,10,0,0,125,0,013,NY,LONG ISLAND RAILROAD,,
HUZ4942,NY,PAS,4939212890,03/06/2025,02:45P,PHTO SCHOOL ZN SPEED VIOLATION,50,0,0,0,50,0,000,ST,DEPARTMENT OF TRANSPORTATION,,
LNZ7167,NY,PAS,1498537662,04/14/2025,05:40A,NO STANDING-DAY/TIME LIMITS,115,0,0,0,115,0,013,NY,LONG ISLAND RAILROAD,,
XMWP39,NJ,PAS,9188798525,03/21/2025,08:09A,NO STANDING-DAY/TIME LIMITS,115,30,0,0,145,0,018,NY,TRAFFIC,,
XKRV16,NJ,PAS,9188798562,03/21/2025,12:11P,FAIL TO DISP. MUNI METER RECPT,65,30,0,0,95,0,018,NY,TRAFFIC,,
HXZ4720,NY,PAS,4939791816,03/11/2025,03:47P,PHTO SCHOOL ZN SPEED VIOLATION,50,0,0,0,50,0,000,BX,DEPARTMENT OF TRANSPORTATION,,
LHV4310,NC,PAS,9196211398,04/05/2025,08:36A,NO PARKING-DAY/TIME LIMITS,60,10,0,0,70,0,044,BX,TRAFFIC,,
LSH3902,NY,PAS,4966013045,09/24/2025,03:22P,PHTO SCHOOL ZN SPEED VIOLATION,50,0,0,0,50,0,000,BK,DEPARTMENT OF TRANSPORTATION,,
CCW6125,NY,PAS,4966013057,09/24/2025,03:23P,PHTO SCHOOL ZN SPEED VIOLATION,50,0,0,0,50,0,000,MN,DEPARTMENT OF TRANSPORTATION,,
DDH9626,NY,PAS,4966013033,09/24/2025,03:22P,PHTO SCHOOL ZN SPEED VIOLATION,50,0,0,0,50,0,000,QN,DEPARTMENT OF TRANSPORTATION,,
4389482,NH,PAS,9043101308,03/29/2023,,,,,,,,,,,,,
R000532,NJ,PAS,9043101310,03/29/2023,,,,,,,,,,,,,
HNX4969,NY,PAS,4939791890,03/11/2025,03:49P,PHTO SCHOOL ZN SPEED VIOLATION,50,0,0,0,50,0,000,BK,DEPARTMENT OF TRANSPORTATION,,
JJX7437,NY,PAS,4939791713,03/11/2025,03:44P,PHTO SCHOOL ZN SPEED VIOLATION,50,0,0,0,50,0,000,QN,DEPARTMENT OF TRANSPORTATION,,
LRA2508,NY,PAS,4939213195,03/06/2025,02:48P,PHTO SCHOOL ZN SPEED VIOLATION,50,0,0,0,50,0,000,ST,DEPARTMENT OF TRANSPORTATION,,
JDZ1906,NY,PAS,2023792587,04/11/2025,09:48A,NO PARKING-STREET CLEANING,65,0,0,0,65,0,043,Bronx,DEPARTMENT OF SANITATION,,
UNZ974,SC,PAS,2023816750,04/10/2025,09:37A,NO PARKING-STREET CLEANING,65,0,0,0,65,0,041,Bronx,DEPARTMENT OF SANITATION,,
R51VHR,NJ,PAS,5707329766,11/04/2025,05:20P,MTA CAMERA VIOLATION - DOUBLE PARKING,50,0,0,0,50,0,000,BK,TRANSIT AUTHORITY,,
GNS9180,NY,PAS,4965848184,09/23/2025,07:08P,PHTO SCHOOL ZN SPEED VIOLATION,50,25,0,0,75,0,000,MN,DEPARTMENT OF TRANSPORTATION,,
LSG5988,PA,PAS,9043101321,03/29/2023,,,,,,,,,,,,,
LMD2002,NC,PAS,4965453104,09/19/2025,11:02P,PHTO SCHOOL ZN SPEED VIOLATION,50,0,0,0,50,0,000,QN,DEPARTMENT OF TRANSPORTATION,,
GA142J,NJ,PAS,9043101680,03/30/2023,,,,,,,,,,,,,
KJW5448,NY,PAS,4939213444,03/06/2025,02:50P,PHTO SCHOOL ZN SPEED VIOLATION,50,0,0,0,50,0,000,BK,DEPARTMENT OF TRANSPORTATION,,
TJS3547,VA,PAS,4939791993,03/11/2025,03:51P,PHTO SCHOOL ZN SPEED VIOLATION,50,0,0,0,50,0,000,QN,DEPARTMENT OF TRANSPORTATION,,
HNB5581,NY,PAS,4939792237,03/11/2025,03:55P,PHTO SCHOOL ZN SPEED VIOLATION,50,0,0,0,50,0,000,QN,DEPARTMENT OF TRANSPORTATION,,
HZN9575,NY,PAS,2023816841,04/10/2025,09:46A,NO PARKING-STREET CLEANING,65,0,0,0,65,0,041,Bronx,DEPARTMENT OF SANITATION,HEARING HELD-GUILTY,
KWT5413,NY,PAS,2023817365,04/12/2025,08:21A,NO PARKING-STREET CLEANING,65,0,0,0,65,0,041,Bronx,DEPARTMENT OF SANITATION,,
LNA9951,NY,PAS,4939213535,03/06/2025,02:51P,PHTO SCHOOL ZN SPEED VIOLATION,50,0,0,0,50,0,000,BK,DEPARTMENT OF TRANSPORTATION,,
K60RSX,NJ,PAS,4939213500,03/06/2025,02:51P,PHTO SCHOOL ZN SPEED VIOLATION,50,0,0,0,50,0,000,BK,DEPARTMENT OF TRANSPORTATION,HEARING HELD-GUILTY,
BSJ9319,TN,PAS,4939213304,03/06/2025,02:49P,PHTO SCHOOL ZN SPEED VIOLATION,50,0,0,0,50,0,000,QN,DEPARTMENT OF TRANSPORTATION,,
KRH1906,NY,PAS,4939213778,03/06/2025,02:54P,PHTO SCHOOL ZN SPEED VIOLATION,50,0,0,0,50,0,000,QN,DEPARTMENT OF TRANSPORTATION,,
LRW7169,NY,PAS,5707329810,11/04/2025,05:24P,MTA CAMERA VIOLATION - DOUBLE PARKING,150,0,0,0,150,0,000,,TRANSIT AUTHORITY,,
LLF1389,NY,PAS,5701191874,11/14/2024,06:33P,NO STANDING-OFF-STREET LOT,50,0,0,0,50,0,000,BK,TRANSIT AUTHORITY,HEARING HELD-GUILTY,
V39LXL,NJ,PAS,5701191928,11/14/2024,06:35P,NO STANDING-OFF-STREET LOT,50,0,0,0,50,0,000,,TRANSIT AUTHORITY,,
83FBJZ,FL,PAS,4937765802,02/21/2025,09:41A,PHTO SCHOOL ZN SPEED VIOLATION,50,25,1.93,0.07,76.86,0,000,QN,DEPARTMENT OF TRANSPORTATION,,05/15/2025
LEK6666,NY,PAS,9196212275,04/09/2025,11:40A,NO PARKING-STREET CLEANING,65,10,0,0,75,0,052,BX,TRAFFIC,,
KJW5448,NY,PAS,4939213950,03/06/2025,02:57P,PHTO SCHOOL ZN SPEED VIOLATION,50,0,0,0,50,0,000,BK,DEPARTMENT OF TRANSPORTATION,,
KHA2877,NY,PAS,9049221336,04/15/2023,11:29A,INSP. STICKER-EXPIRED/MISSING,65,60,9.65,0.17,134.48,0,078,K,TRAFFIC,,08/03/2023
FCW4002,NY,PAS,9179901580,01/16/2025,02:12P,NO STANDING-BUS STOP,115,0,0,0,115,0,112,Q,TRAFFIC,,
JHE3001,NY,PAS,4939792640,03/11/2025,04:08P,PHTO SCHOOL ZN SPEED VIOLATION,50,0,0,0,50,0,000,BX,DEPARTMENT OF TRANSPORTATION,,
T800688C,NY,OMT,4939792780,03/11/2025,04:12P,PHTO SCHOOL ZN SPEED VIOLATION,50,0,0,0,50,0,000,ST,DEPARTMENT OF TRANSPORTATION,,
LDM1378,NY,PAS,2023822063,04/10/2025,11:46A,NO PARKING-STREET CLEANING,65,0,0,0,65,0,072,Kings,DEPARTMENT OF SANITATION,,
LKH5463,NY,PAS,2023822221,04/11/2025,11:39A,NO PARKING-STREET CLEANING,65,0,0,0,65,0,072,Kings,DEPARTMENT OF SANITATION,,
LSS5523,NY,PAS,1498553825,04/12/2025,02:32A,FIRE HYDRANT,115,10,0,0,125,0,040,BX,POLICE DEPARTMENT,,
GWS7212,PA,PAS,9188798860,03/22/2025,01:16P,FAIL TO DSPLY MUNI METER RECPT,65,30,0,0,95,0,014,NY,TRAFFIC,,
LET3580,NY,PAS,4938028906,02/23/2025,07:27P,PHTO SCHOOL ZN SPEED VIOLATION,50,25,0,0,75,0,000,QN,DEPARTMENT OF TRANSPORTATION,,
MRH6418,PA,PAS,9196212329,04/09/2025,11:55A,NO PARKING-STREET CLEANING,65,10,0,10,65,0,052,BX,TRAFFIC,,
LFN9658,NY,PAS,1494981130,08/20/2024,08:53P,DOUBLE PARKING,115,10,0,0,125,0,046,BX,POLICE DEPARTMENT,,
KJJ9174,NY,PAS,4941187118,03/23/2025,02:57A,PHTO SCHOOL ZN SPEED VIOLATION,50,0,0,0,50,0,000,BK,DEPARTMENT OF TRANSPORTATION,,
GWC5283,NY,PAS,4941187179,03/23/2025,02:58A,PHTO SCHOOL ZN SPEED VIOLATION,50,0,0,0,50,0,000,BK,DEPARTMENT OF TRANSPORTATION,,
KMN8229,NY,PAS,4939793308,03/11/2025,04:22P,PHTO SCHOOL ZN SPEED VIOLATION,50,0,0,0,50,0,000,BX,DEPARTMENT OF TRANSPORTATION,,
HFZ5865,NY,PAS,9049242637,04/27/2023,11:59A,EXPIRED MUNI METER,35,0,0,0,35,0,066,K,TRAFFIC,APPEAL AFFIRMED,
KDE7840,NY,PAS,4939793278,03/11/2025,04:21P,PHTO SCHOOL ZN SPEED VIOLATION,50,0,0,0,50,0,000,QN,DEPARTMENT OF TRANSPORTATION,,
KRN5083,NY,PAS,4939793345,03/11/2025,04:23P,PHTO SCHOOL ZN SPEED VIOLATION,50,0,0,0,50,0,000,QN,DEPARTMENT OF TRANSPORTATION,,
KMG2335,NY,PAS,2023826032,04/08/2025,09:10A,NO PARKING-STREET CLEANING,65,0,0,0,65,0,073,Kings,DEPARTMENT OF SANITATION,,
51DNRN,FL,PAS,2023826688,04/10/2025,10:29A,NO PARKING-STREET CLEANING,65,0,0,0,65,0,073,Kings,DEPARTMENT OF SANITATION,,
LSK8479,NY,PAS,1498554131,04/26/2025,05:01P,NO STANDING-DAY/TIME LIMITS,115,0,0,0,115,0,040,BX,POLICE DEPARTMENT,,
HZL8902,NY,PAS,5701192647,11/14/2024,07:53P,NO STANDING-OFF-STREET LOT,50,0,0,0,50,0,000,MN,TRANSIT AUTHORITY,,
FLW5842,NY,PAS,4965849097,09/23/2025,07:40P,PHTO SCHOOL ZN SPEED VIOLATION,50,25,0,25,50,0,000,QN,DEPARTMENT OF TRANSPORTATION,,
KGX7906,NY,PAS,4938029315,02/23/2025,07:42P,PHTO SCHOOL ZN SPEED VIOLATION,50,25,0,0,75,0,000,BK,DEPARTMENT OF TRANSPORTATION,,
MPN8492,PA,PAS,4938029844,02/23/2025,08:06P,PHTO SCHOOL ZN SPEED VIOLATION,50,25,0,0,75,0,000,ST,DEPARTMENT OF TRANSPORTATION,,
12931MK,NY,COM,4965453645,09/20/2025,12:00A,PHTO SCHOOL ZN SPEED VIOLATION,50,0,0,0,50,0,000,QN,DEPARTMENT OF TRANSPORTATION,,
DZD4108,NY,PAS,2023831374,04/10/2025,11:44A,NO PARKING-STREET CLEANING,65,0,0,0,65,0,077,Kings,DEPARTMENT OF SANITATION,,
KRU1545,NY,PAS,9049249851,04/27/2023,09:42P,FIRE HYDRANT,115,10,0,0,125,0,066,K,TRAFFIC,APPEAL AFFIRMED,
195APA,NY,ORG,4941187209,03/23/2025,03:00A,PHTO SCHOOL ZN SPEED VIOLATION,50,0,0,0,50,0,000,BK,DEPARTMENT OF TRANSPORTATION,,
33360LV,NY,OML,4939214758,03/06/2025,03:03P,PHTO SCHOOL ZN SPEED VIOLATION,50,0,0,0,50,0,000,BK,DEPARTMENT OF TRANSPORTATION,,
LPV4118,NY,PAS,4939215155,03/06/2025,03:07P,PHTO SCHOOL ZN SPEED VIOLATION,50,0,0,50,0,0,000,QN,DEPARTMENT OF TRANSPORTATION,HEARING HELD-NOT GUILTY,
KGG6087,NY,PAS,4939215064,03/06/2025,03:05P,PHTO SCHOOL ZN SPEED VIOLATION,50,0,0,0,50,0,000,QN,DEPARTMENT OF TRANSPORTATION,,
HYU7812,NY,PAS,4941187805,03/23/2025,03:17A,PHTO SCHOOL ZN SPEED VIOLATION,50,25,0,0,75,0,000,QN,DEPARTMENT OF TRANSPORTATION,,
MAC6413,NY,PAS,4966013392,09/24/2025,03:31P,PHTO SCHOOL ZN SPEED VIOLATION,50,0,0,0,50,0,000,ST,DEPARTMENT OF TRANSPORTATION,,
T112019C,NY,OMT,4933181767,01/09/2025,09:57A,PHTO SCHOOL ZN SPEED VIOLATION,50,25,2.16,0.04,77.12,0,000,BK,DEPARTMENT OF TRANSPORTATION,,04/03/2025
205614,WV,PAS,9043101862,03/30/2023,,,,,,,,,,,,,
KZP3631,NY,PAS,4941187982,03/23/2025,03:24A,PHTO SCHOOL ZN SPEED VIOLATION,50,0,0,0,50,0,000,BK,DEPARTMENT OF TRANSPORTATION,,
KVT6342,NY,PAS,4785205581,06/30/2022,05:42P,PHTO SCHOOL ZN SPEED VIOLATION,50,25,15.34,0,90.34,0,000,BX,DEPARTMENT OF TRANSPORTATION,,09/22/2022
XJZN18,NJ,PAS,4785770030,07/06/2022,11:54A,PHTO SCHOOL ZN SPEED VIOLATION,50,25,17.2,0.13,92.07,0,000,QN,DEPARTMENT OF TRANSPORTATION,,09/29/2022
KVT5311,NY,PAS,4786160015,07/06/2022,05:33P,PHTO SCHOOL ZN SPEED VIOLATION,50,25,15.21,0,90.21,0,000,BX,DEPARTMENT OF TRANSPORTATION,,09/29/2022
DSG5867,NY,PAS,4939793930,03/11/2025,04:36P,PHTO SCHOOL ZN SPEED VIOLATION,50,0,0,0,50,0,000,QN,DEPARTMENT OF TRANSPORTATION,,
LCF2442,NY,PAS,1492652659,07/23/2023,08:42P,DOUBLE PARKING,115,10,0,125,0,0,079,K,POLICE DEPARTMENT,ADMIN REDUCTION,
93647,NY,MED,9179902571,01/29/2025,12:09P,REG. STICKER-EXPIRED/MISSING,65,0,0,0,65,0,112,Q,TRAFFIC,,
LPG2164,NY,PAS,5701193068,11/14/2024,08:26P,NO STANDING-OFF-STREET LOT,50,0,0,0,50,0,000,,TRANSIT AUTHORITY,,
KVG6996,NY,PAS,5701193160,11/14/2024,08:49P,NO STANDING-OFF-STREET LOT,50,0,0,0,50,0,000,,TRANSIT AUTHORITY,,
KPS6333,NY,PAS,4941187908,03/23/2025,03:20A,PHTO SCHOOL ZN SPEED VIOLATION,50,0,0,0,50,0,000,BK,DEPARTMENT OF TRANSPORTATION,,
BDP4832,NY,PAS,4939214989,03/06/2025,03:05P,PHTO SCHOOL ZN SPEED VIOLATION,50,0,0,0,50,0,000,ST,DEPARTMENT OF TRANSPORTATION,,
T33SKG,NJ,PAS,4939215179,03/06/2025,03:07P,PHTO SCHOOL ZN SPEED VIOLATION,50,0,0,0,50,0,000,BK,DEPARTMENT OF TRANSPORTATION,,
T775475C,NY,OMT,1498556425,04/15/2025,08:50P,NO STANDING-EXC. AUTH. VEHICLE,95,10,0,0,105,0,040,BX,POLICE DEPARTMENT,,
LDH3339,NC,PAS,1490137490,09/27/2024,07:03A,NO STANDING-DAY/TIME LIMITS,115,60,8.62,0.01,183.61,0,013,NY,HEALTH AND HOSPITAL CORP. POLICE,,01/16/2025
KWN3120,NY,PAS,4939215350,03/06/2025,03:09P,PHTO SCHOOL ZN SPEED VIOLATION,50,0,0,0,50,0,000,QN,DEPARTMENT OF TRANSPORTATION,,
BF8769,NY,PAS,5701193512,11/14/2024,09:54P,NO STANDING-OFF-STREET LOT,50,0,0,0,50,0,000,BK,TRANSIT AUTHORITY,,
Z50WDE,NJ,PAS,2026997329,10/21/2025,11:51A,NO PARKING-STREET CLEANING,65,0,0,0,65,0,032,NY,DEPARTMENT OF SANITATION,,
G76VBW,NJ,PAS,4965453852,09/20/2025,12:17A,PHTO SCHOOL ZN SPEED VIOLATION,50,0,0,0,50,0,000,BX,DEPARTMENT OF TRANSPORTATION,,
15364NG,NY,COM,4966013460,09/24/2025,03:32P,PHTO SCHOOL ZN SPEED VIOLATION,50,0,0,0,50,0,000,QN,DEPARTMENT OF TRANSPORTATION,,
LFA6815,NY,PAS,2023831611,04/11/2025,08:59A,NO PARKING-STREET CLEANING,65,0,0,0,65,0,077,Kings,DEPARTMENT OF SANITATION,,
HJG1251,NY,PAS,2026998942,10/06/2025,11:38A,NO PARKING-STREET CLEANING,65,0,0,0,65,0,108,Qns,DEPARTMENT OF SANITATION,,
BL34738,CT,PAS,2023832007,04/12/2025,09:37A,NO PARKING-STREET CLEANING,65,0,0,0,65,0,045,Bronx,DEPARTMENT OF SANITATION,,
FRA2559,NY,PAS,2023844125,04/16/2025,11:45A,NO PARKING-STREET CLEANING,65,0,0,0,65,0,062,Kings,DEPARTMENT OF SANITATION,,
MRZ2162,PA,PAS,5701193536,11/14/2024,09:56P,NO STANDING-OFF-STREET LOT,50,0,0,0,50,0,000,,TRANSIT AUTHORITY,,
FAM1903,NY,PAS,9179903083,02/04/2025,11:59A,FAIL TO DSPLY MUNI METER RECPT,35,0,0,0,35,0,106,Q,TRAFFIC,,
LKL6686,NY,PAS,5701193962,11/15/2024,01:20A,NO STANDING-OFF-STREET LOT,50,0,0,50,0,0,000,MN,TRANSIT AUTHORITY,HEARING HELD-NOT GUILTY,
9HSG000,CA,PAS,4939215477,03/06/2025,03:10P,PHTO SCHOOL ZN SPEED VIOLATION,50,0,0,0,50,0,000,MN,DEPARTMENT OF TRANSPORTATION,,
HFY8034,NY,PAS,4938030688,02/23/2025,08:40P,PHTO SCHOOL ZN SPEED VIOLATION,50,25,0,0,75,0,000,BK,DEPARTMENT OF TRANSPORTATION,,
40363NC,NY,COM,1498556644,04/27/2025,01:30P,FIRE HYDRANT,115,0,0,0,115,0,040,BX,POLICE DEPARTMENT,,
LNF5793,NY,PAS,4049629940,11/19/2025,11:39A,BUS LANE VIOLATION,100,0,0,0,100,0,000,QN,DEPARTMENT OF TRANSPORTATION,,
LDH3339,NC,PAS,1490137970,09/24/2024,01:50A,NO STANDING-DAY/TIME LIMITS,115,60,5,0.01,179.99,0,013,,HEALTH AND HOSPITAL CORP. POLICE,,01/09/2025
GFS8785,NY,PAS,1499032006,05/14/2025,08:58A,OBSTRUCTING DRIVEWAY,95,10,0,0,105,0,072,K,POLICE DEPARTMENT,,
JMN2311,NY,OMS,4966013525,09/24/2025,03:33P,PHTO SCHOOL ZN SPEED VIOLATION,50,0,0,0,50,0,000,BK,DEPARTMENT OF TRANSPORTATION,,
KDR3531,NY,PAS,9196213747,04/15/2025,02:15P,EXPIRED MUNI METER,35,0,0,0,35,0,046,BX,TRAFFIC,,
JMZ2544,NY,PAS,4941188342,03/23/2025,03:33A,PHTO SCHOOL ZN SPEED VIOLATION,50,0,0,0,50,0,000,BK,DEPARTMENT OF TRANSPORTATION,,
GBV6892,NY,PAS,4939794969,03/11/2025,05:04P,PHTO SCHOOL ZN SPEED VIOLATION,50,0,0,0,50,0,000,BK,DEPARTMENT OF TRANSPORTATION,,
KUG5257,NY,PAS,2023872686,04/15/2025,11:28A,NO PARKING-STREET CLEANING,65,0,0,0,65,0,075,Kings,DEPARTMENT OF SANITATION,,
T778076C,NY,OMT,5802389679,01/15/2025,11:28P,EXPIRED METER-COMM METER ZONE,50,0,0,0,50,0,000,BK,TRANSIT AUTHORITY,,
LSM9732,NY,PAS,4941188718,03/23/2025,03:42A,PHTO SCHOOL ZN SPEED VIOLATION,50,0,0,0,50,0,000,QN,DEPARTMENT OF TRANSPORTATION,,
GRV6853,NY,PAS,4939215830,03/06/2025,03:13P,PHTO SCHOOL ZN SPEED VIOLATION,50,0,0,0,50,0,000,QN,DEPARTMENT OF TRANSPORTATION,,
EJE4633,NY,PAS,4939215623,03/06/2025,03:11P,PHTO SCHOOL ZN SPEED VIOLATION,50,0,0,0,50,0,000,QN,DEPARTMENT OF TRANSPORTATION,,
LBR2389,NY,PAS,4941188469,03/23/2025,03:36A,PHTO SCHOOL ZN SPEED VIOLATION,50,0,0,0,50,0,000,BX,DEPARTMENT OF TRANSPORTATION,,
LBR2389,NY,PAS,4941188482,03/23/2025,03:36A,PHTO SCHOOL ZN SPEED VIOLATION,50,0,0,0,50,0,000,BX,DEPARTMENT OF TRANSPORTATION,,
KFK7114,NY,PAS,8991639665,03/23/2022,10:09A,INSP. STICKER-EXPIRED/MISSING,65,60,41.88,0.01,166.87,0,073,K,TRAFFIC,,07/28/2022
LHP4941,NY,PAS,4966013550,09/24/2025,03:33P,PHTO SCHOOL ZN SPEED VIOLATION,50,0,0,0,50,0,000,QN,DEPARTMENT OF TRANSPORTATION,,
L42SCA,NJ,PAS,1490138377,10/10/2024,05:35P,NO STANDING-DAY/TIME LIMITS,115,10,0,0,125,0,013,NY,HEALTH AND HOSPITAL CORP. POLICE,,
J24NYJ,NJ,PAS,4938032053,02/23/2025,09:47P,PHTO SCHOOL ZN SPEED VIOLATION,50,25,0,0,75,0,000,MN,DEPARTMENT OF TRANSPORTATION,,
8628AK,VA,PAS,5701194322,11/15/2024,07:06A,NO STANDING-OFF-STREET LOT,50,0,0,0,50,0,000,MN,TRANSIT AUTHORITY,,
RUK0714,GA,PAS,5701194530,11/15/2024,07:36A,NO STANDING-OFF-STREET LOT,50,0,0,0,50,0,000,,TRANSIT AUTHORITY,,
YOUSSEF,NY,OMT,5701194541,11/15/2024,07:38A,NO STANDING-OFF-STREET LOT,50,0,0,0,50,0,000,,TRANSIT AUTHORITY,,
KMR1601,NC,PAS,1490138420,11/15/2024,09:25A,NO STANDING-DAY/TIME LIMITS,115,60,3.64,0.28,178.36,0,013,NY,HEALTH AND HOSPITAL CORP. POLICE,,03/06/2025
T100342C,NY,OMT,4939795032,03/11/2025,05:05P,PHTO SCHOOL ZN SPEED VIOLATION,50,0,0,0,50,0,000,BX,DEPARTMENT OF TRANSPORTATION,,
LTV6477,NY,PAS,2023884056,04/11/2025,10:30A,NO PARKING-STREET CLEANING,65,0,0,0,65,0,042,Bronx,DEPARTMENT OF SANITATION,,
LLR7568,NY,PAS,4939216226,03/06/2025,03:18P,PHTO SCHOOL ZN SPEED VIOLATION,50,0,0,0,50,0,000,QN,DEPARTMENT OF TRANSPORTATION,,
KHT4510,NY,PAS,4939216238,03/06/2025,03:18P,PHTO SCHOOL ZN SPEED VIOLATION,50,0,0,0,50,0,000,ST,DEPARTMENT OF TRANSPORTATION,,
HYH5875,NY,PAS,4966013562,09/24/2025,03:34P,PHTO SCHOOL ZN SPEED VIOLATION,50,0,0,0,50,0,000,BK,DEPARTMENT OF TRANSPORTATION,,
KUP5364,NY,PAS,4938032363,02/23/2025,10:00P,PHTO SCHOOL ZN SPEED VIOLATION,50,25,0,0,75,0,000,ST,DEPARTMENT OF TRANSPORTATION,,
GYS1973,NY,PAS,1499032092,05/02/2025,09:11A,PEDESTRIAN RAMP,165,0,0,0,165,0,072,K,POLICE DEPARTMENT,,
T56MAF,NJ,PAS,4941189401,03/23/2025,04:01A,PHTO SCHOOL ZN SPEED VIOLATION,50,0,0,0,50,0,000,BX,DEPARTMENT OF TRANSPORTATION,,
LRX7970,NY,PAS,4939216433,03/06/2025,03:20P,PHTO SCHOOL ZN SPEED VIOLATION,50,0,0,0,50,0,000,QN,DEPARTMENT OF TRANSPORTATION,,
LRL5511,NY,PAS,4941189292,03/23/2025,03:58A,PHTO SCHOOL ZN SPEED VIOLATION,50,0,0,0,50,0,000,BK,DEPARTMENT OF TRANSPORTATION,HEARING ADJOURNMENT,
LGC8234,NY,PAS,5701194693,11/15/2024,07:55A,NO STANDING-OFF-STREET LOT,50,0,0,0,50,0,000,,TRANSIT AUTHORITY,,
T800885C,NY,OMT,5701194814,11/15/2024,08:08A,NO STANDING-OFF-STREET LOT,50,0,0,0,50,0,000,,TRANSIT AUTHORITY,,
BINLURKN,NY,SRF,4939795329,03/11/2025,05:12P,PHTO SCHOOL ZN SPEED VIOLATION,50,0,0,0,50,0,000,QN,DEPARTMENT OF TRANSPORTATION,,
KMX7181,NY,PAS,4939795410,03/11/2025,05:14P,PHTO SCHOOL ZN SPEED VIOLATION,50,0,0,0,50,0,000,QN,DEPARTMENT OF TRANSPORTATION,,
LHF9438,NY,PAS,9179903101,02/04/2025,12:14P,INSP. STICKER-EXPIRED/MISSING,65,0,0,0,65,0,106,Q,TRAFFIC,,
GWM3856,NY,PAS,4939795524,03/11/2025,05:16P,PHTO SCHOOL ZN SPEED VIOLATION,50,0,0,0,50,0,000,BK,DEPARTMENT OF TRANSPORTATION,,
T87RNG,NJ,PAS,4939216603,03/06/2025,03:21P,PHTO SCHOOL ZN SPEED VIOLATION,50,0,0,0,50,0,000,BK,DEPARTMENT OF TRANSPORTATION,,
GMS3448,NY,PAS,4939795299,03/11/2025,05:12P,PHTO SCHOOL ZN SPEED VIOLATION,50,0,0,0,50,0,000,QN,DEPARTMENT OF TRANSPORTATION,,
BCC7544,NY,PAS,4939795330,03/11/2025,05:13P,PHTO SCHOOL ZN SPEED VIOLATION,50,0,0,0,50,0,000,QN,DEPARTMENT OF TRANSPORTATION,,
LCH4013,NY,PAS,1081223935,10/30/2023,11:50A,NO STANDING-EXC. AUTH. VEHICLE,95,10,0,105,0,0,862,NY,POLICE DEPARTMENT,ADMIN REDUCTION,
TLB7922,VA,PAS,1345790934,03/14/2025,03:02A,DOUBLE PARKING,115,0,0,0,115,0,072,K,POLICE DEPARTMENT,,
LXG3084,NY,PAS,4965454273,09/20/2025,02:59A,PHTO SCHOOL ZN SPEED VIOLATION,50,0,0,0,50,0,000,QN,DEPARTMENT OF TRANSPORTATION,,
KYH3516,NY,PAS,5701195168,11/15/2024,08:37A,NO STANDING-OFF-STREET LOT,50,0,0,0,50,0,000,,TRANSIT AUTHORITY,,
LEN8896,NY,PAS,5701194929,11/15/2024,08:18A,NO STANDING-OFF-STREET LOT,50,0,0,0,50,0,000,,TRANSIT AUTHORITY,,
KEL8293,NY,PAS,4966013690,09/24/2025,03:36P,PHTO SCHOOL ZN SPEED VIOLATION,50,0,0,0,50,0,000,BK,DEPARTMENT OF TRANSPORTATION,,
JRD6806,NY,PAS,9196216890,04/15/2025,07:26A,VIN OBSCURED,65,0,0,0,65,0,046,BX,TRAFFIC,,
KYH9108,NY,PAS,4941189840,03/23/2025,04:11A,PHTO SCHOOL ZN SPEED VIOLATION,50,0,0,0,50,0,000,QN,DEPARTMENT OF TRANSPORTATION,,
LJJ2272,NY,PAS,4941189565,03/23/2025,04:04A,PHTO SCHOOL ZN SPEED VIOLATION,50,0,0,0,50,0,000,MN,DEPARTMENT OF TRANSPORTATION,,
HBN5161,NY,PAS,4939795901,03/11/2025,05:23P,PHTO SCHOOL ZN SPEED VIOLATION,50,0,0,0,50,0,000,BX,DEPARTMENT OF TRANSPORTATION,,
17665BT,NY,PAS,1418400476,09/22/2023,12:16A,PARKED BUS-EXC. DESIG. AREA,45,10,0,55,0,0,047,,POLICE DEPARTMENT,ADMIN REDUCTION,
LAK6004,NY,PAS,1420584595,07/26/2023,04:11P,NO STANDING-BUS STOP,115,10,0,125,0,0,106,Q,NYC TRANSIT AUTHORITY MANAGERS,ADMIN REDUCTION,
HCP1465,NY,PAS,1423935020,06/01/2017,05:47P,NO STANDING-COMM METER ZONE,115,60,117.59,0.01,292.58,0,017,NY,POLICE DEPARTMENT,,09/21/2017
KVZ7430,NY,PAS,4965454560,09/19/2025,09:40A,PHTO SCHOOL ZN SPEED VIOLATION,50,0,0,0,50,0,000,BK,DEPARTMENT OF TRANSPORTATION,,
HLE9232,NY,PAS,4966013800,09/24/2025,03:39P,PHTO SCHOOL ZN SPEED VIOLATION,50,0,0,0,50,0,000,MN,DEPARTMENT OF TRANSPORTATION,,
3AEP95,MA,PAS,9194111571,03/28/2025,07:51A,NO STANDING-EXC. AUTH. VEHICLE,95,0,0,0,95,0,028,NY,TRAFFIC,,
74BRZL,FL,PAS,5701195557,11/15/2024,09:01A,NO STANDING-OFF-STREET LOT,50,0,0,0,50,0,000,,TRANSIT AUTHORITY,,
GEF560,FL,PAS,5701195296,11/15/2024,08:43A,NO STANDING-OFF-STREET LOT,50,0,0,0,50,0,000,BK,TRANSIT AUTHORITY,,
KYL6333,NY,PAS,5701195600,11/15/2024,09:03A,NO STANDING-OFF-STREET LOT,50,0,0,0,50,0,000,,TRANSIT AUTHORITY,,
KZA8502,NY,PAS,5701195958,11/15/2024,09:16A,NO STANDING-OFF-STREET LOT,50,0,0,0,50,0,000,MN,TRANSIT AUTHORITY,,
15085JW,NY,COM,4939217243,03/06/2025,03:27P,PHTO SCHOOL ZN SPEED VIOLATION,50,0,0,0,50,0,000,ST,DEPARTMENT OF TRANSPORTATION,,
822AXH,ME,PAS,4939796334,03/11/2025,05:33P,PHTO SCHOOL ZN SPEED VIOLATION,50,0,0,0,50,0,000,BK,DEPARTMENT OF TRANSPORTATION,,
EUE4858,NY,PAS,4939796395,03/11/2025,05:34P,PHTO SCHOOL ZN SPEED VIOLATION,50,0,0,0,50,0,000,BK,DEPARTMENT OF TRANSPORTATION,,
92BF40,NY,999,1425800695,10/26/2023,09:42P,NO STANDING-EXC. AUTH. VEHICLE,95,10,0,105,0,0,090,Q,POLICE DEPARTMENT,ADMIN REDUCTION,
KPW1483,NY,PAS,9049262788,05/15/2023,02:14P,NO STANDING-DAY/TIME LIMITS,115,60,14.48,0,189.48,0,120,R,TRAFFIC,,08/31/2023
LED7587,NY,PAS,1425800762,11/03/2023,09:35P,NO STANDING-EXC. AUTH. VEHICLE,95,10,0,105,0,0,090,K,POLICE DEPARTMENT,ADMIN REDUCTION,
H0NEEYB,NC,PAS,5133965461,04/17/2024,02:44P,FAILURE TO STOP AT RED LIGHT,50,25,4.16,0,79.16,0,000,QN,DEPARTMENT OF TRANSPORTATION,,07/11/2024
KST5198,NY,PAS,4939217231,03/06/2025,03:27P,PHTO SCHOOL ZN SPEED VIOLATION,50,0,0,0,50,0,000,ST,DEPARTMENT OF TRANSPORTATION,,
KDY6589,NY,PAS,4939217401,03/06/2025,03:29P,PHTO SCHOOL ZN SPEED VIOLATION,50,0,0,0,50,0,000,ST,DEPARTMENT OF TRANSPORTATION,,
