plate,state,license_type,summons_number,issue_date,violation_time,violation,fine_amount,penalty_amount,interest_amount,reduction_amount,payment_amount,amount_due,precinct,county,issuing_agency,violation_status,judgment_entry_date,issue_year,issue_month,issue_day,issue_dayofweek,issue_quarter,is_weekend,total_charges,net_paid,unpaid_balance_ratio,high_fine_flag,county_encoded,state_encoded,license_type_encoded,issuing_agency_encoded,violation_status_encoded
JSE5279,NY,PAS,4939191485,2025-03-06,11:40A,PHTO SCHOOL ZN SPEED VIOLATION,50.0,0.0,0.0,0.0,50.0,0.0,000,Queens,DEPARTMENT OF TRANSPORTATION,UNKNOWN,,2025,3,6,3,1,0,50.0,50.0,0.0,0,3,17,8,1,6
KHB9090,NY,PAS,2022307010,2025-04-15,09:28A,NO PARKING-STREET CLEANING,65.0,0.0,0.0,0.0,65.0,0.0,007,Manhattan,DEPARTMENT OF SANITATION,UNKNOWN,,2025,4,15,1,2,0,65.0,65.0,0.0,1,2,17,8,0,6
GST7523,NY,PAS,2022633088,2025-04-15,11:17A,NO PARKING-STREET CLEANING,65.0,0.0,0.0,0.0,65.0,0.0,006,Manhattan,DEPARTMENT OF SANITATION,UNKNOWN,,2025,4,15,1,2,0,65.0,65.0,0.0,1,2,17,8,0,6
KHS2784,NY,PAS,4939191497,2025-03-06,11:40A,PHTO SCHOOL ZN SPEED VIOLATION,50.0,0.0,0.0,0.0,50.0,0.0,000,Brooklyn,DEPARTMENT OF TRANSPORTATION,UNKNOWN,,2025,3,6,3,1,0,50.0,50.0,0.0,0,1,17,8,1,6
KGM2860,NY,PAS,4939191503,2025-03-06,11:40A,PHTO SCHOOL ZN SPEED VIOLATION,50.0,0.0,0.0,0.0,50.0,0.0,000,Queens,DEPARTMENT OF TRANSPORTATION,UNKNOWN,,2025,3,6,3,1,0,50.0,50.0,0.0,0,3,17,8,1,6
Y38ULT,NJ,PAS,4939191709,2025-03-06,11:43A,PHTO SCHOOL ZN SPEED VIOLATION,50.0,0.0,0.0,0.0,50.0,0.0,000,Queens,DEPARTMENT OF TRANSPORTATION,UNKNOWN,,2025,3,6,3,1,0,50.0,50.0,0.0,0,3,16,8,1,6
KEF2249,NY,PAS,2022725931,2025-04-11,01:11A,NO PARKING-STREET CLEANING,65.0,0.0,0.0,0.0,65.0,0.0,090,Brooklyn,DEPARTMENT OF SANITATION,UNKNOWN,,2025,4,11,4,2,0,65.0,65.0,0.0,1,1,17,8,0,6
46913MN,NY,COM,8858175591,2021-02-16,11:23A,FIRE HYDRANT,115.0,10.0,0.0,0.0,125.0,0.0,079,Brooklyn,TRAFFIC,HEARING HELD-GUILTY,,2021,2,16,1,1,0,125.0,125.0,0.0,1,1,17,1,6,3
FAC6334,NY,PAS,8858177060,2021-02-25,11:24A,NO PARKING-STREET CLEANING,65.0,10.0,0.0,0.0,75.0,0.0,079,Brooklyn,TRAFFIC,HEARING HELD-GUILTY,,2021,2,25,3,1,0,75.0,75.0,0.0,1,1,17,8,6,3
AU5921,NY,PAS,5701170755,2024-11-12,02:01P,NO STANDING-OFF-STREET LOT,50.0,0.0,0.0,0.0,50.0,0.0,000,UNKNOWN,TRANSIT AUTHORITY,UNKNOWN,,2024,11,12,1,4,0,50.0,50.0,0.0,0,5,17,8,7,6
KHL5173,NY,PAS,5701170718,2024-11-12,01:58P,NO STANDING-OFF-STREET LOT,150.0,0.0,0.0,0.0,150.0,0.0,000,UNKNOWN,TRANSIT AUTHORITY,HEARING HELD-GUILTY,,2024,11,12,1,4,0,150.0,150.0,0.0,1,5,17,8,7,3
LAL6213,NY,PAS,1490121572,2024-02-06,04:55P,DOUBLE PARKING,115.0,0.0,0.0,55.09999999999991,0.0,0.0,067,Brooklyn,POLICE DEPARTMENT,HEARING HELD-NOT GUILTY,,2024,2,6,1,1,0,115.0,-55.09999999999991,0.0,1,1,17,8,5,5
FEH5629,NY,PAS,1498523043,2025-03-31,08:20P,DOUBLE PARKING,115.0,10.0,0.0,0.0,125.0,0.0,067,Brooklyn,POLICE DEPARTMENT,UNKNOWN,,2025,3,31,0,1,0,125.0,125.0,0.0,1,1,17,8,5,6
U59SNP,NJ,PAS,1494950030,2023-12-22,UNKNOWN,UNKNOWN,59.94399185336049,4.760692464358452,1.0263034623217924,1.8407230142566193,63.7833401221996,0.10692464358452139,,UNKNOWN,UNKNOWN,UNKNOWN,,2023,12,22,4,4,0,65.73098778004073,61.94261710794298,0.0016267006962124057,1,5,16,8,8,6
L66NRW,NJ,PAS,1490121523,2023-07-30,UNKNOWN,UNKNOWN,59.94399185336049,4.760692464358452,1.0263034623217924,1.8407230142566193,63.7833401221996,0.10692464358452139,,UNKNOWN,UNKNOWN,UNKNOWN,,2023,7,30,6,3,1,65.73098778004073,61.94261710794298,0.0016267006962124057,1,5,16,8,8,6
MGS2805,PA,PAS,2022726054,2025-04-15,01:19A,NO PARKING-STREET CLEANING,65.0,0.0,0.0,0.0,65.0,0.0,090,Brooklyn,DEPARTMENT OF SANITATION,UNKNOWN,,2025,4,15,1,2,0,65.0,65.0,0.0,1,1,19,8,0,6
KZF8556,NY,PAS,2022737570,2025-04-15,11:07A,NO PARKING-STREET CLEANING,65.0,0.0,0.0,0.0,65.0,0.0,030,Manhattan,DEPARTMENT OF SANITATION,UNKNOWN,,2025,4,15,1,2,0,65.0,65.0,0.0,1,2,17,8,0,6
10886MM,NY,COM,9049019316,2023-05-08,03:16P,NO STANDING-DAY/TIME LIMITS,115.0,0.0,0.0,0.0,115.0,0.0,088,Brooklyn,TRAFFIC,APPEAL AFFIRMED,,2023,5,8,0,2,0,115.0,115.0,0.0,1,1,17,1,6,1
JH474,RI,PAS,4941169657,2025-03-22,11:12A,PHTO SCHOOL ZN SPEED VIOLATION,50.0,0.0,0.0,0.0,50.0,0.0,000,Bronx,DEPARTMENT OF TRANSPORTATION,UNKNOWN,,2025,3,22,5,1,1,50.0,50.0,0.0,0,0,20,8,1,6
KNG1484,NY,PAS,4939191783,2025-03-06,11:43A,PHTO SCHOOL ZN SPEED VIOLATION,50.0,0.0,0.0,0.0,50.0,0.0,000,Bronx,DEPARTMENT OF TRANSPORTATION,UNKNOWN,,2025,3,6,3,1,0,50.0,50.0,0.0,0,0,17,8,1,6
KZA8666,NY,PAS,4941169530,2025-03-22,11:07A,PHTO SCHOOL ZN SPEED VIOLATION,50.0,0.0,0.0,0.0,50.0,0.0,000,Queens,DEPARTMENT OF TRANSPORTATION,UNKNOWN,,2025,3,22,5,1,1,50.0,50.0,0.0,0,3,17,8,1,6
LSP9266,NY,PAS,4937994876,2025-02-23,09:01A,PHTO SCHOOL ZN SPEED VIOLATION,50.0,25.0,0.0,0.0,75.0,0.0,000,Manhattan,DEPARTMENT OF TRANSPORTATION,UNKNOWN,,2025,2,23,6,1,1,75.0,75.0,0.0,0,2,17,8,1,6
LSP9266,NY,PAS,4937995017,2025-02-23,09:06A,PHTO SCHOOL ZN SPEED VIOLATION,50.0,25.0,0.0,0.0,75.0,0.0,000,Manhattan,DEPARTMENT OF TRANSPORTATION,UNKNOWN,,2025,2,23,6,1,1,75.0,75.0,0.0,0,2,17,8,1,6
KJH5392,NY,PAS,4937995042,2025-02-23,09:06A,PHTO SCHOOL ZN SPEED VIOLATION,50.0,25.0,0.0,0.0,75.0,0.0,000,Brooklyn,DEPARTMENT OF TRANSPORTATION,UNKNOWN,,2025,2,23,6,1,1,75.0,75.0,0.0,0,1,17,8,1,6
APZ1536,NY,PAS,4939192258,2025-03-06,11:46A,PHTO SCHOOL ZN SPEED VIOLATION,50.0,0.0,0.0,0.0,50.0,0.0,000,Staten Island,DEPARTMENT OF TRANSPORTATION,UNKNOWN,,2025,3,6,3,1,0,50.0,50.0,0.0,0,4,17,8,1,6
LVZ7463,NY,PAS,4965446434,2025-09-19,04:55P,PHTO SCHOOL ZN SPEED VIOLATION,50.0,25.0,0.0,0.0,75.0,0.0,000,Brooklyn,DEPARTMENT OF TRANSPORTATION,UNKNOWN,,2025,9,19,4,3,0,75.0,75.0,0.0,0,1,17,8,1,6
GNL3543,NY,PAS,4049629252,2025-11-19,04:27P,BUS LANE VIOLATION,50.0,0.0,0.0,0.0,50.0,0.0,000,Brooklyn,DEPARTMENT OF TRANSPORTATION,UNKNOWN,,2025,11,19,2,4,0,50.0,50.0,0.0,0,1,17,8,1,6
JCR3595,NY,PAS,4965837605,2025-09-23,03:08P,PHTO SCHOOL ZN SPEED VIOLATION,50.0,25.0,0.0,0.0,75.0,0.0,000,Queens,DEPARTMENT OF TRANSPORTATION,UNKNOWN,,2025,9,23,1,3,0,75.0,75.0,0.0,0,3,17,8,1,6
KZF8987,NY,PAS,4965446513,2025-09-19,04:58P,PHTO SCHOOL ZN SPEED VIOLATION,50.0,0.0,0.0,0.0,50.0,0.0,000,Staten Island,DEPARTMENT OF TRANSPORTATION,UNKNOWN,,2025,9,19,4,3,0,50.0,50.0,0.0,0,4,17,8,1,6
HDZ5257,NY,PAS,4049629264,2025-11-19,04:27P,BUS LANE VIOLATION,50.0,0.0,0.0,0.0,50.0,0.0,000,Bronx,DEPARTMENT OF TRANSPORTATION,UNKNOWN,,2025,11,19,2,4,0,50.0,50.0,0.0,0,0,17,8,1,6
LBV1942,NY,PAS,4939770011,2025-03-11,09:21A,PHTO SCHOOL ZN SPEED VIOLATION,50.0,0.0,0.0,0.0,50.0,0.0,000,Bronx,DEPARTMENT OF TRANSPORTATION,UNKNOWN,,2025,3,11,1,1,0,50.0,50.0,0.0,0,0,17,8,1,6
T65GGM,NJ,PAS,4939770138,2025-03-11,09:24A,PHTO SCHOOL ZN SPEED VIOLATION,50.0,0.0,0.0,0.0,50.0,0.0,000,Queens,DEPARTMENT OF TRANSPORTATION,UNKNOWN,,2025,3,11,1,1,0,50.0,50.0,0.0,0,3,16,8,1,6
W77LPY,NJ,PAS,4939769951,2025-03-11,09:19A,PHTO SCHOOL ZN SPEED VIOLATION,50.0,0.0,0.0,0.0,50.0,0.0,000,Brooklyn,DEPARTMENT OF TRANSPORTATION,UNKNOWN,,2025,3,11,1,1,0,50.0,50.0,0.0,0,1,16,8,1,6
HHB9168,NY,PAS,4939770084,2025-03-11,09:23A,PHTO SCHOOL ZN SPEED VIOLATION,50.0,0.0,0.0,0.0,50.0,0.0,000,Bronx,DEPARTMENT OF TRANSPORTATION,UNKNOWN,,2025,3,11,1,1,0,50.0,50.0,0.0,0,0,17,8,1,6
CDE9101,NY,PAS,4939770060,2025-03-11,09:23A,PHTO SCHOOL ZN SPEED VIOLATION,50.0,0.0,0.0,0.0,50.0,0.0,000,Queens,DEPARTMENT OF TRANSPORTATION,UNKNOWN,,2025,3,11,1,1,0,50.0,50.0,0.0,0,3,17,8,1,6
DYX9765,NY,PAS,5701170883,2024-11-12,02:14P,NO STANDING-OFF-STREET LOT,50.0,0.0,0.0,0.0,50.0,0.0,000,Staten Island,TRANSIT AUTHORITY,UNKNOWN,,2024,11,12,1,4,0,50.0,50.0,0.0,0,4,17,8,7,6
ACY7962,NY,PAS,4939192234,2025-03-06,11:46A,PHTO SCHOOL ZN SPEED VIOLATION,50.0,0.0,0.0,0.0,50.0,0.0,000,Brooklyn,DEPARTMENT OF TRANSPORTATION,UNKNOWN,,2025,3,6,3,1,0,50.0,50.0,0.0,0,1,17,8,1,6
KKR8137,NY,PAS,4939192090,2025-03-06,11:46A,PHTO SCHOOL ZN SPEED VIOLATION,50.0,0.0,0.0,0.0,50.0,0.0,000,Staten Island,DEPARTMENT OF TRANSPORTATION,UNKNOWN,,2025,3,6,3,1,0,50.0,50.0,0.0,0,4,17,8,1,6
KSE7219,NY,PAS,4939192131,2025-03-06,11:46A,PHTO SCHOOL ZN SPEED VIOLATION,50.0,0.0,0.0,0.0,50.0,0.0,000,Staten Island,DEPARTMENT OF TRANSPORTATION,UNKNOWN,,2025,3,6,3,1,0,50.0,50.0,0.0,0,4,17,8,1,6
LCE7372,NY,PAS,2022743568,2025-04-11,12:09P,NO PARKING-STREET CLEANING,65.0,0.0,0.0,0.0,65.0,0.0,025,Manhattan,DEPARTMENT OF SANITATION,UNKNOWN,,2025,4,11,4,2,0,65.0,65.0,0.0,1,2,17,8,0,6
H32LFV,NJ,PAS,2022743866,2025-04-15,09:32A,NO PARKING-STREET CLEANING,65.0,0.0,0.0,0.0,65.0,0.0,033,Manhattan,DEPARTMENT OF SANITATION,UNKNOWN,,2025,4,15,1,2,0,65.0,65.0,0.0,1,2,16,8,0,6
KST6208,NY,PAS,2023000737,2025-04-11,01:49A,NO PARKING-STREET CLEANING,65.0,0.0,0.0,0.0,65.0,0.0,108,Queens,DEPARTMENT OF SANITATION,UNKNOWN,,2025,4,11,4,2,0,65.0,65.0,0.0,1,3,17,8,0,6
LJF2611,NY,PAS,5701170937,2024-11-12,02:15P,NO STANDING-OFF-STREET LOT,50.0,0.0,0.0,0.0,50.0,0.0,000,Brooklyn,TRANSIT AUTHORITY,UNKNOWN,,2024,11,12,1,4,0,50.0,50.0,0.0,0,1,17,8,7,6
XJWA27,NJ,PAS,9196189113,2025-04-24,04:37P,PLTFRM LFTS LWRD POS COMM VEH,45.0,0.0,0.0,0.0,45.0,0.0,024,Manhattan,TRAFFIC,UNKNOWN,,2025,4,24,3,2,0,45.0,45.0,0.0,0,2,16,8,6,6
LDK4239,NY,PAS,9196189575,2025-04-25,03:46P,FIRE HYDRANT,115.0,0.0,0.0,0.0,115.0,0.0,019,Manhattan,TRAFFIC,UNKNOWN,,2025,4,25,4,2,0,115.0,115.0,0.0,1,2,17,8,6,6
72570MM,NY,COM,9196190644,2025-04-08,02:38P,DOUBLE PARKING,115.0,0.0,0.0,0.0,115.0,0.0,019,Manhattan,TRAFFIC,HEARING HELD-GUILTY,,2025,4,8,1,2,0,115.0,115.0,0.0,1,2,17,1,6,3
4LSK32,MA,PAS,4941170489,2025-03-22,11:39A,PHTO SCHOOL ZN SPEED VIOLATION,50.0,0.0,0.0,0.0,50.0,0.0,000,Bronx,DEPARTMENT OF TRANSPORTATION,UNKNOWN,,2025,3,22,5,1,1,50.0,50.0,0.0,0,0,10,8,1,6
KHG6248,NY,PAS,4939770606,2025-03-11,09:37A,PHTO SCHOOL ZN SPEED VIOLATION,50.0,0.0,0.0,0.0,50.0,0.0,000,Bronx,DEPARTMENT OF TRANSPORTATION,UNKNOWN,,2025,3,11,1,1,0,50.0,50.0,0.0,0,0,17,8,1,6
LTP2743,NY,PAS,4939770692,2025-03-11,09:38A,PHTO SCHOOL ZN SPEED VIOLATION,50.0,0.0,0.0,0.0,50.0,0.0,000,Queens,DEPARTMENT OF TRANSPORTATION,UNKNOWN,,2025,3,11,1,1,0,50.0,50.0,0.0,0,3,17,8,1,6
FWH2205,NY,PAS,4939770450,2025-03-11,09:30A,PHTO SCHOOL ZN SPEED VIOLATION,50.0,0.0,0.0,0.0,50.0,0.0,000,Queens,DEPARTMENT OF TRANSPORTATION,UNKNOWN,,2025,3,11,1,1,0,50.0,50.0,0.0,0,3,17,8,1,6
KFN7289,NY,PAS,4939770461,2025-03-11,09:31A,PHTO SCHOOL ZN SPEED VIOLATION,50.0,0.0,0.0,0.0,50.0,0.0,000,Queens,DEPARTMENT OF TRANSPORTATION,UNKNOWN,,2025,3,11,1,1,0,50.0,50.0,0.0,0,3,17,8,1,6
KLW1316,NY,PAS,2023084398,2025-04-11,09:07A,NO PARKING-STREET CLEANING,65.0,0.0,0.0,0.0,65.0,0.0,109,Queens,DEPARTMENT OF SANITATION,UNKNOWN,,2025,4,11,4,2,0,65.0,65.0,0.0,1,3,17,8,0,6
TGV5699,VA,PAS,5701171528,2024-11-12,03:05P,NO STANDING-OFF-STREET LOT,50.0,0.0,0.0,0.0,50.0,0.0,000,Brooklyn,TRANSIT AUTHORITY,UNKNOWN,,2024,11,12,1,4,0,50.0,50.0,0.0,0,1,24,8,7,6
KPJ1902,NY,PAS,5701171589,2024-11-12,03:13P,NO STANDING-OFF-STREET LOT,50.0,0.0,0.0,0.0,50.0,0.0,000,Brooklyn,TRANSIT AUTHORITY,HEARING HELD-GUILTY,,2024,11,12,1,4,0,50.0,50.0,0.0,0,1,17,8,7,3
LSH9550,NY,OMS,5701171462,2024-11-12,02:58P,NO STANDING-OFF-STREET LOT,50.0,0.0,0.0,0.0,50.0,0.0,000,UNKNOWN,TRANSIT AUTHORITY,UNKNOWN,,2024,11,12,1,4,0,50.0,50.0,0.0,0,5,17,5,7,6
KDP5751,NY,PAS,4939192532,2025-03-06,11:49A,PHTO SCHOOL ZN SPEED VIOLATION,50.0,0.0,0.0,0.0,50.0,0.0,000,Staten Island,DEPARTMENT OF TRANSPORTATION,UNKNOWN,,2025,3,6,3,1,0,50.0,50.0,0.0,0,4,17,8,1,6
DME4119,NY,PAS,4939192635,2025-03-06,11:49A,PHTO SCHOOL ZN SPEED VIOLATION,50.0,0.0,0.0,0.0,50.0,0.0,000,Queens,DEPARTMENT OF TRANSPORTATION,UNKNOWN,,2025,3,6,3,1,0,50.0,50.0,0.0,0,3,17,8,1,6
CWW8540,NY,PAS,4939192775,2025-03-06,11:51A,PHTO SCHOOL ZN SPEED VIOLATION,50.0,0.0,0.0,0.0,50.0,0.0,000,Queens,DEPARTMENT OF TRANSPORTATION,UNKNOWN,,2025,3,6,3,1,0,50.0,50.0,0.0,0,3,17,8,1,6
F93STJ,NJ,PAS,2023092140,2025-04-12,02:07P,FIRE HYDRANT,115.0,0.0,0.0,0.0,115.0,0.0,102,Queens,DEPARTMENT OF SANITATION,UNKNOWN,,2025,4,12,5,2,1,115.0,115.0,0.0,1,3,16,8,0,6
JCA9920,NY,PAS,4939192805,2025-03-06,11:51A,PHTO SCHOOL ZN SPEED VIOLATION,50.0,0.0,0.0,0.0,50.0,0.0,000,Queens,DEPARTMENT OF TRANSPORTATION,UNKNOWN,,2025,3,6,3,1,0,50.0,50.0,0.0,0,3,17,8,1,6
KVG1210,NY,PAS,4941170740,2025-03-22,11:52A,PHTO SCHOOL ZN SPEED VIOLATION,50.0,25.0,0.0,0.0,75.0,0.0,000,Bronx,DEPARTMENT OF TRANSPORTATION,UNKNOWN,,2025,3,22,5,1,1,75.0,75.0,0.0,0,0,17,8,1,6
KVU4271,NY,PAS,4049629290,2025-11-18,08:40A,BUS LANE VIOLATION,50.0,0.0,0.0,0.0,50.0,0.0,000,Queens,DEPARTMENT OF TRANSPORTATION,UNKNOWN,,2025,11,18,1,4,0,50.0,50.0,0.0,0,3,17,8,1,6
KTX9436,NY,PAS,1498523110,2024-04-18,06:05P,DOUBLE PARKING,115.0,10.0,0.0,0.0,125.0,0.0,067,Brooklyn,POLICE DEPARTMENT,UNKNOWN,,2024,4,18,3,2,0,125.0,125.0,0.0,1,1,17,8,5,6
JPW6265,NY,PAS,4965446835,2025-09-19,05:06P,PHTO SCHOOL ZN SPEED VIOLATION,50.0,0.0,0.0,0.0,50.0,0.0,000,Brooklyn,DEPARTMENT OF TRANSPORTATION,UNKNOWN,,2025,9,19,4,3,0,50.0,50.0,0.0,0,1,17,8,1,6
JAL2810,NY,PAS,4966009870,2025-09-24,02:32P,PHTO SCHOOL ZN SPEED VIOLATION,50.0,0.0,0.0,0.0,50.0,0.0,000,Queens,DEPARTMENT OF TRANSPORTATION,UNKNOWN,,2025,9,24,2,3,0,50.0,50.0,0.0,0,3,17,8,1,6
574846T,NJ,PAS,9043100882,2023-03-27,UNKNOWN,UNKNOWN,59.94399185336049,4.760692464358452,1.0263034623217924,1.8407230142566193,63.7833401221996,0.10692464358452139,,UNKNOWN,UNKNOWN,UNKNOWN,,2023,3,27,0,1,0,65.73098778004073,61.94261710794298,0.0016267006962124057,1,5,16,8,8,6
LMH2308,PA,PAS,9043100900,2023-03-27,UNKNOWN,UNKNOWN,59.94399185336049,4.760692464358452,1.0263034623217924,1.8407230142566193,63.7833401221996,0.10692464358452139,,UNKNOWN,UNKNOWN,UNKNOWN,,2023,3,27,0,1,0,65.73098778004073,61.94261710794298,0.0016267006962124057,1,5,19,8,8,6
KFN7533,NY,PAS,4941170817,2025-03-22,11:55A,PHTO SCHOOL ZN SPEED VIOLATION,50.0,0.0,0.0,0.0,50.0,0.0,000,Brooklyn,DEPARTMENT OF TRANSPORTATION,UNKNOWN,,2025,3,22,5,1,1,50.0,50.0,0.0,0,1,17,8,1,6
RJ1618,NY,SRF,4941170878,2025-03-22,11:57A,PHTO SCHOOL ZN SPEED VIOLATION,50.0,0.0,0.0,0.0,50.0,0.0,000,Queens,DEPARTMENT OF TRANSPORTATION,UNKNOWN,,2025,3,22,5,1,1,50.0,50.0,0.0,0,3,17,11,1,6
84841NA,NY,COM,4941171070,2025-03-22,12:05P,PHTO SCHOOL ZN SPEED VIOLATION,50.0,0.0,0.0,0.0,50.0,0.0,000,Queens,DEPARTMENT OF TRANSPORTATION,UNKNOWN,,2025,3,22,5,1,1,50.0,50.0,0.0,0,3,17,1,1,6
T702069C,NY,OMT,5701172004,2024-11-12,04:06P,NO STANDING-OFF-STREET LOT,50.0,0.0,0.0,0.0,50.0,0.0,000,UNKNOWN,TRANSIT AUTHORITY,UNKNOWN,,2024,11,12,1,4,0,50.0,50.0,0.0,0,5,17,6,7,6
LKR4865,NY,PAS,5701171899,2024-11-12,03:47P,NO STANDING-OFF-STREET LOT,50.0,0.0,0.0,0.0,50.0,0.0,000,UNKNOWN,TRANSIT AUTHORITY,UNKNOWN,,2024,11,12,1,4,0,50.0,50.0,0.0,0,5,17,8,7,6
PYXA78,FL,PAS,4779900797,2022-05-17,09:42A,PHTO SCHOOL ZN SPEED VIOLATION,50.0,25.0,16.23,0.0,91.23,0.0,000,Brooklyn,DEPARTMENT OF TRANSPORTATION,UNKNOWN,2022-08-11,2022,5,17,1,2,0,91.23,91.23,0.0,0,1,6,8,1,6
U23NDE,NJ,PAS,4939771015,2025-03-11,09:43A,PHTO SCHOOL ZN SPEED VIOLATION,50.0,0.0,0.0,0.0,50.0,0.0,000,Brooklyn,DEPARTMENT OF TRANSPORTATION,UNKNOWN,,2025,3,11,1,1,0,50.0,50.0,0.0,0,1,16,8,1,6
LTE2501,NY,PAS,4939192957,2025-03-06,11:52A,PHTO SCHOOL ZN SPEED VIOLATION,50.0,0.0,0.0,0.0,50.0,0.0,000,Brooklyn,DEPARTMENT OF TRANSPORTATION,UNKNOWN,,2025,3,6,3,1,0,50.0,50.0,0.0,0,1,17,8,1,6
74895MD,NY,COM,9196190693,2025-04-08,03:24P,EXPIRED MUNI METER,65.0,0.0,0.0,55.09999999999991,0.0,0.0,019,Manhattan,TRAFFIC,HEARING HELD-NOT GUILTY,,2025,4,8,1,2,0,65.0,-55.09999999999991,0.0,1,2,17,1,6,5
KND5283,NY,PAS,8991618546,2021-09-16,01:29P,INSP. STICKER-EXPIRED/MISSING,65.0,60.0,18.129699999999982,0.19,167.3,0.0,084,Brooklyn,TRAFFIC,UNKNOWN,2022-07-28,2021,9,16,3,3,0,143.12969999999999,167.11,0.0,1,1,17,8,6,6
LXE2535,NY,PAS,4965446847,2025-09-19,05:06P,PHTO SCHOOL ZN SPEED VIOLATION,50.0,0.0,0.0,0.0,50.0,0.0,000,Bronx,DEPARTMENT OF TRANSPORTATION,UNKNOWN,,2025,9,19,4,3,0,50.0,50.0,0.0,0,0,17,8,1,6
LAU5064,NY,PAS,4965446914,2025-09-19,05:08P,PHTO SCHOOL ZN SPEED VIOLATION,50.0,0.0,0.0,0.0,50.0,0.0,000,Bronx,DEPARTMENT OF TRANSPORTATION,UNKNOWN,,2025,9,19,4,3,0,50.0,50.0,0.0,0,0,17,8,1,6
KWR3631,NY,PAS,4966009935,2025-09-24,02:34P,PHTO SCHOOL ZN SPEED VIOLATION,50.0,0.0,0.0,0.0,50.0,0.0,000,Bronx,DEPARTMENT OF TRANSPORTATION,UNKNOWN,,2025,9,24,2,3,0,50.0,50.0,0.0,0,0,17,8,1,6
F70UZE,NJ,PAS,4933805398,2025-01-14,03:40P,PHTO SCHOOL ZN SPEED VIOLATION,50.0,25.0,1.24,0.06,76.18,0.0,000,Bronx,DEPARTMENT OF TRANSPORTATION,UNKNOWN,2025-04-03,2025,1,14,1,1,0,76.24,76.12,0.0,0,0,16,8,1,6
KHG2159,NY,PAS,4965446926,2025-09-19,05:08P,PHTO SCHOOL ZN SPEED VIOLATION,50.0,0.0,0.0,0.0,50.0,0.0,000,Staten Island,DEPARTMENT OF TRANSPORTATION,UNKNOWN,,2025,9,19,4,3,0,50.0,50.0,0.0,0,4,17,8,1,6
Y102703C,NY,OMT,4965446963,2025-09-19,05:08P,PHTO SCHOOL ZN SPEED VIOLATION,50.0,0.0,0.0,0.0,50.0,0.0,000,Queens,DEPARTMENT OF TRANSPORTATION,UNKNOWN,,2025,9,19,4,3,0,50.0,50.0,0.0,0,3,17,6,1,6
62912ML,NY,COM,4966009911,2025-09-24,02:33P,PHTO SCHOOL ZN SPEED VIOLATION,50.0,0.0,0.0,0.0,50.0,0.0,000,Bronx,DEPARTMENT OF TRANSPORTATION,UNKNOWN,,2025,9,24,2,3,0,50.0,50.0,0.0,0,0,17,1,1,6
E87RJH,NJ,PAS,4939771301,2025-03-11,09:51A,PHTO SCHOOL ZN SPEED VIOLATION,50.0,0.0,0.0,0.0,50.0,0.0,000,Bronx,DEPARTMENT OF TRANSPORTATION,UNKNOWN,,2025,3,11,1,1,0,50.0,50.0,0.0,0,0,16,8,1,6
Y14SFM,NJ,PAS,4939193627,2025-03-06,11:59A,PHTO SCHOOL ZN SPEED VIOLATION,50.0,0.0,0.0,0.0,50.0,0.0,000,Queens,DEPARTMENT OF TRANSPORTATION,UNKNOWN,,2025,3,6,3,1,0,50.0,50.0,0.0,0,3,16,8,1,6
KUP1700,NY,PAS,5701172909,2024-11-12,06:22P,NO STANDING-OFF-STREET LOT,50.0,0.0,0.0,0.0,50.0,0.0,000,UNKNOWN,TRANSIT AUTHORITY,UNKNOWN,,2024,11,12,1,4,0,50.0,50.0,0.0,0,5,17,8,7,6
LPJ9820,NY,PAS,5701172739,2024-11-12,05:46P,NO STANDING-OFF-STREET LOT,50.0,0.0,0.0,0.0,50.0,0.0,000,Queens,TRANSIT AUTHORITY,UNKNOWN,,2024,11,12,1,4,0,50.0,50.0,0.0,0,3,17,8,7,6
LSL8586,NY,PAS,4939771192,2025-03-11,09:47A,PHTO SCHOOL ZN SPEED VIOLATION,50.0,0.0,0.0,0.0,50.0,0.0,000,Queens,DEPARTMENT OF TRANSPORTATION,UNKNOWN,,2025,3,11,1,1,0,50.0,50.0,0.0,0,3,17,8,1,6
BREWER,NY,SRF,4939771404,2025-03-11,09:53A,PHTO SCHOOL ZN SPEED VIOLATION,50.0,0.0,0.0,0.0,50.0,0.0,000,Brooklyn,DEPARTMENT OF TRANSPORTATION,UNKNOWN,,2025,3,11,1,1,0,50.0,50.0,0.0,0,1,17,11,1,6
HRE4462,NY,PAS,4939193470,2025-03-06,11:57A,PHTO SCHOOL ZN SPEED VIOLATION,50.0,0.0,0.0,0.0,50.0,0.0,000,Queens,DEPARTMENT OF TRANSPORTATION,UNKNOWN,,2025,3,6,3,1,0,50.0,50.0,0.0,0,3,17,8,1,6
LBF8614,NY,PAS,4939193561,2025-03-06,11:58A,PHTO SCHOOL ZN SPEED VIOLATION,50.0,0.0,0.0,0.0,50.0,0.0,000,Brooklyn,DEPARTMENT OF TRANSPORTATION,UNKNOWN,,2025,3,6,3,1,0,50.0,50.0,0.0,0,1,17,8,1,6
U23NDE,NJ,PAS,4939771179,2025-03-11,09:47A,PHTO SCHOOL ZN SPEED VIOLATION,50.0,0.0,0.0,0.0,50.0,0.0,000,Brooklyn,DEPARTMENT OF TRANSPORTATION,UNKNOWN,,2025,3,11,1,1,0,50.0,50.0,0.0,0,1,16,8,1,6
G0N1ES,VA,PAS,2023101207,2025-04-15,09:56A,NO PARKING-STREET CLEANING,65.0,0.0,0.0,0.0,65.0,0.0,114,Queens,DEPARTMENT OF SANITATION,UNKNOWN,,2025,4,15,1,2,0,65.0,65.0,0.0,1,3,24,8,0,6
72375ND,NY,COM,4939193664,2025-03-06,11:59A,PHTO SCHOOL ZN SPEED VIOLATION,50.0,0.0,0.0,0.0,50.0,0.0,000,Queens,DEPARTMENT OF TRANSPORTATION,UNKNOWN,,2025,3,6,3,1,0,50.0,50.0,0.0,0,3,17,1,1,6
Y14SFM,NJ,PAS,4939194085,2025-03-06,12:02P,PHTO SCHOOL ZN SPEED VIOLATION,50.0,0.0,0.0,0.0,50.0,0.0,000,Queens,DEPARTMENT OF TRANSPORTATION,UNKNOWN,,2025,3,6,3,1,0,50.0,50.0,0.0,0,3,16,8,1,6
XKCD76,NJ,PAS,2011876175,2023-05-09,11:12A,NO PARKING-STREET CLEANING,65.0,60.0,2.83,0.0,127.83,0.0,067,Brooklyn,DEPARTMENT OF SANITATION,HEARING HELD-GUILTY,2025-07-17,2023,5,9,1,2,0,127.83,127.83,0.0,1,1,16,8,0,3
JPM6485,NY,PAS,4939771702,2025-03-11,09:59A,PHTO SCHOOL ZN SPEED VIOLATION,50.0,25.0,0.0,0.0,75.0,0.0,000,Queens,DEPARTMENT OF TRANSPORTATION,UNKNOWN,,2025,3,11,1,1,0,75.0,75.0,0.0,0,3,17,8,1,6
LFR8546,NY,PAS,4967909358,2025-10-10,02:44A,PHTO SCHOOL ZN SPEED VIOLATION,50.0,0.0,0.0,0.0,50.0,0.0,000,Bronx,DEPARTMENT OF TRANSPORTATION,UNKNOWN,,2025,10,10,4,4,0,50.0,50.0,0.0,0,0,17,8,1,6
62912ML,NY,COM,4966009972,2025-09-24,02:34P,PHTO SCHOOL ZN SPEED VIOLATION,50.0,0.0,0.0,0.0,50.0,0.0,000,Bronx,DEPARTMENT OF TRANSPORTATION,UNKNOWN,,2025,9,24,2,3,0,50.0,50.0,0.0,0,0,17,1,1,6
2AK9613,AL,PAS,9043100912,2023-03-27,UNKNOWN,UNKNOWN,59.94399185336049,4.760692464358452,1.0263034623217924,1.8407230142566193,63.7833401221996,0.10692464358452139,,UNKNOWN,UNKNOWN,UNKNOWN,,2023,3,27,0,1,0,65.73098778004073,61.94261710794298,0.0016267006962124057,1,5,1,8,8,6
S1435863,GA,PAS,9043100936,2023-03-27,UNKNOWN,UNKNOWN,59.94399185336049,4.760692464358452,1.0263034623217924,1.8407230142566193,63.7833401221996,0.10692464358452139,,UNKNOWN,UNKNOWN,UNKNOWN,,2023,3,27,0,1,0,65.73098778004073,61.94261710794298,0.0016267006962124057,1,5,7,8,8,6
JGG8656,NY,PAS,4967912643,2025-10-10,04:22A,PHTO SCHOOL ZN SPEED VIOLATION,50.0,0.0,0.0,0.0,50.0,0.0,000,Staten Island,DEPARTMENT OF TRANSPORTATION,UNKNOWN,,2025,10,10,4,4,0,50.0,50.0,0.0,0,4,17,8,1,6
LPX2239,NY,PAS,4941171548,2025-03-22,12:21P,PHTO SCHOOL ZN SPEED VIOLATION,50.0,0.0,0.0,0.0,50.0,0.0,000,Queens,DEPARTMENT OF TRANSPORTATION,UNKNOWN,,2025,3,22,5,1,1,50.0,50.0,0.0,0,3,17,8,1,6
KTX9248,NY,PAS,5701173057,2024-11-12,06:45P,NO STANDING-OFF-STREET LOT,50.0,0.0,0.0,0.0,50.0,0.0,000,UNKNOWN,TRANSIT AUTHORITY,UNKNOWN,,2024,11,12,1,4,0,50.0,50.0,0.0,0,5,17,8,7,6
LRL1601,NY,PAS,4939193731,2025-03-06,12:00P,PHTO SCHOOL ZN SPEED VIOLATION,50.0,25.0,0.0,0.0,75.0,0.0,000,Bronx,DEPARTMENT OF TRANSPORTATION,UNKNOWN,,2025,3,6,3,1,0,75.0,75.0,0.0,0,0,17,8,1,6
E89WBP,NJ,PAS,4967914019,2025-10-10,05:12A,PHTO SCHOOL ZN SPEED VIOLATION,50.0,0.0,0.0,0.0,50.0,0.0,000,Manhattan,DEPARTMENT OF TRANSPORTATION,UNKNOWN,,2025,10,10,4,4,0,50.0,50.0,0.0,0,2,16,8,1,6
LWF9293,PA,PAS,4780132095,2022-05-19,06:06P,PHTO SCHOOL ZN SPEED VIOLATION,50.0,25.0,18.11,0.13,92.98,0.0,000,Bronx,DEPARTMENT OF TRANSPORTATION,UNKNOWN,2022-08-11,2022,5,19,3,2,0,93.11,92.85000000000001,0.0,0,0,19,8,1,6
HUH4140,NY,PAS,4780550804,2022-05-26,12:06P,PHTO SCHOOL ZN SPEED VIOLATION,50.0,25.0,17.48,0.02,92.46,0.0,000,Brooklyn,DEPARTMENT OF TRANSPORTATION,UNKNOWN,2022-08-18,2022,5,26,3,2,0,92.48,92.44,0.0,0,1,17,8,1,6
KRM3310,NY,PAS,4939771880,2025-03-11,10:02A,PHTO SCHOOL ZN SPEED VIOLATION,50.0,0.0,0.0,0.0,50.0,0.0,000,Brooklyn,DEPARTMENT OF TRANSPORTATION,UNKNOWN,,2025,3,11,1,1,0,50.0,50.0,0.0,0,1,17,8,1,6
LBF7911,NY,PAS,4939193913,2025-03-06,12:01P,PHTO SCHOOL ZN SPEED VIOLATION,50.0,0.0,0.0,0.0,50.0,0.0,000,Manhattan,DEPARTMENT OF TRANSPORTATION,UNKNOWN,,2025,3,6,3,1,0,50.0,50.0,0.0,0,2,17,8,1,6
LCK5072,NY,PAS,4939772032,2025-03-11,10:05A,PHTO SCHOOL ZN SPEED VIOLATION,50.0,0.0,0.0,0.0,50.0,0.0,000,Staten Island,DEPARTMENT OF TRANSPORTATION,UNKNOWN,,2025,3,11,1,1,0,50.0,50.0,0.0,0,4,17,8,1,6
JLH5823,NY,PAS,4967916272,2025-10-10,06:13A,PHTO SCHOOL ZN SPEED VIOLATION,50.0,0.0,0.0,0.0,50.0,0.0,000,Queens,DEPARTMENT OF TRANSPORTATION,UNKNOWN,,2025,10,10,4,4,0,50.0,50.0,0.0,0,3,17,8,1,6
LVA4283,NY,PAS,1499323037,2025-05-20,01:08A,FIRE HYDRANT,115.0,60.0,1.72,0.0,176.72,0.0,047,Bronx,POLICE DEPARTMENT,HEARING HELD-GUILTY,2025-10-30,2025,5,20,1,2,0,176.72,176.72,0.0,1,0,17,8,5,3
KNM7188,NY,PAS,4049629318,2025-11-18,11:03A,BUS LANE VIOLATION,50.0,0.0,0.0,0.0,50.0,0.0,000,Queens,DEPARTMENT OF TRANSPORTATION,UNKNOWN,,2025,11,18,1,4,0,50.0,50.0,0.0,0,3,17,8,1,6
BDG9772,NY,PAS,4939194334,2025-03-06,12:04P,PHTO SCHOOL ZN SPEED VIOLATION,50.0,0.0,0.0,0.0,50.0,0.0,000,Queens,DEPARTMENT OF TRANSPORTATION,UNKNOWN,,2025,3,6,3,1,0,50.0,50.0,0.0,0,3,17,8,1,6
HYW4434,NY,PAS,4939772123,2025-03-11,10:06A,PHTO SCHOOL ZN SPEED VIOLATION,50.0,0.0,0.0,0.0,50.0,0.0,000,Queens,DEPARTMENT OF TRANSPORTATION,UNKNOWN,,2025,3,11,1,1,0,50.0,50.0,0.0,0,3,17,8,1,6
HSP7682,NY,PAS,4965447475,2025-09-19,05:23P,PHTO SCHOOL ZN SPEED VIOLATION,50.0,0.0,0.0,0.0,50.0,0.0,000,Queens,DEPARTMENT OF TRANSPORTATION,UNKNOWN,,2025,9,19,4,3,0,50.0,50.0,0.0,0,3,17,8,1,6
U91UYN,NJ,PAS,9196191030,2025-04-09,06:11P,EXPIRED MUNI METER,65.0,10.0,0.0,10.0,65.0,0.0,020,Manhattan,TRAFFIC,UNKNOWN,,2025,4,9,2,2,0,75.0,55.0,0.0,1,2,16,8,6,6
LJX4830,NY,PAS,9196191065,2025-04-10,12:49P,INSP. STICKER-EXPIRED/MISSING,65.0,0.0,0.0,0.0,65.0,0.0,023,Manhattan,TRAFFIC,UNKNOWN,,2025,4,10,3,2,0,65.0,65.0,0.0,1,2,17,8,6,6
C32SYG,NJ,PAS,4965447153,2025-09-19,05:16P,PHTO SCHOOL ZN SPEED VIOLATION,50.0,0.0,0.0,0.0,50.0,0.0,000,Brooklyn,DEPARTMENT OF TRANSPORTATION,UNKNOWN,,2025,9,19,4,3,0,50.0,50.0,0.0,0,1,16,8,1,6
B56PDA,NJ,PAS,2023109267,2025-04-15,09:14A,NO PARKING-STREET CLEANING,65.0,0.0,0.0,0.0,65.0,0.0,009,Manhattan,DEPARTMENT OF SANITATION,UNKNOWN,,2025,4,15,1,2,0,65.0,65.0,0.0,1,2,16,8,0,6
HPZ4924,NY,PAS,2023139867,2025-04-11,09:17A,NO PARKING-STREET CLEANING,65.0,0.0,0.0,0.0,65.0,0.0,078,Brooklyn,DEPARTMENT OF SANITATION,UNKNOWN,,2025,4,11,4,2,0,65.0,65.0,0.0,1,1,17,8,0,6
B80RYV,NJ,PAS,2023177390,2025-04-15,08:39A,NO PARKING-STREET CLEANING,65.0,0.0,0.0,0.0,65.0,0.0,010,Manhattan,DEPARTMENT OF SANITATION,UNKNOWN,,2025,4,15,1,2,0,65.0,65.0,0.0,1,2,16,8,0,6
ETP7032,NY,PAS,4939194188,2025-03-06,12:03P,PHTO SCHOOL ZN SPEED VIOLATION,50.0,0.0,0.0,0.0,50.0,0.0,000,Brooklyn,DEPARTMENT OF TRANSPORTATION,UNKNOWN,,2025,3,6,3,1,0,50.0,50.0,0.0,0,1,17,8,1,6
KXT2666,NY,PAS,4939194632,2025-03-06,12:06P,PHTO SCHOOL ZN SPEED VIOLATION,50.0,0.0,0.0,0.0,50.0,0.0,000,Queens,DEPARTMENT OF TRANSPORTATION,UNKNOWN,,2025,3,6,3,1,0,50.0,50.0,0.0,0,3,17,8,1,6
GCZ9694,NY,PAS,5707327538,2025-11-04,03:48P,MTA CAMERA VIOLATION - DOUBLE PARKING,50.0,0.0,0.0,0.0,50.0,0.0,000,Brooklyn,TRANSIT AUTHORITY,UNKNOWN,,2025,11,4,1,4,0,50.0,50.0,0.0,0,1,17,8,7,6
LNK8158,NY,PAS,4939194723,2025-03-06,12:07P,PHTO SCHOOL ZN SPEED VIOLATION,50.0,0.0,0.0,0.0,50.0,0.0,000,Queens,DEPARTMENT OF TRANSPORTATION,UNKNOWN,,2025,3,6,3,1,0,50.0,50.0,0.0,0,3,17,8,1,6
KDV5535,NY,PAS,9196192136,2025-04-14,05:52P,FAIL TO DSPLY MUNI METER RECPT,65.0,0.0,0.0,0.0,65.0,0.0,020,Manhattan,TRAFFIC,UNKNOWN,,2025,4,14,0,2,0,65.0,65.0,0.0,1,2,17,8,6,6
HRJ7440,NY,PAS,5701173290,2024-11-12,02:32P,NO STANDING-OFF-STREET LOT,50.0,0.0,0.0,0.0,50.0,0.0,000,UNKNOWN,TRANSIT AUTHORITY,UNKNOWN,,2024,11,12,1,4,0,50.0,50.0,0.0,0,5,17,8,7,6
HZG6807,NY,PAS,5701173392,2024-11-12,03:12P,NO STANDING-OFF-STREET LOT,50.0,0.0,0.0,0.0,50.0,0.0,000,Brooklyn,TRANSIT AUTHORITY,UNKNOWN,,2024,11,12,1,4,0,50.0,50.0,0.0,0,1,17,8,7,6
JRY5806,NY,PAS,5701173458,2024-11-12,03:21P,NO STANDING-OFF-STREET LOT,50.0,0.0,0.0,0.0,50.0,0.0,000,UNKNOWN,TRANSIT AUTHORITY,UNKNOWN,,2024,11,12,1,4,0,50.0,50.0,0.0,0,5,17,8,7,6
HRZ5306,NY,PAS,4965839420,2025-09-23,04:00P,PHTO SCHOOL ZN SPEED VIOLATION,50.0,25.0,0.0,0.0,75.0,0.0,000,Queens,DEPARTMENT OF TRANSPORTATION,UNKNOWN,,2025,9,23,1,3,0,75.0,75.0,0.0,0,3,17,8,1,6
15342NE,NY,COM,9194101140,2025-03-26,02:09P,FAIL TO DISP. MUNI METER RECPT,65.0,0.0,0.0,15.0,50.0,0.0,014,Manhattan,TRAFFIC,HEARING HELD-GUILTY REDUCTION,,2025,3,26,2,1,0,65.0,35.0,0.0,1,2,17,1,6,4
LNK2181,NY,PAS,4937999357,2025-02-23,10:02A,PHTO SCHOOL ZN SPEED VIOLATION,50.0,25.0,0.0,0.0,75.0,0.0,000,Queens,DEPARTMENT OF TRANSPORTATION,UNKNOWN,,2025,2,23,6,1,1,75.0,75.0,0.0,0,3,17,8,1,6
HUH4140,NY,PAS,4780551791,2022-05-26,12:13P,PHTO SCHOOL ZN SPEED VIOLATION,50.0,25.0,17.48,0.02,92.46,0.0,000,Brooklyn,DEPARTMENT OF TRANSPORTATION,UNKNOWN,2022-08-18,2022,5,26,3,2,0,92.48,92.44,0.0,0,1,17,8,1,6
HUH4140,NY,PAS,4781347927,2022-06-02,08:07P,PHTO SCHOOL ZN SPEED VIOLATION,50.0,25.0,17.35,0.02,92.33,0.0,000,Queens,DEPARTMENT OF TRANSPORTATION,UNKNOWN,2022-08-25,2022,6,2,3,2,0,92.35,92.31,0.0,0,3,17,8,1,6
87AGJY,FL,PAS,4781741836,2022-06-01,01:36P,PHTO SCHOOL ZN SPEED VIOLATION,50.0,25.0,12.48,0.06,87.42,0.0,000,Queens,DEPARTMENT OF TRANSPORTATION,UNKNOWN,2022-08-25,2022,6,1,2,2,0,87.48,87.36,0.0,0,3,6,8,1,6
KZM9839,NY,PAS,5703574407,2025-03-23,12:21P,NO STANDING-OFF-STREET LOT,50.0,0.0,0.0,0.0,50.0,0.0,000,Queens,TRANSIT AUTHORITY,UNKNOWN,,2025,3,23,6,1,1,50.0,50.0,0.0,0,3,17,8,7,6
JEL3148,NY,PAS,4939194681,2025-03-06,12:06P,PHTO SCHOOL ZN SPEED VIOLATION,50.0,0.0,0.0,0.0,50.0,0.0,000,Queens,DEPARTMENT OF TRANSPORTATION,UNKNOWN,,2025,3,6,3,1,0,50.0,50.0,0.0,0,3,17,8,1,6
LRE1037,NY,PAS,4939194759,2025-03-06,12:07P,PHTO SCHOOL ZN SPEED VIOLATION,50.0,0.0,0.0,0.0,50.0,0.0,000,Bronx,DEPARTMENT OF TRANSPORTATION,UNKNOWN,,2025,3,6,3,1,0,50.0,50.0,0.0,0,0,17,8,1,6
BG24437,CT,PAS,4939194991,2025-03-06,12:10P,PHTO SCHOOL ZN SPEED VIOLATION,50.0,0.0,0.0,0.0,50.0,0.0,000,Queens,DEPARTMENT OF TRANSPORTATION,UNKNOWN,,2025,3,6,3,1,0,50.0,50.0,0.0,0,3,5,8,1,6
T695171C,NY,OMT,4939195053,2025-03-06,12:11P,PHTO SCHOOL ZN SPEED VIOLATION,50.0,0.0,0.0,0.0,50.0,0.0,000,Brooklyn,DEPARTMENT OF TRANSPORTATION,UNKNOWN,,2025,3,6,3,1,0,50.0,50.0,0.0,0,1,17,6,1,6
LGE1482,NY,OMS,5701174050,2024-11-12,06:20P,NO STANDING-OFF-STREET LOT,50.0,0.0,0.0,0.0,50.0,0.0,000,UNKNOWN,TRANSIT AUTHORITY,UNKNOWN,,2024,11,12,1,4,0,50.0,50.0,0.0,0,5,17,5,7,6
LKW3799,NY,PAS,4966010226,2025-09-24,02:39P,PHTO SCHOOL ZN SPEED VIOLATION,50.0,0.0,0.0,0.0,50.0,0.0,000,Brooklyn,DEPARTMENT OF TRANSPORTATION,UNKNOWN,,2025,9,24,2,3,0,50.0,50.0,0.0,0,1,17,8,1,6
15762LY,NY,OML,4939195417,2025-03-06,12:14P,PHTO SCHOOL ZN SPEED VIOLATION,50.0,0.0,0.0,0.0,50.0,0.0,000,Queens,DEPARTMENT OF TRANSPORTATION,UNKNOWN,,2025,3,6,3,1,0,50.0,50.0,0.0,0,3,17,4,1,6
MPL7579,PA,PAS,9196192549,2025-04-19,12:40P,NO PARKING-DAY/TIME LIMITS,60.0,0.0,0.0,0.0,60.0,0.0,023,Manhattan,TRAFFIC,UNKNOWN,,2025,4,19,5,2,1,60.0,60.0,0.0,1,2,19,8,6,6
LKK2038,NY,PAS,9196193098,2025-04-22,04:45P,FRONT OR BACK PLATE MISSING,65.0,0.0,0.0,0.0,65.0,0.0,019,Manhattan,TRAFFIC,UNKNOWN,,2025,4,22,1,2,0,65.0,65.0,0.0,1,2,17,8,6,6
T672068C,NY,OMT,4941172553,2025-03-22,12:56P,PHTO SCHOOL ZN SPEED VIOLATION,50.0,0.0,0.0,0.0,50.0,0.0,000,Queens,DEPARTMENT OF TRANSPORTATION,UNKNOWN,,2025,3,22,5,1,1,50.0,50.0,0.0,0,3,17,6,1,6
EEA8387,NC,PAS,4782439209,2022-06-10,04:14P,PHTO SCHOOL ZN SPEED VIOLATION,50.0,25.0,17.48,0.02,92.46,0.0,000,Queens,DEPARTMENT OF TRANSPORTATION,UNKNOWN,2022-09-01,2022,6,10,4,2,0,92.48,92.44,0.0,0,3,14,8,1,6
JPT4212,NY,PAS,5703574857,2025-03-23,12:44P,NO STANDING-OFF-STREET LOT,50.0,0.0,0.0,0.0,50.0,0.0,000,UNKNOWN,TRANSIT AUTHORITY,UNKNOWN,,2025,3,23,6,1,1,50.0,50.0,0.0,0,5,17,8,7,6
LRS6163,NY,PAS,9179900136,2025-01-10,11:40A,NO PARKING-STREET CLEANING,65.0,10.0,0.0,0.0,75.0,0.0,112,Queens,TRAFFIC,UNKNOWN,,2025,1,10,4,1,0,75.0,75.0,0.0,1,3,17,8,6,6
KZJ2018,NY,PAS,4966010263,2025-09-24,02:40P,PHTO SCHOOL ZN SPEED VIOLATION,50.0,0.0,0.0,0.0,50.0,0.0,000,Brooklyn,DEPARTMENT OF TRANSPORTATION,UNKNOWN,,2025,9,24,2,3,0,50.0,50.0,0.0,0,1,17,8,1,6
FYK7389,NY,PAS,4939195223,2025-03-06,12:12P,PHTO SCHOOL ZN SPEED VIOLATION,50.0,0.0,0.0,0.0,50.0,0.0,000,Staten Island,DEPARTMENT OF TRANSPORTATION,UNKNOWN,,2025,3,6,3,1,0,50.0,50.0,0.0,0,4,17,8,1,6
KYD2636,NY,PAS,4939195028,2025-03-06,12:10P,PHTO SCHOOL ZN SPEED VIOLATION,50.0,0.0,0.0,0.0,50.0,0.0,000,Staten Island,DEPARTMENT OF TRANSPORTATION,UNKNOWN,,2025,3,6,3,1,0,50.0,50.0,0.0,0,4,17,8,1,6
EEA8387,NC,PAS,4782565112,2022-06-13,07:05A,PHTO SCHOOL ZN SPEED VIOLATION,50.0,25.0,17.72,0.03,92.69,0.0,000,Queens,DEPARTMENT OF TRANSPORTATION,UNKNOWN,2022-09-01,2022,6,13,0,2,0,92.72,92.66,0.0,0,3,14,8,1,6
JPR8066,NY,PAS,4965839894,2025-09-23,04:10P,PHTO SCHOOL ZN SPEED VIOLATION,50.0,25.0,0.0,25.0,50.0,0.0,000,Queens,DEPARTMENT OF TRANSPORTATION,UNKNOWN,,2025,9,23,1,3,0,75.0,25.0,0.0,0,3,17,8,1,6
LJH9305,NY,PAS,4965839833,2025-09-23,04:09P,PHTO SCHOOL ZN SPEED VIOLATION,50.0,25.0,0.0,0.0,75.0,0.0,000,Queens,DEPARTMENT OF TRANSPORTATION,UNKNOWN,,2025,9,23,1,3,0,75.0,75.0,0.0,0,3,17,8,1,6
GBW1347,NY,PAS,4965447815,2025-09-19,05:38P,PHTO SCHOOL ZN SPEED VIOLATION,50.0,0.0,0.0,0.0,50.0,0.0,000,Bronx,DEPARTMENT OF TRANSPORTATION,UNKNOWN,,2025,9,19,4,3,0,50.0,50.0,0.0,0,0,17,8,1,6
KVM6645,NY,PAS,4966010378,2025-09-24,02:42P,PHTO SCHOOL ZN SPEED VIOLATION,50.0,0.0,0.0,0.0,50.0,0.0,000,Bronx,DEPARTMENT OF TRANSPORTATION,UNKNOWN,,2025,9,24,2,3,0,50.0,50.0,0.0,0,0,17,8,1,6
KHL8466,NY,PAS,4965448005,2025-09-19,05:46P,PHTO SCHOOL ZN SPEED VIOLATION,50.0,0.0,0.0,0.0,50.0,0.0,000,Manhattan,DEPARTMENT OF TRANSPORTATION,UNKNOWN,,2025,9,19,4,3,0,50.0,50.0,0.0,0,2,17,8,1,6
KHD8412,NY,PAS,9196194388,2025-05-01,01:53P,EXPIRED MUNI METER,35.0,0.0,0.0,0.0,35.0,0.0,023,Manhattan,TRAFFIC,UNKNOWN,,2025,5,1,3,2,0,35.0,35.0,0.0,0,2,17,8,6,6
LNR6204,NY,PAS,9196194418,2025-05-01,02:33P,EXPIRED MUNI METER,35.0,0.0,0.0,0.0,35.0,0.0,023,Manhattan,TRAFFIC,UNKNOWN,,2025,5,1,3,2,0,35.0,35.0,0.0,0,2,17,8,6,6
CDB2232,NY,SRF,9049020318,2023-04-25,11:35A,NO PARKING-STREET CLEANING,65.0,30.0,0.0,0.0,95.0,0.0,090,Brooklyn,TRAFFIC,HEARING HELD-GUILTY,,2023,4,25,1,2,0,95.0,95.0,0.0,1,1,17,11,6,3
LGC8774,NY,PAS,5802408480,2025-01-16,05:58P,EXPIRED METER-COMM METER ZONE,50.0,0.0,0.0,0.0,50.0,0.0,000,Brooklyn,TRANSIT AUTHORITY,UNKNOWN,,2025,1,16,3,1,0,50.0,50.0,0.0,0,1,17,8,7,6
NND3M,FL,PAS,4939773942,2025-03-11,10:40A,PHTO SCHOOL ZN SPEED VIOLATION,50.0,0.0,0.0,0.0,50.0,0.0,000,Brooklyn,DEPARTMENT OF TRANSPORTATION,UNKNOWN,,2025,3,11,1,1,0,50.0,50.0,0.0,0,1,6,8,1,6
LFC4511,NY,PAS,5133888375,2024-04-18,07:57P,FAILURE TO STOP AT RED LIGHT,50.0,25.0,4.13,0.07,79.06,0.0,000,Brooklyn,DEPARTMENT OF TRANSPORTATION,UNKNOWN,2024-07-11,2024,4,18,3,2,0,79.13,78.99000000000001,0.0,0,1,17,8,1,6
AEC6977,NY,PAS,4939195466,2025-03-06,12:14P,PHTO SCHOOL ZN SPEED VIOLATION,50.0,0.0,0.0,0.0,50.0,0.0,000,Staten Island,DEPARTMENT OF TRANSPORTATION,UNKNOWN,,2025,3,6,3,1,0,50.0,50.0,0.0,0,4,17,8,1,6
LPM5155,NY,PAS,4939773607,2025-03-11,10:31A,PHTO SCHOOL ZN SPEED VIOLATION,50.0,0.0,0.0,0.0,50.0,0.0,000,Brooklyn,DEPARTMENT OF TRANSPORTATION,UNKNOWN,,2025,3,11,1,1,0,50.0,50.0,0.0,0,1,17,8,1,6
LRY3486,NY,PAS,4928703741,2024-12-06,07:11A,PHTO SCHOOL ZN SPEED VIOLATION,50.0,25.0,2.44,0.0,77.44,0.0,000,Staten Island,DEPARTMENT OF TRANSPORTATION,UNKNOWN,2025-02-27,2024,12,6,4,4,0,77.44,77.44,0.0,0,4,17,8,1,6
T788435C,NY,OMT,5701174384,2024-11-12,08:39P,NO STANDING-OFF-STREET LOT,50.0,0.0,0.0,0.0,50.0,0.0,000,UNKNOWN,TRANSIT AUTHORITY,UNKNOWN,,2024,11,12,1,4,0,50.0,50.0,0.0,0,5,17,6,7,6
T685164C,NY,OMT,5701174669,2024-11-13,12:26A,NO STANDING-OFF-STREET LOT,50.0,0.0,0.0,0.0,50.0,0.0,000,UNKNOWN,TRANSIT AUTHORITY,UNKNOWN,,2024,11,13,2,4,0,50.0,50.0,0.0,0,5,17,6,7,6
GFM2034,NY,PAS,4966010408,2025-09-24,02:42P,PHTO SCHOOL ZN SPEED VIOLATION,50.0,0.0,0.0,0.0,50.0,0.0,000,Bronx,DEPARTMENT OF TRANSPORTATION,UNKNOWN,,2025,9,24,2,3,0,50.0,50.0,0.0,0,0,17,8,1,6
RHL3029,NC,PAS,4928703364,2024-12-06,06:58A,PHTO SCHOOL ZN SPEED VIOLATION,50.0,25.0,2.52,0.13,77.39,0.0,000,Bronx,DEPARTMENT OF TRANSPORTATION,UNKNOWN,2025-02-27,2024,12,6,4,4,0,77.52,77.26,0.0,0,0,14,8,1,6
HCZ2967,NY,PAS,4926466909,2024-11-17,12:59P,PHTO SCHOOL ZN SPEED VIOLATION,50.0,25.0,2.51,0.13,77.38,0.0,000,Queens,DEPARTMENT OF TRANSPORTATION,UNKNOWN,2025-02-06,2024,11,17,6,4,1,77.51,77.25,0.0,0,3,17,8,1,6
H37VGJ,NJ,PAS,9196194431,2025-05-01,02:48P,FAIL TO DSPLY MUNI METER RECPT,35.0,0.0,0.0,0.0,35.0,0.0,023,Manhattan,TRAFFIC,UNKNOWN,,2025,5,1,3,2,0,35.0,35.0,0.0,0,2,16,8,6,6
JDR6405,NY,PAS,4939195934,2025-03-06,12:19P,PHTO SCHOOL ZN SPEED VIOLATION,50.0,0.0,0.0,0.0,50.0,0.0,000,Queens,DEPARTMENT OF TRANSPORTATION,UNKNOWN,,2025,3,6,3,1,0,50.0,50.0,0.0,0,3,17,8,1,6
73037NA,NY,COM,4939774302,2025-03-11,10:48A,PHTO SCHOOL ZN SPEED VIOLATION,50.0,0.0,0.0,0.0,50.0,0.0,000,Queens,DEPARTMENT OF TRANSPORTATION,HEARING ADJOURNMENT,,2025,3,11,1,1,0,50.0,50.0,0.0,0,3,17,1,1,2
KTS7666,NY,PAS,4939774211,2025-03-11,10:45A,PHTO SCHOOL ZN SPEED VIOLATION,50.0,0.0,0.0,0.0,50.0,0.0,000,Queens,DEPARTMENT OF TRANSPORTATION,UNKNOWN,,2025,3,11,1,1,0,50.0,50.0,0.0,0,3,17,8,1,6
JPP6987,NY,PAS,4939774296,2025-03-11,10:48A,PHTO SCHOOL ZN SPEED VIOLATION,50.0,0.0,0.0,0.0,50.0,0.0,000,Queens,DEPARTMENT OF TRANSPORTATION,UNKNOWN,,2025,3,11,1,1,0,50.0,50.0,0.0,0,3,17,8,1,6
KZK1447,NY,PAS,2023184642,2025-04-10,09:25A,NO PARKING-STREET CLEANING,65.0,0.0,0.0,0.0,65.0,0.0,081,Brooklyn,DEPARTMENT OF SANITATION,UNKNOWN,,2025,4,10,3,2,0,65.0,65.0,0.0,1,1,17,8,0,6
GYW7071,NY,PAS,4939196185,2025-03-06,12:22P,PHTO SCHOOL ZN SPEED VIOLATION,50.0,0.0,0.0,0.0,50.0,0.0,000,Brooklyn,DEPARTMENT OF TRANSPORTATION,UNKNOWN,,2025,3,6,3,1,0,50.0,50.0,0.0,0,1,17,8,1,6
M57RHV,NJ,PAS,4939196021,2025-03-06,12:20P,PHTO SCHOOL ZN SPEED VIOLATION,50.0,0.0,0.0,0.0,50.0,0.0,000,Queens,DEPARTMENT OF TRANSPORTATION,UNKNOWN,,2025,3,6,3,1,0,50.0,50.0,0.0,0,3,16,8,1,6
LLB3611,NY,PAS,2023199177,2025-04-15,09:51A,NO PARKING-STREET CLEANING,65.0,0.0,0.0,0.0,65.0,0.0,032,Manhattan,DEPARTMENT OF SANITATION,UNKNOWN,,2025,4,15,1,2,0,65.0,65.0,0.0,1,2,17,8,0,6
KGJ1720,NY,PAS,5701175080,2024-11-13,08:02A,NO STANDING-OFF-STREET LOT,50.0,0.0,0.0,0.0,50.0,0.0,000,Staten Island,TRANSIT AUTHORITY,UNKNOWN,,2024,11,13,2,4,0,50.0,50.0,0.0,0,4,17,8,7,6
T129413C,NY,OMT,5701174750,2024-11-13,06:33A,NO STANDING-OFF-STREET LOT,50.0,0.0,0.0,0.0,50.0,0.0,000,UNKNOWN,TRANSIT AUTHORITY,UNKNOWN,,2024,11,13,2,4,0,50.0,50.0,0.0,0,5,17,6,7,6
LBS1540,NY,PAS,5701175145,2024-11-13,08:14A,NO STANDING-OFF-STREET LOT,50.0,0.0,0.0,0.0,50.0,0.0,000,Queens,TRANSIT AUTHORITY,UNKNOWN,,2024,11,13,2,4,0,50.0,50.0,0.0,0,3,17,8,7,6
B32KWY,NJ,PAS,5701175194,2024-11-13,08:30A,NO STANDING-OFF-STREET LOT,50.0,0.0,0.0,0.0,50.0,0.0,000,UNKNOWN,TRANSIT AUTHORITY,UNKNOWN,,2024,11,13,2,4,0,50.0,50.0,0.0,0,5,16,8,7,6
HHP7122,NY,PAS,5701175297,2024-11-13,08:43A,NO STANDING-OFF-STREET LOT,150.0,0.0,0.0,0.0,150.0,0.0,000,UNKNOWN,TRANSIT AUTHORITY,HEARING HELD-GUILTY,,2024,11,13,2,4,0,150.0,150.0,0.0,1,5,17,8,7,3
MD7189,NJ,PAS,5701175509,2024-11-13,09:20A,NO STANDING-OFF-STREET LOT,50.0,0.0,0.0,0.0,50.0,0.0,000,Manhattan,TRANSIT AUTHORITY,UNKNOWN,,2024,11,13,2,4,0,50.0,50.0,0.0,0,2,16,8,7,6
FB75550,IL,PAS,4933158034,2025-01-08,10:25P,PHTO SCHOOL ZN SPEED VIOLATION,50.0,25.0,2.19,0.07,77.12,0.0,000,Brooklyn,DEPARTMENT OF TRANSPORTATION,UNKNOWN,2025-04-03,2025,1,8,2,1,0,77.19,77.05000000000001,0.0,0,1,8,8,1,6
ACR1704,NY,PAS,4965448182,2025-09-19,05:51P,PHTO SCHOOL ZN SPEED VIOLATION,50.0,0.0,0.0,0.0,50.0,0.0,000,Queens,DEPARTMENT OF TRANSPORTATION,UNKNOWN,,2025,9,19,4,3,0,50.0,50.0,0.0,0,3,17,8,1,6
15489MN,NY,COM,9194104360,2025-04-09,09:40A,NO STANDING-DAY/TIME LIMITS,115.0,0.0,0.0,0.0,115.0,0.0,014,Manhattan,TRAFFIC,UNKNOWN,,2025,4,9,2,2,0,115.0,115.0,0.0,1,2,17,1,6,6
JPM8115,NY,PAS,4937740052,2025-02-20,12:41P,PHTO SCHOOL ZN SPEED VIOLATION,50.0,25.0,1.86,0.13,76.73,0.0,000,Queens,DEPARTMENT OF TRANSPORTATION,UNKNOWN,2025-05-15,2025,2,20,3,1,0,76.86,76.60000000000001,0.0,0,3,17,8,1,6
BXH8242,NY,PAS,4939196434,2025-03-06,12:24P,PHTO SCHOOL ZN SPEED VIOLATION,50.0,0.0,0.0,0.0,50.0,0.0,000,Bronx,DEPARTMENT OF TRANSPORTATION,UNKNOWN,,2025,3,6,3,1,0,50.0,50.0,0.0,0,0,17,8,1,6
Y207432C,NY,OMT,4939774491,2025-03-11,10:52A,PHTO SCHOOL ZN SPEED VIOLATION,50.0,0.0,0.0,0.0,50.0,0.0,000,Bronx,DEPARTMENT OF TRANSPORTATION,UNKNOWN,,2025,3,11,1,1,0,50.0,50.0,0.0,0,0,17,6,1,6
HRX2121,PA,PAS,4939196409,2025-03-06,12:24P,PHTO SCHOOL ZN SPEED VIOLATION,50.0,0.0,0.0,0.0,50.0,0.0,000,Brooklyn,DEPARTMENT OF TRANSPORTATION,UNKNOWN,,2025,3,6,3,1,0,50.0,50.0,0.0,0,1,19,8,1,6
Z21VFD,NJ,PAS,2023209316,2025-04-14,08:32A,NO STANDING-DAY/TIME LIMITS,115.0,0.0,0.0,0.0,115.0,0.0,102,Queens,DEPARTMENT OF SANITATION,UNKNOWN,,2025,4,14,0,2,0,115.0,115.0,0.0,1,3,16,8,0,6
KTL2417,NY,PAS,2023241479,2025-04-11,08:23A,NO PARKING-STREET CLEANING,65.0,0.0,0.0,0.0,65.0,0.0,062,Brooklyn,DEPARTMENT OF SANITATION,UNKNOWN,,2025,4,11,4,2,0,65.0,65.0,0.0,1,1,17,8,0,6
11926MK,NY,COM,4966010469,2025-09-24,02:43P,PHTO SCHOOL ZN SPEED VIOLATION,50.0,0.0,0.0,0.0,50.0,0.0,000,Queens,DEPARTMENT OF TRANSPORTATION,UNKNOWN,,2025,9,24,2,3,0,50.0,50.0,0.0,0,3,17,1,1,6
FTG3999,NY,PAS,4939197049,2025-03-06,12:31P,PHTO SCHOOL ZN SPEED VIOLATION,50.0,0.0,0.0,0.0,50.0,0.0,000,Queens,DEPARTMENT OF TRANSPORTATION,UNKNOWN,,2025,3,6,3,1,0,50.0,50.0,0.0,0,3,17,8,1,6
GPV1871,NY,PAS,9196194480,2025-05-01,05:42P,FAIL TO DSPLY MUNI METER RECPT,35.0,0.0,0.0,0.0,35.0,0.0,023,Manhattan,TRAFFIC,UNKNOWN,,2025,5,1,3,2,0,35.0,35.0,0.0,0,2,17,8,6,6
96083MM,NY,COM,9196194649,2025-05-02,09:22A,NO PARKING-STREET CLEANING,65.0,0.0,0.0,25.0,40.0,0.0,019,Manhattan,TRAFFIC,HEARING HELD-GUILTY REDUCTION,,2025,5,2,4,2,0,65.0,15.0,0.0,1,2,17,1,6,4
LGC1279,NY,PAS,4941173727,2025-03-22,01:38P,PHTO SCHOOL ZN SPEED VIOLATION,50.0,0.0,0.0,0.0,50.0,0.0,000,Bronx,DEPARTMENT OF TRANSPORTATION,UNKNOWN,,2025,3,22,5,1,1,50.0,50.0,0.0,0,0,17,8,1,6
LRA7107,NY,PAS,4939196781,2025-03-06,12:28P,PHTO SCHOOL ZN SPEED VIOLATION,50.0,0.0,0.0,0.0,50.0,0.0,000,Queens,DEPARTMENT OF TRANSPORTATION,UNKNOWN,,2025,3,6,3,1,0,50.0,50.0,0.0,0,3,17,8,1,6
LAE1873,NY,PAS,4939774820,2025-03-11,11:01A,PHTO SCHOOL ZN SPEED VIOLATION,50.0,0.0,0.0,0.0,50.0,0.0,000,Bronx,DEPARTMENT OF TRANSPORTATION,UNKNOWN,,2025,3,11,1,1,0,50.0,50.0,0.0,0,0,17,8,1,6
LKF1231,NY,PAS,4939774880,2025-03-11,11:02A,PHTO SCHOOL ZN SPEED VIOLATION,50.0,0.0,0.0,0.0,50.0,0.0,000,Brooklyn,DEPARTMENT OF TRANSPORTATION,UNKNOWN,,2025,3,11,1,1,0,50.0,50.0,0.0,0,1,17,8,1,6
T123306C,NY,OMT,5802388389,2025-01-15,09:26P,EXPIRED METER-COMM METER ZONE,50.0,0.0,0.0,0.0,50.0,0.0,000,Brooklyn,TRANSIT AUTHORITY,HEARING HELD-GUILTY,,2025,1,15,2,1,0,50.0,50.0,0.0,0,1,17,6,7,3
LHB3049,PA,PAS,2023249995,2025-04-15,08:50A,NO PARKING-STREET CLEANING,65.0,0.0,0.0,0.0,65.0,0.0,083,Brooklyn,DEPARTMENT OF SANITATION,UNKNOWN,,2025,4,15,1,2,0,65.0,65.0,0.0,1,1,19,8,0,6
T640151C,NY,OMT,4939196793,2025-03-06,12:28P,PHTO SCHOOL ZN SPEED VIOLATION,50.0,0.0,0.0,0.0,50.0,0.0,000,Brooklyn,DEPARTMENT OF TRANSPORTATION,UNKNOWN,,2025,3,6,3,1,0,50.0,50.0,0.0,0,1,17,6,1,6
GVY8724,NY,PAS,4939197128,2025-03-06,12:32P,PHTO SCHOOL ZN SPEED VIOLATION,50.0,0.0,0.0,0.0,50.0,0.0,000,Bronx,DEPARTMENT OF TRANSPORTATION,UNKNOWN,,2025,3,6,3,1,0,50.0,50.0,0.0,0,0,17,8,1,6
KDX9263,NY,PAS,4939197104,2025-03-06,12:31P,PHTO SCHOOL ZN SPEED VIOLATION,50.0,0.0,0.0,0.0,50.0,0.0,000,Brooklyn,DEPARTMENT OF TRANSPORTATION,UNKNOWN,,2025,3,6,3,1,0,50.0,50.0,0.0,0,1,17,8,1,6
ENL3828,NY,PAS,2023283530,2025-04-10,12:08P,NO PARKING-STREET CLEANING,65.0,0.0,0.0,0.0,65.0,0.0,046,Bronx,DEPARTMENT OF SANITATION,UNKNOWN,,2025,4,10,3,2,0,65.0,65.0,0.0,1,0,17,8,0,6
C11CAC,NJ,PAS,2023295889,2025-04-11,07:47A,NO PARKING-STREET CLEANING,65.0,0.0,0.0,0.0,65.0,0.0,072,Brooklyn,DEPARTMENT OF SANITATION,UNKNOWN,,2025,4,11,4,2,0,65.0,65.0,0.0,1,1,16,8,0,6
51449NC,NY,COM,9188790162,2025-02-27,02:02P,FAIL TO DISP. MUNI METER RECPT,65.0,0.0,0.0,0.0,65.0,0.0,005,Manhattan,TRAFFIC,HEARING HELD-GUILTY,,2025,2,27,3,1,0,65.0,65.0,0.0,1,2,17,1,6,3
TJB1047,VA,PAS,1498524266,2025-04-03,05:48P,FIRE HYDRANT,115.0,0.0,0.0,0.0,115.0,0.0,078,Brooklyn,POLICE DEPARTMENT,UNKNOWN,,2025,4,3,3,2,0,115.0,115.0,0.0,1,1,24,8,5,6
JRX9069,NY,PAS,5701175560,2024-11-13,09:27A,NO STANDING-OFF-STREET LOT,50.0,0.0,0.0,0.0,50.0,0.0,000,Staten Island,TRANSIT AUTHORITY,UNKNOWN,,2024,11,13,2,4,0,50.0,50.0,0.0,0,4,17,8,7,6
LRP6268,NY,PAS,4941173960,2025-03-22,01:54P,PHTO SCHOOL ZN SPEED VIOLATION,50.0,25.0,0.0,25.0,50.0,0.0,000,Queens,DEPARTMENT OF TRANSPORTATION,UNKNOWN,,2025,3,22,5,1,1,75.0,25.0,0.0,0,3,17,8,1,6
LJY2457,NY,PAS,4965448236,2025-09-19,05:52P,PHTO SCHOOL ZN SPEED VIOLATION,50.0,0.0,0.0,0.0,50.0,0.0,000,Queens,DEPARTMENT OF TRANSPORTATION,UNKNOWN,,2025,9,19,4,3,0,50.0,50.0,0.0,0,3,17,8,1,6
LWE4227,NY,PAS,1499344077,2025-05-17,02:50A,NO STANDING-DAY/TIME LIMITS,115.0,60.0,0.91,0.3,175.61,0.0,114,Queens,POLICE DEPARTMENT,UNKNOWN,2025-09-04,2025,5,17,5,2,1,175.91,175.31,0.0,1,3,17,8,5,6
JBE9282,NY,PAS,1490122606,2023-08-31,08:47P,DOUBLE PARKING,115.0,60.0,18.129699999999982,0.22,201.19,0.0,067,UNKNOWN,POLICE DEPARTMENT,UNKNOWN,2023-12-21,2023,8,31,3,3,0,193.12969999999999,200.97,0.0,1,5,17,8,5,6
KJY7147,NY,PAS,4939197270,2025-03-06,12:33P,PHTO SCHOOL ZN SPEED VIOLATION,50.0,0.0,0.0,0.0,50.0,0.0,000,Queens,DEPARTMENT OF TRANSPORTATION,UNKNOWN,,2025,3,6,3,1,0,50.0,50.0,0.0,0,3,17,8,1,6
LKN1287,NY,PAS,4933158526,2025-01-09,12:06A,PHTO SCHOOL ZN SPEED VIOLATION,50.0,0.0,0.0,0.0,50.0,0.0,000,Queens,DEPARTMENT OF TRANSPORTATION,UNKNOWN,,2025,1,9,3,1,0,50.0,50.0,0.0,0,3,17,8,1,6
L59VAW,NJ,PAS,4939197311,2025-03-06,12:33P,PHTO SCHOOL ZN SPEED VIOLATION,50.0,0.0,0.0,0.0,50.0,0.0,000,Queens,DEPARTMENT OF TRANSPORTATION,UNKNOWN,,2025,3,6,3,1,0,50.0,50.0,0.0,0,3,16,8,1,6
LJR8079,NY,PAS,4939197153,2025-03-06,12:32P,PHTO SCHOOL ZN SPEED VIOLATION,50.0,0.0,0.0,0.0,50.0,0.0,000,Staten Island,DEPARTMENT OF TRANSPORTATION,UNKNOWN,,2025,3,6,3,1,0,50.0,50.0,0.0,0,4,17,8,1,6
LTU2530,NY,PAS,4939775422,2025-03-11,08:07A,PHTO SCHOOL ZN SPEED VIOLATION,50.0,0.0,0.0,0.0,50.0,0.0,000,Brooklyn,DEPARTMENT OF TRANSPORTATION,UNKNOWN,,2025,3,11,1,1,0,50.0,50.0,0.0,0,1,17,8,1,6
LFS1793,NY,PAS,2023295920,2025-04-11,11:40A,NO PARKING-STREET CLEANING,65.0,0.0,0.0,0.0,65.0,0.0,072,Brooklyn,DEPARTMENT OF SANITATION,UNKNOWN,,2025,4,11,4,2,0,65.0,65.0,0.0,1,1,17,8,0,6
10886MM,NY,COM,9049020537,2023-04-26,11:39A,FAIL TO DSPLY MUNI METER RECPT,35.0,0.0,0.0,0.0,35.0,0.0,090,Brooklyn,TRAFFIC,APPEAL AFFIRMED,,2023,4,26,2,2,0,35.0,35.0,0.0,0,1,17,1,6,1
HPN9147,NY,PAS,2023295956,2025-04-11,11:46A,NO PARKING-STREET CLEANING,65.0,0.0,0.0,0.0,65.0,0.0,072,Brooklyn,DEPARTMENT OF SANITATION,UNKNOWN,,2025,4,11,4,2,0,65.0,65.0,0.0,1,1,17,8,0,6
409DST,NY,ORG,4931800105,2024-12-29,12:32P,PHTO SCHOOL ZN SPEED VIOLATION,50.0,0.0,0.0,0.0,50.0,0.0,000,Brooklyn,DEPARTMENT OF TRANSPORTATION,UNKNOWN,,2024,12,29,6,4,1,50.0,50.0,0.0,0,1,17,7,1,6
LBM6931,NY,PAS,4939197414,2025-03-06,12:34P,PHTO SCHOOL ZN SPEED VIOLATION,50.0,0.0,0.0,0.0,50.0,0.0,000,Queens,DEPARTMENT OF TRANSPORTATION,UNKNOWN,,2025,3,6,3,1,0,50.0,50.0,0.0,0,3,17,8,1,6
KUJ7341,NY,PAS,4939197580,2025-03-06,12:36P,PHTO SCHOOL ZN SPEED VIOLATION,50.0,0.0,0.0,0.0,50.0,0.0,000,Queens,DEPARTMENT OF TRANSPORTATION,UNKNOWN,,2025,3,6,3,1,0,50.0,50.0,0.0,0,3,17,8,1,6
L54WCN,NJ,PAS,4965448261,2025-09-19,05:53P,PHTO SCHOOL ZN SPEED VIOLATION,50.0,0.0,0.0,0.0,50.0,0.0,000,Brooklyn,DEPARTMENT OF TRANSPORTATION,UNKNOWN,,2025,9,19,4,3,0,50.0,50.0,0.0,0,1,16,8,1,6
LTP8945,NY,PAS,4965448285,2025-09-19,05:53P,PHTO SCHOOL ZN SPEED VIOLATION,50.0,0.0,0.0,0.0,50.0,0.0,000,Brooklyn,DEPARTMENT OF TRANSPORTATION,UNKNOWN,,2025,9,19,4,3,0,50.0,50.0,0.0,0,1,17,8,1,6
JMF3076,NY,PAS,8705847321,2019-12-14,00:06A,FIRE HYDRANT,115.0,60.0,18.129699999999982,0.0,201.25599999999994,0.0,032,Manhattan,TRAFFIC,HEARING HELD-GUILTY,2022-05-12,2019,12,14,5,4,1,193.12969999999999,201.25599999999994,0.0,1,2,17,8,6,3
HSV8491,NY,PAS,5701176599,2024-11-13,11:14A,NO STANDING-OFF-STREET LOT,50.0,0.0,0.0,0.0,50.0,0.0,000,UNKNOWN,TRANSIT AUTHORITY,HEARING HELD-GUILTY,,2024,11,13,2,4,0,50.0,50.0,0.0,0,5,17,8,7,3
JMANN69,NY,SRF,5701176540,2024-11-13,11:09A,NO STANDING-OFF-STREET LOT,50.0,0.0,0.0,0.0,50.0,0.0,000,UNKNOWN,TRANSIT AUTHORITY,UNKNOWN,,2024,11,13,2,4,0,50.0,50.0,0.0,0,5,17,11,7,6
6KNG87,MA,PAS,2026951354,2025-10-27,12:00P,NO PARKING-STREET CLEANING,65.0,0.0,0.0,0.0,65.0,0.0,046,Bronx,DEPARTMENT OF SANITATION,UNKNOWN,,2025,10,27,0,4,0,65.0,65.0,0.0,1,0,10,8,0,6
AH83224,AZ,PAS,2026952644,2025-10-18,12:15P,NO PARKING-DAY/TIME LIMITS,60.0,0.0,0.0,0.0,60.0,0.0,075,Brooklyn,DEPARTMENT OF SANITATION,UNKNOWN,,2025,10,18,5,4,1,60.0,60.0,0.0,1,1,2,8,0,6
LTV2570,NY,PAS,2026971377,2025-10-17,12:01P,NO PARKING-STREET CLEANING,65.0,0.0,0.0,0.0,65.0,0.0,088,Brooklyn,DEPARTMENT OF SANITATION,UNKNOWN,,2025,10,17,4,4,0,65.0,65.0,0.0,1,1,17,8,0,6
GEA7657,NY,PAS,4965448303,2025-09-19,05:53P,PHTO SCHOOL ZN SPEED VIOLATION,50.0,0.0,0.0,0.0,50.0,0.0,000,Bronx,DEPARTMENT OF TRANSPORTATION,UNKNOWN,,2025,9,19,4,3,0,50.0,50.0,0.0,0,0,17,8,1,6
KWS4135,NY,PAS,4965448390,2025-09-19,05:55P,PHTO SCHOOL ZN SPEED VIOLATION,50.0,0.0,0.0,0.0,50.0,0.0,000,Bronx,DEPARTMENT OF TRANSPORTATION,UNKNOWN,,2025,9,19,4,3,0,50.0,50.0,0.0,0,0,17,8,1,6
LWA2989,NY,PAS,4049629343,2025-11-18,12:08P,BUS LANE VIOLATION,50.0,0.0,0.0,0.0,50.0,0.0,000,Queens,DEPARTMENT OF TRANSPORTATION,UNKNOWN,,2025,11,18,1,4,0,50.0,50.0,0.0,0,3,17,8,1,6
LDA6523,NY,PAS,4966010512,2025-09-24,02:44P,PHTO SCHOOL ZN SPEED VIOLATION,50.0,0.0,0.0,0.0,50.0,0.0,000,Brooklyn,DEPARTMENT OF TRANSPORTATION,UNKNOWN,,2025,9,24,2,3,0,50.0,50.0,0.0,0,1,17,8,1,6
DDH8241,NY,PAS,4939775793,2025-03-11,09:43A,PHTO SCHOOL ZN SPEED VIOLATION,50.0,0.0,0.0,0.0,50.0,0.0,000,Queens,DEPARTMENT OF TRANSPORTATION,UNKNOWN,,2025,3,11,1,1,0,50.0,50.0,0.0,0,3,17,8,1,6
LKK1670,NY,PAS,2023333660,2025-04-10,11:54A,NO PARKING-STREET CLEANING,65.0,0.0,0.0,0.0,65.0,0.0,032,Manhattan,DEPARTMENT OF SANITATION,UNKNOWN,,2025,4,10,3,2,0,65.0,65.0,0.0,1,2,17,8,0,6
LKY4708,PA,PAS,2023337136,2025-04-11,11:53A,NO PARKING-STREET CLEANING,65.0,0.0,0.0,0.0,65.0,0.0,013,Manhattan,DEPARTMENT OF SANITATION,UNKNOWN,,2025,4,11,4,2,0,65.0,65.0,0.0,1,2,19,8,0,6
KVN4974,NY,PAS,9179900926,2025-01-14,11:56A,REG. STICKER-EXPIRED/MISSING,65.0,10.0,0.0,0.0,75.0,0.0,106,Queens,TRAFFIC,UNKNOWN,,2025,1,14,1,1,0,75.0,75.0,0.0,1,3,17,8,6,6
LLE3441,NY,PAS,4939197633,2025-03-06,12:37P,PHTO SCHOOL ZN SPEED VIOLATION,50.0,0.0,0.0,0.0,50.0,0.0,000,Staten Island,DEPARTMENT OF TRANSPORTATION,UNKNOWN,,2025,3,6,3,1,0,50.0,50.0,0.0,0,4,17,8,1,6
T108610C,NY,OMT,4939197852,2025-03-06,12:38P,PHTO SCHOOL ZN SPEED VIOLATION,50.0,0.0,0.0,0.0,50.0,0.0,000,Brooklyn,DEPARTMENT OF TRANSPORTATION,UNKNOWN,,2025,3,6,3,1,0,50.0,50.0,0.0,0,1,17,6,1,6
HUX4517,NY,PAS,9188790265,2025-02-27,03:42P,NO STANDING-EXC. TRUCK LOADING,95.0,60.0,0.0,30.0,125.0,0.0,005,Manhattan,TRAFFIC,UNKNOWN,,2025,2,27,3,1,0,155.0,95.0,0.0,1,2,17,8,6,6
KVH5637,NY,PAS,9188790599,2025-02-28,11:58A,EXPIRED MUNI METER,65.0,60.0,0.0,0.0,125.0,0.0,006,Manhattan,TRAFFIC,UNKNOWN,,2025,2,28,4,1,0,125.0,125.0,0.0,1,2,17,8,6,6
KIC1002,OH,PAS,5701176629,2024-11-13,11:16A,NO STANDING-OFF-STREET LOT,50.0,0.0,0.0,0.0,50.0,0.0,000,UNKNOWN,TRANSIT AUTHORITY,UNKNOWN,,2024,11,13,2,4,0,50.0,50.0,0.0,0,5,18,8,7,6
HNB5536,NY,PAS,5701176666,2024-11-13,11:19A,NO STANDING-OFF-STREET LOT,50.0,0.0,0.0,0.0,50.0,0.0,000,UNKNOWN,TRANSIT AUTHORITY,HEARING HELD-GUILTY,,2024,11,13,2,4,0,50.0,50.0,0.0,0,5,17,8,7,3
BG6320,NY,PAS,5701176873,2024-11-13,11:31A,NO STANDING-OFF-STREET LOT,50.0,0.0,0.0,0.0,50.0,0.0,000,UNKNOWN,TRANSIT AUTHORITY,UNKNOWN,,2024,11,13,2,4,0,50.0,50.0,0.0,0,5,17,8,7,6
KGS6145,NY,PAS,5701176630,2024-11-13,11:18A,NO STANDING-OFF-STREET LOT,50.0,0.0,0.0,0.0,50.0,0.0,000,UNKNOWN,TRANSIT AUTHORITY,UNKNOWN,,2024,11,13,2,4,0,50.0,50.0,0.0,0,5,17,8,7,6
XBHW19,NJ,PAS,9188790307,2025-02-27,04:22P,NO STANDING-DAY/TIME LIMITS,115.0,0.0,0.0,0.0,115.0,0.0,005,Manhattan,TRAFFIC,HEARING HELD-GUILTY,,2025,2,27,3,1,0,115.0,115.0,0.0,1,2,16,8,6,3
KTE7986,NY,PAS,4966010640,2025-09-24,02:46P,PHTO SCHOOL ZN SPEED VIOLATION,50.0,0.0,0.0,0.0,50.0,0.0,000,Bronx,DEPARTMENT OF TRANSPORTATION,UNKNOWN,,2025,9,24,2,3,0,50.0,50.0,0.0,0,0,17,8,1,6
LLZ5970,NY,PAS,4939775860,2025-03-11,09:59A,PHTO SCHOOL ZN SPEED VIOLATION,50.0,0.0,0.0,0.0,50.0,0.0,000,Bronx,DEPARTMENT OF TRANSPORTATION,UNKNOWN,,2025,3,11,1,1,0,50.0,50.0,0.0,0,0,17,8,1,6
FHN6721,NY,PAS,4966010652,2025-09-24,02:46P,PHTO SCHOOL ZN SPEED VIOLATION,50.0,0.0,0.0,0.0,50.0,0.0,000,Staten Island,DEPARTMENT OF TRANSPORTATION,UNKNOWN,,2025,9,24,2,3,0,50.0,50.0,0.0,0,4,17,8,1,6
HXZ1926,NY,PAS,4938004562,2025-02-23,11:30A,PHTO SCHOOL ZN SPEED VIOLATION,50.0,25.0,0.0,0.0,75.0,0.0,000,Queens,DEPARTMENT OF TRANSPORTATION,UNKNOWN,,2025,2,23,6,1,1,75.0,75.0,0.0,0,3,17,8,1,6
KKR5052,NY,PAS,4941175013,2025-03-22,03:09P,PHTO SCHOOL ZN SPEED VIOLATION,50.0,0.0,0.0,0.0,50.0,0.0,000,Brooklyn,DEPARTMENT OF TRANSPORTATION,UNKNOWN,,2025,3,22,5,1,1,50.0,50.0,0.0,0,1,17,8,1,6
JBN5593,NY,PAS,4941174914,2025-03-22,03:02P,PHTO SCHOOL ZN SPEED VIOLATION,50.0,0.0,0.0,0.0,50.0,0.0,000,Bronx,DEPARTMENT OF TRANSPORTATION,UNKNOWN,,2025,3,22,5,1,1,50.0,50.0,0.0,0,0,17,8,1,6
HXA1596,NY,PAS,4939775902,2025-03-11,10:03A,PHTO SCHOOL ZN SPEED VIOLATION,50.0,0.0,0.0,0.0,50.0,0.0,000,Queens,DEPARTMENT OF TRANSPORTATION,UNKNOWN,,2025,3,11,1,1,0,50.0,50.0,0.0,0,3,17,8,1,6
69038A5,TX,PAS,2023347786,2025-04-10,12:12P,NO PARKING-STREET CLEANING,65.0,0.0,0.0,0.0,65.0,0.0,043,Bronx,DEPARTMENT OF SANITATION,HEARING HELD-GUILTY,,2025,4,10,3,2,0,65.0,65.0,0.0,1,0,23,8,0,3
T785488C,NY,OMT,2023349813,2025-04-11,08:08A,NO PARKING-STREET CLEANING,65.0,0.0,0.0,0.0,65.0,0.0,062,Brooklyn,DEPARTMENT OF SANITATION,UNKNOWN,,2025,4,11,4,2,0,65.0,65.0,0.0,1,1,17,6,0,6
KND5283,NY,PAS,8991618558,2021-09-16,01:30P,FRONT OR BACK PLATE MISSING,65.0,60.0,18.129699999999982,0.19,167.3,0.0,084,Brooklyn,TRAFFIC,UNKNOWN,2022-07-28,2021,9,16,3,3,0,143.12969999999999,167.11,0.0,1,1,17,8,6,6
KNX7599,NY,PAS,4965448480,2025-09-19,05:58P,PHTO SCHOOL ZN SPEED VIOLATION,50.0,0.0,0.0,0.0,50.0,0.0,000,Brooklyn,DEPARTMENT OF TRANSPORTATION,UNKNOWN,,2025,9,19,4,3,0,50.0,50.0,0.0,0,1,17,8,1,6
KYN4377,NY,PAS,4966010755,2025-09-24,02:47P,PHTO SCHOOL ZN SPEED VIOLATION,50.0,0.0,0.0,0.0,50.0,0.0,000,Brooklyn,DEPARTMENT OF TRANSPORTATION,UNKNOWN,,2025,9,24,2,3,0,50.0,50.0,0.0,0,1,17,8,1,6
GMV7135,NY,PAS,4941175530,2025-03-22,03:45P,PHTO SCHOOL ZN SPEED VIOLATION,50.0,0.0,0.0,0.0,50.0,0.0,000,Queens,DEPARTMENT OF TRANSPORTATION,UNKNOWN,,2025,3,22,5,1,1,50.0,50.0,0.0,0,3,17,8,1,6
JNJ9375,NY,PAS,4939199046,2025-03-06,12:52P,PHTO SCHOOL ZN SPEED VIOLATION,50.0,0.0,0.0,0.0,50.0,0.0,000,Queens,DEPARTMENT OF TRANSPORTATION,UNKNOWN,,2025,3,6,3,1,0,50.0,50.0,0.0,0,3,17,8,1,6
15489MN,NY,COM,9194104372,2025-04-09,09:42A,INSP. STICKER-EXPIRED/MISSING,65.0,0.0,0.0,0.0,65.0,0.0,014,Manhattan,TRAFFIC,UNKNOWN,,2025,4,9,2,2,0,65.0,65.0,0.0,1,2,17,1,6,6
93428MG,NY,COM,9194104505,2025-04-09,02:26P,EXPIRED MUNI MTR-COMM MTR ZN,65.0,0.0,0.0,35.0,30.0,0.0,014,Manhattan,TRAFFIC,HEARING HELD-GUILTY REDUCTION,,2025,4,9,2,2,0,65.0,-5.0,0.0,1,2,17,1,6,4
JCF5578,NY,PAS,4939776487,2025-03-11,11:00A,PHTO SCHOOL ZN SPEED VIOLATION,50.0,0.0,0.0,0.0,50.0,0.0,000,Queens,DEPARTMENT OF TRANSPORTATION,UNKNOWN,,2025,3,11,1,1,0,50.0,50.0,0.0,0,3,17,8,1,6
LSW6345,NY,PAS,2023417776,2025-04-15,07:41A,NO PARKING-STREET CLEANING,65.0,0.0,0.0,0.0,65.0,0.0,066,Brooklyn,DEPARTMENT OF SANITATION,UNKNOWN,,2025,4,15,1,2,0,65.0,65.0,0.0,1,1,17,8,0,6
KKX2049,NY,PAS,5701177075,2024-11-13,11:55A,NO STANDING-OFF-STREET LOT,50.0,0.0,0.0,0.0,50.0,0.0,000,UNKNOWN,TRANSIT AUTHORITY,UNKNOWN,,2024,11,13,2,4,0,50.0,50.0,0.0,0,5,17,8,7,6
DTX5212,NY,PAS,2023443003,2025-04-15,09:57A,NO PARKING-STREET CLEANING,65.0,0.0,0.0,0.0,65.0,0.0,001,Manhattan,DEPARTMENT OF SANITATION,UNKNOWN,,2025,4,15,1,2,0,65.0,65.0,0.0,1,2,17,8,0,6
HTW5141,NY,PAS,4966010690,2025-09-24,02:46P,PHTO SCHOOL ZN SPEED VIOLATION,50.0,0.0,0.0,0.0,50.0,0.0,000,Staten Island,DEPARTMENT OF TRANSPORTATION,UNKNOWN,,2025,9,24,2,3,0,50.0,50.0,0.0,0,4,17,8,1,6
KPU9211,NY,PAS,4939198674,2025-03-06,12:47P,PHTO SCHOOL ZN SPEED VIOLATION,50.0,0.0,0.0,0.0,50.0,0.0,000,Staten Island,DEPARTMENT OF TRANSPORTATION,UNKNOWN,,2025,3,6,3,1,0,50.0,50.0,0.0,0,4,17,8,1,6
E73UYE,NJ,PAS,4939198571,2025-03-06,12:46P,PHTO SCHOOL ZN SPEED VIOLATION,50.0,0.0,0.0,0.0,50.0,0.0,000,Queens,DEPARTMENT OF TRANSPORTATION,UNKNOWN,,2025,3,6,3,1,0,50.0,50.0,0.0,0,3,16,8,1,6
KVN5686,NY,PAS,4965448649,2025-09-19,06:05P,PHTO SCHOOL ZN SPEED VIOLATION,50.0,0.0,0.0,0.0,50.0,0.0,000,Queens,DEPARTMENT OF TRANSPORTATION,UNKNOWN,,2025,9,19,4,3,0,50.0,50.0,0.0,0,3,17,8,1,6
XMHF33,NJ,PAS,4966010767,2025-09-24,02:47P,PHTO SCHOOL ZN SPEED VIOLATION,50.0,0.0,0.0,0.0,50.0,0.0,000,Brooklyn,DEPARTMENT OF TRANSPORTATION,UNKNOWN,,2025,9,24,2,3,0,50.0,50.0,0.0,0,1,16,8,1,6
KJR6055,NY,PAS,4966010779,2025-09-24,02:47P,PHTO SCHOOL ZN SPEED VIOLATION,50.0,0.0,0.0,0.0,50.0,0.0,000,Queens,DEPARTMENT OF TRANSPORTATION,UNKNOWN,,2025,9,24,2,3,0,50.0,50.0,0.0,0,3,17,8,1,6
KTH8349,NY,PAS,4932520682,2025-01-01,03:21A,PHTO SCHOOL ZN SPEED VIOLATION,50.0,25.0,1.4,0.06,76.34,0.0,000,Queens,DEPARTMENT OF TRANSPORTATION,HEARING HELD-GUILTY,2025-03-27,2025,1,1,2,1,0,76.4,76.28,0.0,0,3,17,8,1,3
KNM8345,NY,PAS,9196194686,2025-05-02,09:29A,NO PARKING-STREET CLEANING,65.0,0.0,0.0,0.0,65.0,0.0,019,Manhattan,TRAFFIC,UNKNOWN,,2025,5,2,4,2,0,65.0,65.0,0.0,1,2,17,8,6,6
LHX9445,NY,PAS,4941175591,2025-03-22,03:47P,PHTO SCHOOL ZN SPEED VIOLATION,50.0,0.0,0.0,0.0,50.0,0.0,000,Brooklyn,DEPARTMENT OF TRANSPORTATION,UNKNOWN,,2025,3,22,5,1,1,50.0,50.0,0.0,0,1,17,8,1,6
KMY5471,NY,PAS,4939199150,2025-03-06,12:55P,PHTO SCHOOL ZN SPEED VIOLATION,50.0,0.0,0.0,0.0,50.0,0.0,000,Queens,DEPARTMENT OF TRANSPORTATION,UNKNOWN,,2025,3,6,3,1,0,50.0,50.0,0.0,0,3,17,8,1,6
70555NE,NY,COM,5701177269,2024-11-13,12:07P,NO STANDING-OFF-STREET LOT,50.0,0.0,0.0,0.0,50.0,0.0,000,UNKNOWN,TRANSIT AUTHORITY,UNKNOWN,,2024,11,13,2,4,0,50.0,50.0,0.0,0,5,17,1,7,6
ENS9720,NY,PAS,5701177385,2024-11-13,12:18P,NO STANDING-OFF-STREET LOT,50.0,0.0,0.0,0.0,50.0,0.0,000,UNKNOWN,TRANSIT AUTHORITY,UNKNOWN,,2024,11,13,2,4,0,50.0,50.0,0.0,0,5,17,8,7,6
97197ML,NY,COM,4939777005,2025-03-11,11:15A,PHTO SCHOOL ZN SPEED VIOLATION,50.0,0.0,0.0,0.0,50.0,0.0,000,Manhattan,DEPARTMENT OF TRANSPORTATION,UNKNOWN,,2025,3,11,1,1,0,50.0,50.0,0.0,0,2,17,1,1,6
DCX3557,NY,PAS,4939776852,2025-03-11,11:11A,PHTO SCHOOL ZN SPEED VIOLATION,50.0,0.0,0.0,0.0,50.0,0.0,000,Manhattan,DEPARTMENT OF TRANSPORTATION,UNKNOWN,,2025,3,11,1,1,0,50.0,50.0,0.0,0,2,17,8,1,6
GLV9220,NY,PAS,9179901013,2025-01-14,01:13P,EXPIRED MUNI METER,35.0,0.0,0.0,0.0,35.0,0.0,106,Queens,TRAFFIC,HEARING HELD-GUILTY,,2025,1,14,1,1,0,35.0,35.0,0.0,0,3,17,8,6,3
CWE6172,NY,PAS,4939777170,2025-03-11,11:17A,PHTO SCHOOL ZN SPEED VIOLATION,50.0,0.0,0.0,0.0,50.0,0.0,000,Queens,DEPARTMENT OF TRANSPORTATION,UNKNOWN,,2025,3,11,1,1,0,50.0,50.0,0.0,0,3,17,8,1,6
KEV8617,NY,PAS,4939199198,2025-03-06,12:57P,PHTO SCHOOL ZN SPEED VIOLATION,50.0,0.0,0.0,0.0,50.0,0.0,000,Queens,DEPARTMENT OF TRANSPORTATION,UNKNOWN,,2025,3,6,3,1,0,50.0,50.0,0.0,0,3,17,8,1,6
JRT8132,NY,PAS,4939199290,2025-03-06,10:11A,PHTO SCHOOL ZN SPEED VIOLATION,50.0,0.0,0.0,0.0,50.0,0.0,000,Brooklyn,DEPARTMENT OF TRANSPORTATION,UNKNOWN,,2025,3,6,3,1,0,50.0,50.0,0.0,0,1,17,8,1,6
Y32PNX,NJ,PAS,2023455340,2025-04-12,12:56A,NO PARKING-STREET CLEANING,65.0,0.0,0.0,0.0,65.0,0.0,007,Manhattan,DEPARTMENT OF SANITATION,UNKNOWN,,2025,4,12,5,2,1,65.0,65.0,0.0,1,2,16,8,0,6
GYF9339,NY,PAS,2023461996,2025-04-10,07:41A,NO PARKING-STREET CLEANING,65.0,0.0,0.0,0.0,65.0,0.0,045,Bronx,DEPARTMENT OF SANITATION,UNKNOWN,,2025,4,10,3,2,0,65.0,65.0,0.0,1,0,17,8,0,6
51449NC,NY,COM,9188791427,2025-03-05,12:52P,DOUBLE PARKING,115.0,0.0,0.0,0.0,115.0,0.0,001,Manhattan,TRAFFIC,HEARING HELD-GUILTY,,2025,3,5,2,1,0,115.0,115.0,0.0,1,2,17,1,6,3
T787964C,NY,OMT,5707327990,2025-11-04,04:10P,MTA CAMERA VIOLATION - DOUBLE PARKING,100.0,0.0,0.0,0.0,100.0,0.0,000,Manhattan,TRANSIT AUTHORITY,UNKNOWN,,2025,11,4,1,4,0,100.0,100.0,0.0,1,2,17,6,7,6
DXN2874,NY,PAS,4938006637,2025-02-23,12:03P,PHTO SCHOOL ZN SPEED VIOLATION,50.0,25.0,0.0,0.0,75.0,0.0,000,Brooklyn,DEPARTMENT OF TRANSPORTATION,UNKNOWN,,2025,2,23,6,1,1,75.0,75.0,0.0,0,1,17,8,1,6
Y208932C,NY,OMT,4965448730,2025-09-19,06:06P,PHTO SCHOOL ZN SPEED VIOLATION,50.0,0.0,0.0,0.0,50.0,0.0,000,Manhattan,DEPARTMENT OF TRANSPORTATION,UNKNOWN,,2025,9,19,4,3,0,50.0,50.0,0.0,0,2,17,6,1,6
KSC6323,NY,PAS,4941176042,2025-03-22,04:24P,PHTO SCHOOL ZN SPEED VIOLATION,50.0,0.0,0.0,0.0,50.0,0.0,000,Queens,DEPARTMENT OF TRANSPORTATION,UNKNOWN,,2025,3,22,5,1,1,50.0,50.0,0.0,0,3,17,8,1,6
XPTL26,NJ,PAS,4939199472,2025-03-06,11:50A,PHTO SCHOOL ZN SPEED VIOLATION,50.0,0.0,0.0,0.0,50.0,0.0,000,Manhattan,DEPARTMENT OF TRANSPORTATION,UNKNOWN,,2025,3,6,3,1,0,50.0,50.0,0.0,0,2,16,8,1,6
KVW4848,NY,PAS,5701177725,2024-11-13,12:34P,NO STANDING-OFF-STREET LOT,50.0,0.0,0.0,0.0,50.0,0.0,000,Queens,TRANSIT AUTHORITY,UNKNOWN,,2024,11,13,2,4,0,50.0,50.0,0.0,0,3,17,8,7,6
T117976C,NY,OMT,5701177944,2024-11-13,12:45P,NO STANDING-OFF-STREET LOT,50.0,0.0,0.0,50.0,0.0,0.0,000,UNKNOWN,TRANSIT AUTHORITY,HEARING HELD-NOT GUILTY,,2024,11,13,2,4,0,50.0,-50.0,0.0,0,5,17,6,7,5
LAV2779,NY,PAS,8888645834,2024-02-20,08:15P,SAFETY ZONE,115.0,60.0,2.25,0.0,177.25,0.0,108,Queens,TRAFFIC,UNKNOWN,2024-06-06,2024,2,20,1,1,0,177.25,177.25,0.0,1,3,17,8,6,6
LAM7736,NY,PAS,5701178110,2024-11-13,12:54P,NO STANDING-OFF-STREET LOT,50.0,0.0,0.0,0.0,50.0,0.0,000,UNKNOWN,TRANSIT AUTHORITY,UNKNOWN,,2024,11,13,2,4,0,50.0,50.0,0.0,0,5,17,8,7,6
JFJ9860,NY,PAS,5701178109,2024-11-13,12:54P,NO STANDING-OFF-STREET LOT,50.0,0.0,0.0,0.0,50.0,0.0,000,UNKNOWN,TRANSIT AUTHORITY,UNKNOWN,,2024,11,13,2,4,0,50.0,50.0,0.0,0,5,17,8,7,6
GFE9363,NY,PAS,4939777546,2025-03-11,11:24A,PHTO SCHOOL ZN SPEED VIOLATION,50.0,0.0,0.0,0.0,50.0,0.0,000,Brooklyn,DEPARTMENT OF TRANSPORTATION,UNKNOWN,,2025,3,11,1,1,0,50.0,50.0,0.0,0,1,17,8,1,6
KJA3447,NY,PAS,2023477750,2025-04-15,09:01A,NO PARKING-STREET CLEANING,65.0,0.0,0.0,0.0,65.0,0.0,066,Brooklyn,DEPARTMENT OF SANITATION,UNKNOWN,,2025,4,15,1,2,0,65.0,65.0,0.0,1,1,17,8,0,6
KJX7479,NY,PAS,4939199812,2025-03-06,12:35P,PHTO SCHOOL ZN SPEED VIOLATION,50.0,0.0,0.0,0.0,50.0,0.0,000,Queens,DEPARTMENT OF TRANSPORTATION,UNKNOWN,,2025,3,6,3,1,0,50.0,50.0,0.0,0,3,17,8,1,6
MMV2718,PA,PAS,2023521178,2025-04-15,11:51A,NO PARKING-STREET CLEANING,65.0,0.0,0.0,0.0,65.0,0.0,030,Manhattan,DEPARTMENT OF SANITATION,UNKNOWN,,2025,4,15,1,2,0,65.0,65.0,0.0,1,2,19,8,0,6
HRZ2881,NY,PAS,4939200243,2025-03-06,12:49P,PHTO SCHOOL ZN SPEED VIOLATION,50.0,0.0,0.0,0.0,50.0,0.0,000,Queens,DEPARTMENT OF TRANSPORTATION,UNKNOWN,,2025,3,6,3,1,0,50.0,50.0,0.0,0,3,17,8,1,6
JCG3263,NY,PAS,4938006728,2025-02-23,12:04P,PHTO SCHOOL ZN SPEED VIOLATION,50.0,25.0,0.0,0.0,75.0,0.0,000,Queens,DEPARTMENT OF TRANSPORTATION,UNKNOWN,,2025,2,23,6,1,1,75.0,75.0,0.0,0,3,17,8,1,6
16BRHT,FL,PAS,2011883519,2023-08-31,12:03P,NO PARKING-STREET CLEANING,65.0,60.0,18.129699999999982,0.0,145.08,0.0,052,Bronx,DEPARTMENT OF SANITATION,HEARING HELD-GUILTY,2024-02-22,2023,8,31,3,3,0,143.12969999999999,145.08,0.0,1,0,6,8,0,3
BL35615,CT,PAS,4939777686,2025-03-11,11:26A,PHTO SCHOOL ZN SPEED VIOLATION,50.0,0.0,0.0,0.0,50.0,0.0,000,Bronx,DEPARTMENT OF TRANSPORTATION,UNKNOWN,,2025,3,11,1,1,0,50.0,50.0,0.0,0,0,5,8,1,6
KXT7521,NY,PAS,4936312915,2025-02-07,11:49A,PHTO SCHOOL ZN SPEED VIOLATION,50.0,25.0,1.92,0.06,76.86,0.0,000,Staten Island,DEPARTMENT OF TRANSPORTATION,UNKNOWN,2025-05-01,2025,2,7,4,1,0,76.92,76.8,0.0,0,4,17,8,1,6
M56EPN,NJ,PAS,4941176364,2025-03-22,04:51P,PHTO SCHOOL ZN SPEED VIOLATION,50.0,0.0,0.0,0.0,50.0,0.0,000,Manhattan,DEPARTMENT OF TRANSPORTATION,UNKNOWN,,2025,3,22,5,1,1,50.0,50.0,0.0,0,2,16,8,1,6
LLL8117,NY,PAS,4939777789,2025-03-11,11:27A,PHTO SCHOOL ZN SPEED VIOLATION,50.0,0.0,0.0,0.0,50.0,0.0,000,Brooklyn,DEPARTMENT OF TRANSPORTATION,HEARING HELD-GUILTY,,2025,3,11,1,1,0,50.0,50.0,0.0,0,1,17,8,1,3
KPH7790,NY,PAS,9049021888,2023-05-04,11:19A,NO PARKING-STREET CLEANING,65.0,0.0,0.0,0.0,65.0,0.0,090,Brooklyn,TRAFFIC,APPEAL AFFIRMED,,2023,5,4,3,2,0,65.0,65.0,0.0,1,1,17,8,6,1
KNS8200,NY,PAS,4939777819,2025-03-11,11:27A,PHTO SCHOOL ZN SPEED VIOLATION,50.0,0.0,0.0,0.0,50.0,0.0,000,Queens,DEPARTMENT OF TRANSPORTATION,UNKNOWN,,2025,3,11,1,1,0,50.0,50.0,0.0,0,3,17,8,1,6
GZX5935,NY,PAS,4939200292,2025-03-06,12:50P,PHTO SCHOOL ZN SPEED VIOLATION,50.0,0.0,0.0,0.0,50.0,0.0,000,Queens,DEPARTMENT OF TRANSPORTATION,UNKNOWN,,2025,3,6,3,1,0,50.0,50.0,0.0,0,3,17,8,1,6
JKV2013,NY,PAS,2023525664,2025-04-11,12:46P,NO PARKING-STREET CLEANING,65.0,0.0,0.0,0.0,65.0,0.0,060,Brooklyn,DEPARTMENT OF SANITATION,UNKNOWN,,2025,4,11,4,2,0,65.0,65.0,0.0,1,1,17,8,0,6
KYA6498,NY,PAS,2023525688,2025-04-11,12:50P,NO PARKING-STREET CLEANING,65.0,0.0,0.0,0.0,65.0,0.0,060,Brooklyn,DEPARTMENT OF SANITATION,UNKNOWN,,2025,4,11,4,2,0,65.0,65.0,0.0,1,1,17,8,0,6
KYP6206,NY,PAS,2023543460,2025-04-11,12:11P,NO PARKING-STREET CLEANING,65.0,0.0,0.0,0.0,65.0,0.0,070,Brooklyn,DEPARTMENT OF SANITATION,UNKNOWN,,2025,4,11,4,2,0,65.0,65.0,0.0,1,1,17,8,0,6
A55KGT,NJ,PAS,4939200450,2025-03-06,12:53P,PHTO SCHOOL ZN SPEED VIOLATION,50.0,25.0,0.0,0.0,75.0,0.0,000,Manhattan,DEPARTMENT OF TRANSPORTATION,UNKNOWN,,2025,3,6,3,1,0,75.0,75.0,0.0,0,2,16,8,1,6
KTN7479,NY,PAS,9188792134,2025-03-08,08:17A,FAIL TO DSPLY MUNI METER RECPT,65.0,30.0,0.0,0.0,95.0,0.0,001,Manhattan,TRAFFIC,UNKNOWN,,2025,3,8,5,1,1,95.0,95.0,0.0,1,2,17,8,6,6
32062NB,NY,COM,9188791968,2025-03-07,11:55A,NO STANDING-BUS STOP,115.0,0.0,0.0,0.0,115.0,0.0,001,Manhattan,TRAFFIC,HEARING HELD-GUILTY,,2025,3,7,4,1,0,115.0,115.0,0.0,1,2,17,1,6,3
9HWS195,CA,PAS,4966010810,2025-09-24,02:48P,PHTO SCHOOL ZN SPEED VIOLATION,50.0,0.0,0.0,0.0,50.0,0.0,000,Queens,DEPARTMENT OF TRANSPORTATION,UNKNOWN,,2025,9,24,2,3,0,50.0,50.0,0.0,0,3,3,8,1,6
S1448280,GA,PAS,9043101011,2023-03-27,UNKNOWN,UNKNOWN,59.94399185336049,4.760692464358452,1.0263034623217924,1.8407230142566193,63.7833401221996,0.10692464358452139,,UNKNOWN,UNKNOWN,UNKNOWN,,2023,3,27,0,1,0,65.73098778004073,61.94261710794298,0.0016267006962124057,1,5,7,8,8,6
603509T,NJ,PAS,9043101072,2023-03-27,UNKNOWN,UNKNOWN,59.94399185336049,4.760692464358452,1.0263034623217924,1.8407230142566193,63.7833401221996,0.10692464358452139,,UNKNOWN,UNKNOWN,UNKNOWN,,2023,3,27,0,1,0,65.73098778004073,61.94261710794298,0.0016267006962124057,1,5,16,8,8,6
LDX2527,NY,PAS,9194106289,2025-03-24,11:40A,NO PARKING-STREET CLEANING,65.0,10.0,0.0,10.0,65.0,0.0,023,Manhattan,TRAFFIC,UNKNOWN,,2025,3,24,0,1,0,75.0,55.0,0.0,1,2,17,8,6,6
LLU8254,NY,PAS,4941176728,2025-03-22,05:15P,PHTO SCHOOL ZN SPEED VIOLATION,50.0,0.0,0.0,0.0,50.0,0.0,000,Brooklyn,DEPARTMENT OF TRANSPORTATION,UNKNOWN,,2025,3,22,5,1,1,50.0,50.0,0.0,0,1,17,8,1,6
BEASTOO,NY,SRF,5701178675,2024-11-13,01:48P,NO STANDING-OFF-STREET LOT,50.0,0.0,0.0,0.0,50.0,0.0,000,UNKNOWN,TRANSIT AUTHORITY,UNKNOWN,,2024,11,13,2,4,0,50.0,50.0,0.0,0,5,17,11,7,6
LNA9389,NY,PAS,5701178730,2024-11-13,01:54P,NO STANDING-OFF-STREET LOT,100.0,0.0,0.0,0.0,100.0,0.0,000,UNKNOWN,TRANSIT AUTHORITY,UNKNOWN,,2024,11,13,2,4,0,100.0,100.0,0.0,1,5,17,8,7,6
DSF8266,NY,PAS,5701178821,2024-11-13,02:00P,NO STANDING-OFF-STREET LOT,50.0,0.0,0.0,0.0,50.0,0.0,000,Queens,TRANSIT AUTHORITY,UNKNOWN,,2024,11,13,2,4,0,50.0,50.0,0.0,0,3,17,8,7,6
LAV6904,NY,PAS,5701178742,2024-11-13,01:55P,NO STANDING-OFF-STREET LOT,50.0,0.0,0.0,0.0,50.0,0.0,000,UNKNOWN,TRANSIT AUTHORITY,UNKNOWN,,2024,11,13,2,4,0,50.0,50.0,0.0,0,5,17,8,7,6
LRR9338,NY,PAS,4939200474,2025-03-06,12:53P,PHTO SCHOOL ZN SPEED VIOLATION,50.0,0.0,0.0,0.0,50.0,0.0,000,Brooklyn,DEPARTMENT OF TRANSPORTATION,UNKNOWN,,2025,3,6,3,1,0,50.0,50.0,0.0,0,1,17,8,1,6
T765682C,NY,OMT,5701178833,2024-11-13,02:01P,NO STANDING-OFF-STREET LOT,50.0,0.0,0.0,0.0,50.0,0.0,000,Queens,TRANSIT AUTHORITY,UNKNOWN,,2024,11,13,2,4,0,50.0,50.0,0.0,0,3,17,6,7,6
LLW6227,NY,PAS,4939778058,2025-03-11,11:31A,PHTO SCHOOL ZN SPEED VIOLATION,50.0,0.0,0.0,0.0,50.0,0.0,000,Queens,DEPARTMENT OF TRANSPORTATION,UNKNOWN,,2025,3,11,1,1,0,50.0,50.0,0.0,0,3,17,8,1,6
MTB1759,PA,PAS,4939200607,2025-03-06,12:55P,PHTO SCHOOL ZN SPEED VIOLATION,50.0,0.0,0.0,0.0,50.0,0.0,000,Queens,DEPARTMENT OF TRANSPORTATION,UNKNOWN,,2025,3,6,3,1,0,50.0,50.0,0.0,0,3,19,8,1,6
LHZ3404,NY,PAS,2023545365,2025-04-15,08:11A,NO PARKING-STREET CLEANING,65.0,0.0,0.0,0.0,65.0,0.0,047,Bronx,DEPARTMENT OF SANITATION,UNKNOWN,,2025,4,15,1,2,0,65.0,65.0,0.0,1,0,17,8,0,6
KDJ5758,NY,PAS,2023553040,2025-04-10,12:08P,NO PARKING-STREET CLEANING,65.0,0.0,0.0,0.0,65.0,0.0,020,Manhattan,DEPARTMENT OF SANITATION,UNKNOWN,,2025,4,10,3,2,0,65.0,65.0,0.0,1,2,17,8,0,6
GXR5993,NY,PAS,2023553131,2025-04-11,09:24A,NO PARKING-STREET CLEANING,65.0,0.0,0.0,0.0,65.0,0.0,020,Manhattan,DEPARTMENT OF SANITATION,UNKNOWN,,2025,4,11,4,2,0,65.0,65.0,0.0,1,2,17,8,0,6
KWG2144,NY,PAS,4939200449,2025-03-06,12:53P,PHTO SCHOOL ZN SPEED VIOLATION,50.0,0.0,0.0,0.0,50.0,0.0,000,Staten Island,DEPARTMENT OF TRANSPORTATION,UNKNOWN,,2025,3,6,3,1,0,50.0,50.0,0.0,0,4,17,8,1,6
GYT8207,NY,PAS,2023553246,2025-04-11,12:20P,NO PARKING-STREET CLEANING,65.0,0.0,0.0,0.0,65.0,0.0,020,Manhattan,DEPARTMENT OF SANITATION,UNKNOWN,,2025,4,11,4,2,0,65.0,65.0,0.0,1,2,17,8,0,6
HGZ4303,NY,PAS,4939778230,2025-03-11,11:33A,PHTO SCHOOL ZN SPEED VIOLATION,50.0,0.0,0.0,0.0,50.0,0.0,000,Bronx,DEPARTMENT OF TRANSPORTATION,UNKNOWN,,2025,3,11,1,1,0,50.0,50.0,0.0,0,0,17,8,1,6
HTZ3628,NY,PAS,4939200840,2025-03-06,12:57P,PHTO SCHOOL ZN SPEED VIOLATION,50.0,0.0,0.0,0.0,50.0,0.0,000,Brooklyn,DEPARTMENT OF TRANSPORTATION,UNKNOWN,,2025,3,6,3,1,0,50.0,50.0,0.0,0,1,17,8,1,6
JPR2277,NY,PAS,4966010846,2025-09-24,02:48P,PHTO SCHOOL ZN SPEED VIOLATION,50.0,0.0,0.0,0.0,50.0,0.0,000,Bronx,DEPARTMENT OF TRANSPORTATION,UNKNOWN,,2025,9,24,2,3,0,50.0,50.0,0.0,0,0,17,8,1,6
L88SSW,NJ,PAS,4965841438,2025-09-23,04:43P,PHTO SCHOOL ZN SPEED VIOLATION,50.0,25.0,0.0,0.0,75.0,0.0,000,Manhattan,DEPARTMENT OF TRANSPORTATION,UNKNOWN,,2025,9,23,1,3,0,75.0,75.0,0.0,0,2,16,8,1,6
T104441C,NY,OMT,4937746996,2025-02-20,03:34P,PHTO SCHOOL ZN SPEED VIOLATION,50.0,25.0,1.73,0.13,76.6,0.0,000,Brooklyn,DEPARTMENT OF TRANSPORTATION,UNKNOWN,2025-05-22,2025,2,20,3,1,0,76.73,76.47,0.0,0,1,17,6,1,6
LDR2329,NY,PAS,4941176868,2025-03-22,05:27P,PHTO SCHOOL ZN SPEED VIOLATION,50.0,0.0,0.0,0.0,50.0,0.0,000,Bronx,DEPARTMENT OF TRANSPORTATION,UNKNOWN,,2025,3,22,5,1,1,50.0,50.0,0.0,0,0,17,8,1,6
JPF4075,NY,PAS,8571788881,2024-11-14,04:53P,DOUBLE PARKING,115.0,0.0,0.0,0.0,115.0,0.0,068,Brooklyn,TRAFFIC,UNKNOWN,,2024,11,14,3,4,0,115.0,115.0,0.0,1,1,17,8,6,6
GXT2665,NY,PAS,8571788820,2024-11-14,03:02P,FIRE HYDRANT,115.0,0.0,0.0,0.0,115.0,0.0,067,Brooklyn,TRAFFIC,UNKNOWN,,2024,11,14,3,4,0,115.0,115.0,0.0,1,1,17,8,6,6
HZD7205,NY,PAS,8571788730,2024-11-13,06:16P,FAIL TO DSPLY MUNI METER RECPT,35.0,0.0,0.0,35.0,0.0,0.0,067,Brooklyn,TRAFFIC,HEARING HELD-NOT GUILTY,,2024,11,13,2,4,0,35.0,-35.0,0.0,0,1,17,8,6,5
JMANN69,NY,SRF,5701179229,2024-11-13,02:28P,NO STANDING-OFF-STREET LOT,50.0,0.0,0.0,0.0,50.0,0.0,000,UNKNOWN,TRANSIT AUTHORITY,UNKNOWN,,2024,11,13,2,4,0,50.0,50.0,0.0,0,5,17,11,7,6
LEE7045,NY,PAS,5701179280,2024-11-13,02:32P,NO STANDING-OFF-STREET LOT,50.0,0.0,0.0,0.0,50.0,0.0,000,Brooklyn,TRANSIT AUTHORITY,HEARING HELD-GUILTY,,2024,11,13,2,4,0,50.0,50.0,0.0,0,1,17,8,7,3
OL4404K,NJ,PAS,5701179175,2024-11-13,02:22P,NO STANDING-OFF-STREET LOT,50.0,0.0,0.0,0.0,50.0,0.0,000,Brooklyn,TRANSIT AUTHORITY,UNKNOWN,,2024,11,13,2,4,0,50.0,50.0,0.0,0,1,16,8,7,6
35910MM,NY,COM,9194106873,2025-03-26,08:26A,NO STANDING-BUS STOP,115.0,0.0,0.0,0.0,115.0,0.0,024,Manhattan,TRAFFIC,UNKNOWN,,2025,3,26,2,1,0,115.0,115.0,0.0,1,2,17,1,6,6
KNX9674,NY,PAS,4782896633,2022-06-09,02:42P,PHTO SCHOOL ZN SPEED VIOLATION,50.0,25.0,17.21,0.0,92.21,0.0,000,Brooklyn,DEPARTMENT OF TRANSPORTATION,UNKNOWN,2022-09-08,2022,6,9,3,2,0,92.21000000000001,92.21,0.0,0,1,17,8,1,6
HUH4140,NY,PAS,4782986816,2022-06-15,11:21A,PHTO SCHOOL ZN SPEED VIOLATION,50.0,25.0,17.09,0.02,92.07,0.0,000,Brooklyn,DEPARTMENT OF TRANSPORTATION,UNKNOWN,2022-09-08,2022,6,15,2,2,0,92.09,92.05,0.0,0,1,17,8,1,6
HUH4140,NY,PAS,4783944647,2022-06-22,12:41P,PHTO SCHOOL ZN SPEED VIOLATION,50.0,25.0,16.96,0.02,91.94,0.0,000,Brooklyn,DEPARTMENT OF TRANSPORTATION,UNKNOWN,2022-09-15,2022,6,22,2,2,0,91.96000000000001,91.92,0.0,0,1,17,8,1,6
LTF2796,NY,PAS,9194107117,2025-03-27,08:17A,NO PARKING-STREET CLEANING,65.0,0.0,0.0,0.0,65.0,0.0,024,Manhattan,TRAFFIC,UNKNOWN,,2025,3,27,3,1,0,65.0,65.0,0.0,1,2,17,8,6,6
AX9234,NY,PSD,4939200875,2025-03-06,12:58P,PHTO SCHOOL ZN SPEED VIOLATION,50.0,0.0,0.0,0.0,50.0,0.0,000,Manhattan,DEPARTMENT OF TRANSPORTATION,UNKNOWN,,2025,3,6,3,1,0,50.0,50.0,0.0,0,2,17,9,1,6
JBR9166,NY,PAS,4939200930,2025-03-06,12:58P,PHTO SCHOOL ZN SPEED VIOLATION,50.0,0.0,0.0,0.0,50.0,0.0,000,Brooklyn,DEPARTMENT OF TRANSPORTATION,HEARING HELD-GUILTY,,2025,3,6,3,1,0,50.0,50.0,0.0,0,1,17,8,1,3
JDR6405,NY,PAS,4939200929,2025-03-06,12:58P,PHTO SCHOOL ZN SPEED VIOLATION,50.0,0.0,0.0,0.0,50.0,0.0,000,Queens,DEPARTMENT OF TRANSPORTATION,UNKNOWN,,2025,3,6,3,1,0,50.0,50.0,0.0,0,3,17,8,1,6
LPG1270,NY,PAS,4939200838,2025-03-06,12:57P,PHTO SCHOOL ZN SPEED VIOLATION,50.0,0.0,0.0,0.0,50.0,0.0,000,Brooklyn,DEPARTMENT OF TRANSPORTATION,UNKNOWN,,2025,3,6,3,1,0,50.0,50.0,0.0,0,1,17,8,1,6
LCD3162,NY,PAS,4939201156,2025-03-06,01:00P,PHTO SCHOOL ZN SPEED VIOLATION,50.0,0.0,0.0,0.0,50.0,0.0,000,Brooklyn,DEPARTMENT OF TRANSPORTATION,UNKNOWN,,2025,3,6,3,1,0,50.0,50.0,0.0,0,1,17,8,1,6
KNH5102,NY,PAS,8571788807,2024-11-14,02:50P,NO STOPPING-DAY/TIME LIMITS,115.0,0.0,0.0,0.0,115.0,0.0,067,Brooklyn,TRAFFIC,UNKNOWN,,2024,11,14,3,4,0,115.0,115.0,0.0,1,1,17,8,6,6
LFP3274,NY,OMS,8571789241,2024-11-16,12:53P,FAIL TO DSPLY MUNI METER RECPT,35.0,0.0,0.0,0.0,35.0,0.0,067,Brooklyn,TRAFFIC,UNKNOWN,,2024,11,16,5,4,1,35.0,35.0,0.0,0,1,17,5,6,6
LND1386,NY,PAS,8571789009,2024-11-15,08:06P,FAIL TO DSPLY MUNI METER RECPT,35.0,0.0,0.0,0.0,35.0,0.0,072,Brooklyn,TRAFFIC,UNKNOWN,,2024,11,15,4,4,0,35.0,35.0,0.0,0,1,17,8,6,6
414286,NY,PAS,5701179862,2024-11-13,03:07P,NO STANDING-OFF-STREET LOT,50.0,0.0,0.0,0.0,50.0,0.0,000,Queens,TRANSIT AUTHORITY,UNKNOWN,,2024,11,13,2,4,0,50.0,50.0,0.0,0,3,17,8,7,6
32202LV,NY,OML,5701179655,2024-11-13,02:55P,NO STANDING-OFF-STREET LOT,50.0,0.0,0.0,0.0,50.0,0.0,000,UNKNOWN,TRANSIT AUTHORITY,HEARING HELD-GUILTY,,2024,11,13,2,4,0,50.0,50.0,0.0,0,5,17,4,7,3
53579NC,NY,COM,5701179527,2024-11-13,02:46P,NO STANDING-OFF-STREET LOT,150.0,0.0,0.0,0.0,201.25599999999994,0.0,000,Manhattan,TRANSIT AUTHORITY,UNKNOWN,,2024,11,13,2,4,0,150.0,201.25599999999994,0.0,1,2,17,1,7,6
T119555C,NY,OMT,9196194765,2025-05-06,01:17P,FAIL TO DSPLY MUNI METER RECPT,65.0,0.0,0.0,0.0,65.0,0.0,019,Manhattan,TRAFFIC,UNKNOWN,,2025,5,6,1,2,0,65.0,65.0,0.0,1,2,17,6,6,6
2QNC18,MI,PAS,4939201260,2025-03-06,01:01P,PHTO SCHOOL ZN SPEED VIOLATION,50.0,0.0,0.0,0.0,50.0,0.0,000,Manhattan,DEPARTMENT OF TRANSPORTATION,UNKNOWN,,2025,3,6,3,1,0,50.0,50.0,0.0,0,2,13,8,1,6
HYH9832,NY,PAS,4965448868,2025-09-19,06:11P,PHTO SCHOOL ZN SPEED VIOLATION,50.0,0.0,0.0,0.0,50.0,0.0,000,Bronx,DEPARTMENT OF TRANSPORTATION,UNKNOWN,,2025,9,19,4,3,0,50.0,50.0,0.0,0,0,17,8,1,6
LTY8693,NY,PAS,4941176960,2025-03-22,05:28P,PHTO SCHOOL ZN SPEED VIOLATION,50.0,0.0,0.0,0.0,50.0,0.0,000,Bronx,DEPARTMENT OF TRANSPORTATION,UNKNOWN,,2025,3,22,5,1,1,50.0,50.0,0.0,0,0,17,8,1,6
L90SBC,NJ,PAS,4939201168,2025-03-06,01:00P,PHTO SCHOOL ZN SPEED VIOLATION,50.0,25.0,0.0,0.0,75.0,0.0,000,Bronx,DEPARTMENT OF TRANSPORTATION,UNKNOWN,,2025,3,6,3,1,0,75.0,75.0,0.0,0,0,16,8,1,6
87AGJY,FL,PAS,4784069288,2022-06-20,09:49A,PHTO SCHOOL ZN SPEED VIOLATION,50.0,25.0,13.89,0.07,88.82,0.0,000,Queens,DEPARTMENT OF TRANSPORTATION,UNKNOWN,2022-09-15,2022,6,20,0,2,0,88.89,88.75,0.0,0,3,6,8,1,6
KVN2026,NY,PAS,4784398569,2022-06-24,07:48P,PHTO SCHOOL ZN SPEED VIOLATION,50.0,25.0,16.81,0.0,91.81,0.0,000,Queens,DEPARTMENT OF TRANSPORTATION,UNKNOWN,2022-09-15,2022,6,24,4,2,0,91.81,91.81,0.0,0,3,17,8,1,6
HAA3408,NY,PAS,4939778678,2025-03-11,11:39A,PHTO SCHOOL ZN SPEED VIOLATION,50.0,0.0,0.0,0.0,50.0,0.0,000,Queens,DEPARTMENT OF TRANSPORTATION,UNKNOWN,,2025,3,11,1,1,0,50.0,50.0,0.0,0,3,17,8,1,6
GRB8691,NY,PAS,4939201363,2025-03-06,01:01P,PHTO SCHOOL ZN SPEED VIOLATION,50.0,0.0,0.0,0.0,50.0,0.0,000,Queens,DEPARTMENT OF TRANSPORTATION,UNKNOWN,,2025,3,6,3,1,0,50.0,50.0,0.0,0,3,17,8,1,6
KEM4402,NY,PAS,4939201247,2025-03-06,01:01P,PHTO SCHOOL ZN SPEED VIOLATION,50.0,0.0,0.0,0.0,50.0,0.0,000,Queens,DEPARTMENT OF TRANSPORTATION,UNKNOWN,,2025,3,6,3,1,0,50.0,50.0,0.0,0,3,17,8,1,6
KEM4402,NY,PAS,4939201387,2025-03-06,01:01P,PHTO SCHOOL ZN SPEED VIOLATION,50.0,0.0,0.0,0.0,50.0,0.0,000,Queens,DEPARTMENT OF TRANSPORTATION,UNKNOWN,,2025,3,6,3,1,0,50.0,50.0,0.0,0,3,17,8,1,6
FJP9965,NY,PAS,4939201673,2025-03-06,01:04P,PHTO SCHOOL ZN SPEED VIOLATION,50.0,0.0,0.0,0.0,50.0,0.0,000,Bronx,DEPARTMENT OF TRANSPORTATION,UNKNOWN,,2025,3,6,3,1,0,50.0,50.0,0.0,0,0,17,8,1,6
KEK9815,NY,PAS,4939201510,2025-03-06,01:02P,PHTO SCHOOL ZN SPEED VIOLATION,50.0,0.0,0.0,0.0,50.0,0.0,000,Queens,DEPARTMENT OF TRANSPORTATION,UNKNOWN,,2025,3,6,3,1,0,50.0,50.0,0.0,0,3,17,8,1,6
K126591,TX,PAS,5701180207,2024-11-13,03:27P,NO STANDING-OFF-STREET LOT,100.0,0.0,0.0,0.0,100.0,0.0,000,Queens,TRANSIT AUTHORITY,UNKNOWN,,2024,11,13,2,4,0,100.0,100.0,0.0,1,3,23,8,7,6
GWT8040,NY,PAS,5701180190,2024-11-13,03:27P,NO STANDING-OFF-STREET LOT,50.0,0.0,0.0,0.0,50.0,0.0,000,Staten Island,TRANSIT AUTHORITY,UNKNOWN,,2024,11,13,2,4,0,50.0,50.0,0.0,0,4,17,8,7,6
LJE1289,NY,PAS,5701179874,2024-11-13,03:07P,NO STANDING-OFF-STREET LOT,150.0,0.0,0.0,0.0,150.0,0.0,000,UNKNOWN,TRANSIT AUTHORITY,UNKNOWN,,2024,11,13,2,4,0,150.0,150.0,0.0,1,5,17,8,7,6
LKJ5254,NY,PAS,9196194868,2025-05-06,02:28P,FAIL TO DSPLY MUNI METER RECPT,65.0,0.0,0.0,0.0,65.0,0.0,019,Manhattan,TRAFFIC,UNKNOWN,,2025,5,6,1,2,0,65.0,65.0,0.0,1,2,17,8,6,6
KMU7414,NY,PAS,2023553350,2025-04-11,12:46P,NO PARKING-STREET CLEANING,65.0,0.0,0.0,0.0,65.0,0.0,024,Manhattan,DEPARTMENT OF SANITATION,UNKNOWN,,2025,4,11,4,2,0,65.0,65.0,0.0,1,2,17,8,0,6
CXD6467,NY,PAS,2023553532,2025-04-15,11:58A,NO PARKING-STREET CLEANING,65.0,0.0,0.0,0.0,65.0,0.0,020,Manhattan,DEPARTMENT OF SANITATION,UNKNOWN,,2025,4,15,1,2,0,65.0,65.0,0.0,1,2,17,8,0,6
LLV8738,NY,PAS,2023559870,2025-04-15,10:21A,NO PARKING-STREET CLEANING,65.0,0.0,0.0,0.0,65.0,0.0,062,Brooklyn,DEPARTMENT OF SANITATION,UNKNOWN,,2025,4,15,1,2,0,65.0,65.0,0.0,1,1,17,8,0,6
HPD4107,NY,PAS,4939201557,2025-03-06,01:03P,PHTO SCHOOL ZN SPEED VIOLATION,50.0,0.0,0.0,0.0,50.0,0.0,000,Queens,DEPARTMENT OF TRANSPORTATION,UNKNOWN,,2025,3,6,3,1,0,50.0,50.0,0.0,0,3,17,8,1,6
LSH7089,NY,PAS,4939201569,2025-03-06,01:03P,PHTO SCHOOL ZN SPEED VIOLATION,50.0,0.0,0.0,0.0,50.0,0.0,000,Bronx,DEPARTMENT OF TRANSPORTATION,UNKNOWN,,2025,3,6,3,1,0,50.0,50.0,0.0,0,0,17,8,1,6
KFV7129,NY,PAS,4939201697,2025-03-06,01:04P,PHTO SCHOOL ZN SPEED VIOLATION,50.0,0.0,0.0,0.0,50.0,0.0,000,Queens,DEPARTMENT OF TRANSPORTATION,UNKNOWN,,2025,3,6,3,1,0,50.0,50.0,0.0,0,3,17,8,1,6
S1596498,GA,PAS,2011883817,2023-09-21,UNKNOWN,UNKNOWN,59.94399185336049,4.760692464358452,1.0263034623217924,1.8407230142566193,63.7833401221996,0.10692464358452139,,UNKNOWN,UNKNOWN,UNKNOWN,,2023,9,21,3,3,0,65.73098778004073,61.94261710794298,0.0016267006962124057,1,5,7,8,8,6
LVP5827,NY,OMS,5707328180,2025-11-04,04:15P,MTA CAMERA VIOLATION - DOUBLE PARKING,50.0,0.0,0.0,0.0,50.0,0.0,000,Brooklyn,TRANSIT AUTHORITY,UNKNOWN,,2025,11,4,1,4,0,50.0,50.0,0.0,0,1,17,5,7,6
F38WGC,NJ,PAS,5707328191,2025-11-04,04:15P,MTA CAMERA VIOLATION - DOUBLE PARKING,50.0,0.0,0.0,0.0,50.0,0.0,000,Manhattan,TRANSIT AUTHORITY,UNKNOWN,,2025,11,4,1,4,0,50.0,50.0,0.0,0,2,16,8,7,6
P42VZG,NJ,PAS,5707328269,2025-11-04,04:17P,MTA CAMERA VIOLATION - DOUBLE PARKING,50.0,0.0,0.0,0.0,50.0,0.0,000,UNKNOWN,TRANSIT AUTHORITY,UNKNOWN,,2025,11,4,1,4,0,50.0,50.0,0.0,0,5,16,8,7,6
T140801C,NY,OMT,8571789344,2024-11-18,10:07A,FIRE HYDRANT,115.0,0.0,0.0,0.0,115.0,0.0,061,Brooklyn,TRAFFIC,UNKNOWN,,2024,11,18,0,4,0,115.0,115.0,0.0,1,1,17,6,6,6
JLT5038,NY,PAS,5701179916,2024-11-13,03:10P,NO STANDING-OFF-STREET LOT,50.0,0.0,0.0,0.0,50.0,0.0,000,UNKNOWN,TRANSIT AUTHORITY,UNKNOWN,,2024,11,13,2,4,0,50.0,50.0,0.0,0,5,17,8,7,6
J20RHW,NJ,PAS,5701180049,2024-11-13,03:17P,NO STANDING-OFF-STREET LOT,50.0,0.0,0.0,0.0,50.0,0.0,000,Queens,TRANSIT AUTHORITY,UNKNOWN,,2024,11,13,2,4,0,50.0,50.0,0.0,0,3,16,8,7,6
EJLD05,CO,PAS,8571789769,2024-11-19,06:30P,NO STANDING-BUS STOP,115.0,0.0,0.0,0.0,115.0,0.0,072,Brooklyn,TRAFFIC,UNKNOWN,,2024,11,19,1,4,0,115.0,115.0,0.0,1,1,4,8,6,6
KTT6028,NY,PAS,5701180517,2024-11-13,03:44P,NO STANDING-OFF-STREET LOT,50.0,0.0,0.0,0.0,50.0,0.0,000,UNKNOWN,TRANSIT AUTHORITY,UNKNOWN,,2024,11,13,2,4,0,50.0,50.0,0.0,0,5,17,8,7,6
JLD1360,NY,PAS,5701180384,2024-11-13,03:37P,NO STANDING-OFF-STREET LOT,50.0,0.0,0.0,0.0,50.0,0.0,000,Staten Island,TRANSIT AUTHORITY,UNKNOWN,,2024,11,13,2,4,0,50.0,50.0,0.0,0,4,17,8,7,6
HVU3328,NY,PAS,4965841712,2025-09-23,04:49P,PHTO SCHOOL ZN SPEED VIOLATION,50.0,25.0,0.0,25.0,50.0,0.0,000,Brooklyn,DEPARTMENT OF TRANSPORTATION,UNKNOWN,,2025,9,23,1,3,0,75.0,25.0,0.0,0,1,17,8,1,6
KKF1193,NY,PAS,4966011000,2025-09-24,02:51P,PHTO SCHOOL ZN SPEED VIOLATION,50.0,0.0,0.0,0.0,50.0,0.0,000,Brooklyn,DEPARTMENT OF TRANSPORTATION,UNKNOWN,,2025,9,24,2,3,0,50.0,50.0,0.0,0,1,17,8,1,6
KLV6202,NY,PAS,9196194947,2025-05-06,04:38P,INSP. STICKER-EXPIRED/MISSING,65.0,0.0,0.0,0.0,65.0,0.0,019,Manhattan,TRAFFIC,UNKNOWN,,2025,5,6,1,2,0,65.0,65.0,0.0,1,2,17,8,6,6
CCS8686,NY,PAS,4939779439,2025-03-11,11:55A,PHTO SCHOOL ZN SPEED VIOLATION,50.0,0.0,0.0,0.0,50.0,0.0,000,Queens,DEPARTMENT OF TRANSPORTATION,UNKNOWN,,2025,3,11,1,1,0,50.0,50.0,0.0,0,3,17,8,1,6
K80URH,NJ,PAS,4941177411,2025-03-22,05:57P,PHTO SCHOOL ZN SPEED VIOLATION,50.0,0.0,0.0,0.0,50.0,0.0,000,Queens,DEPARTMENT OF TRANSPORTATION,UNKNOWN,,2025,3,22,5,1,1,50.0,50.0,0.0,0,3,16,8,1,6
C230778,CT,COM,2023569199,2025-04-15,01:15A,NO PARKING-STREET CLEANING,65.0,0.0,0.0,0.0,65.0,0.0,094,Brooklyn,DEPARTMENT OF SANITATION,UNKNOWN,,2025,4,15,1,2,0,65.0,65.0,0.0,1,1,5,1,0,6
GUU8871,NY,PAS,2023590334,2025-04-15,11:41A,NO PARKING-STREET CLEANING,65.0,0.0,0.0,0.0,65.0,0.0,068,Brooklyn,DEPARTMENT OF SANITATION,UNKNOWN,,2025,4,15,1,2,0,65.0,65.0,0.0,1,1,17,8,0,6
KRA1693,NY,PAS,4939202033,2025-03-06,01:06P,PHTO SCHOOL ZN SPEED VIOLATION,50.0,0.0,0.0,0.0,50.0,0.0,000,Manhattan,DEPARTMENT OF TRANSPORTATION,UNKNOWN,,2025,3,6,3,1,0,50.0,50.0,0.0,0,2,17,8,1,6
HLF3673,NY,PAS,4965841839,2025-09-23,04:53P,PHTO SCHOOL ZN SPEED VIOLATION,50.0,25.0,0.0,0.0,75.0,0.0,000,Staten Island,DEPARTMENT OF TRANSPORTATION,UNKNOWN,,2025,9,23,1,3,0,75.0,75.0,0.0,0,4,17,8,1,6
JNV3996,NY,PAS,8571433835,2022-07-21,03:44P,FIRE HYDRANT,115.0,0.0,0.0,0.0,115.0,0.0,072,Brooklyn,TRAFFIC,HEARING HELD-GUILTY,,2022,7,21,3,3,0,115.0,115.0,0.0,1,1,17,8,6,3
K113947,TX,PAS,5701180694,2024-11-13,03:57P,NO STANDING-OFF-STREET LOT,50.0,0.0,0.0,0.0,50.0,0.0,000,Queens,TRANSIT AUTHORITY,UNKNOWN,,2024,11,13,2,4,0,50.0,50.0,0.0,0,3,23,8,7,6
KPT3507,NY,PAS,5701180554,2024-11-13,03:46P,NO STANDING-OFF-STREET LOT,50.0,0.0,0.0,0.0,50.0,0.0,000,UNKNOWN,TRANSIT AUTHORITY,UNKNOWN,,2024,11,13,2,4,0,50.0,50.0,0.0,0,5,17,8,7,6
C71UXT,NJ,PAS,5701180700,2024-11-13,03:57P,NO STANDING-OFF-STREET LOT,100.0,0.0,0.0,0.0,100.0,0.0,000,UNKNOWN,TRANSIT AUTHORITY,UNKNOWN,,2024,11,13,2,4,0,100.0,100.0,0.0,1,5,16,8,7,6
LHB6442,NY,PAS,5701180657,2024-11-13,03:54P,NO STANDING-OFF-STREET LOT,100.0,0.0,0.0,0.0,100.0,0.0,000,UNKNOWN,TRANSIT AUTHORITY,UNKNOWN,,2024,11,13,2,4,0,100.0,100.0,0.0,1,5,17,8,7,6
LLX1040,NY,PAS,5701180724,2024-11-13,03:58P,NO STANDING-OFF-STREET LOT,50.0,0.0,0.0,0.0,50.0,0.0,000,UNKNOWN,TRANSIT AUTHORITY,UNKNOWN,,2024,11,13,2,4,0,50.0,50.0,0.0,0,5,17,8,7,6
G78UHP,NJ,PAS,5701180591,2024-11-13,03:49P,NO STANDING-OFF-STREET LOT,50.0,0.0,0.0,0.0,50.0,0.0,000,UNKNOWN,TRANSIT AUTHORITY,UNKNOWN,,2024,11,13,2,4,0,50.0,50.0,0.0,0,5,16,8,7,6
LBF7984,NY,PAS,4939202318,2025-03-06,01:09P,PHTO SCHOOL ZN SPEED VIOLATION,50.0,0.0,0.0,0.0,50.0,0.0,000,Manhattan,DEPARTMENT OF TRANSPORTATION,UNKNOWN,,2025,3,6,3,1,0,50.0,50.0,0.0,0,2,17,8,1,6
MKD9682,PA,PAS,4965449423,2025-09-19,06:31P,PHTO SCHOOL ZN SPEED VIOLATION,50.0,25.0,0.0,0.0,75.0,0.0,000,Queens,DEPARTMENT OF TRANSPORTATION,UNKNOWN,,2025,9,19,4,3,0,75.0,75.0,0.0,0,3,19,8,1,6
LHZ4623,NY,PAS,9196196105,2025-04-10,01:39P,FAIL TO DSPLY MUNI METER RECPT,35.0,0.0,0.0,0.0,35.0,0.0,023,Manhattan,TRAFFIC,HEARING HELD-GUILTY,,2025,4,10,3,2,0,35.0,35.0,0.0,0,2,17,8,6,3
HMP6484,NY,PAS,4965449435,2025-09-19,06:31P,PHTO SCHOOL ZN SPEED VIOLATION,50.0,0.0,0.0,0.0,50.0,0.0,000,Bronx,DEPARTMENT OF TRANSPORTATION,UNKNOWN,,2025,9,19,4,3,0,50.0,50.0,0.0,0,0,17,8,1,6
J76ADA,NJ,PAS,4941177745,2025-03-22,07:10P,PHTO SCHOOL ZN SPEED VIOLATION,50.0,0.0,0.0,0.0,50.0,0.0,000,Brooklyn,DEPARTMENT OF TRANSPORTATION,HEARING HELD-GUILTY,,2025,3,22,5,1,1,50.0,50.0,0.0,0,1,16,8,1,3
USAYYDS,NY,SRF,4941177782,2025-03-22,07:19P,PHTO SCHOOL ZN SPEED VIOLATION,50.0,0.0,0.0,0.0,50.0,0.0,000,Staten Island,DEPARTMENT OF TRANSPORTATION,UNKNOWN,,2025,3,22,5,1,1,50.0,50.0,0.0,0,4,17,11,1,6
767MML,NY,ORG,4939779816,2025-03-11,12:02P,PHTO SCHOOL ZN SPEED VIOLATION,50.0,0.0,0.0,0.0,50.0,0.0,000,Bronx,DEPARTMENT OF TRANSPORTATION,UNKNOWN,,2025,3,11,1,1,0,50.0,50.0,0.0,0,0,17,7,1,6
KLW3640,NY,PAS,2023596440,2025-04-15,09:13A,NO PARKING-STREET CLEANING,65.0,0.0,0.0,0.0,65.0,0.0,109,Queens,DEPARTMENT OF SANITATION,UNKNOWN,,2025,4,15,1,2,0,65.0,65.0,0.0,1,3,17,8,0,6
45125MD,NY,COM,2023599763,2025-04-15,09:11A,NO PARKING-STREET CLEANING,65.0,0.0,0.0,25.0,40.0,0.0,066,Brooklyn,DEPARTMENT OF SANITATION,HEARING HELD-GUILTY REDUCTION,,2025,4,15,1,2,0,65.0,15.0,0.0,1,1,17,1,0,4
JDR8052,NY,PAS,4941177915,2025-03-22,07:44P,PHTO SCHOOL ZN SPEED VIOLATION,50.0,0.0,0.0,0.0,50.0,0.0,000,Staten Island,DEPARTMENT OF TRANSPORTATION,UNKNOWN,,2025,3,22,5,1,1,50.0,50.0,0.0,0,4,17,8,1,6
S1615458,GA,PAS,2011883830,2023-09-21,UNKNOWN,UNKNOWN,59.94399185336049,4.760692464358452,1.0263034623217924,1.8407230142566193,63.7833401221996,0.10692464358452139,,UNKNOWN,UNKNOWN,UNKNOWN,,2023,9,21,3,3,0,65.73098778004073,61.94261710794298,0.0016267006962124057,1,5,7,8,8,6
TLF3256,VA,PAS,1498526081,2025-04-21,01:53P,NO STANDING-EXC. TRUCK LOADING,95.0,0.0,0.0,0.0,95.0,0.0,078,UNKNOWN,POLICE DEPARTMENT,UNKNOWN,,2025,4,21,0,2,0,95.0,95.0,0.0,1,5,24,8,5,6
73234NE,NY,COM,9188792857,2025-03-17,12:58P,NO PARKING-DAY/TIME LIMITS,65.0,10.0,0.0,55.09999999999991,0.0,0.0,009,Manhattan,TRAFFIC,HEARING HELD-NOT GUILTY,,2025,3,17,0,1,0,75.0,-55.09999999999991,0.0,1,2,17,1,6,5
LBV3077,NC,PAS,5701180918,2024-11-13,04:14P,NO STANDING-OFF-STREET LOT,50.0,0.0,0.0,0.0,50.0,0.0,000,UNKNOWN,TRANSIT AUTHORITY,UNKNOWN,,2024,11,13,2,4,0,50.0,50.0,0.0,0,5,14,8,7,6
KHM8580,NY,PAS,5701181017,2024-11-13,04:19P,NO STANDING-OFF-STREET LOT,50.0,0.0,0.0,0.0,50.0,0.0,000,UNKNOWN,TRANSIT AUTHORITY,UNKNOWN,,2024,11,13,2,4,0,50.0,50.0,0.0,0,5,17,8,7,6
HAC7475,NY,PAS,1498525891,2025-03-24,08:20A,NO STANDING-EXC. AUTH. VEHICLE,95.0,10.0,0.0,0.0,105.0,0.0,078,Brooklyn,POLICE DEPARTMENT,UNKNOWN,,2025,3,24,0,1,0,105.0,105.0,0.0,1,1,17,8,5,6
LKN5983,NY,PAS,4965842248,2025-09-23,05:06P,PHTO SCHOOL ZN SPEED VIOLATION,50.0,25.0,0.0,0.0,75.0,0.0,000,Queens,DEPARTMENT OF TRANSPORTATION,UNKNOWN,,2025,9,23,1,3,0,75.0,75.0,0.0,0,3,17,8,1,6
JKV1997,NY,PAS,4936317100,2025-02-07,03:14P,PHTO SCHOOL ZN SPEED VIOLATION,50.0,25.0,1.88,0.02,76.86,0.0,000,Brooklyn,DEPARTMENT OF TRANSPORTATION,HEARING HELD-GUILTY,2025-05-01,2025,2,7,4,1,0,76.88,76.84,0.0,0,1,17,8,1,3
AY41862,CT,PAS,4941178180,2025-03-22,09:02P,PHTO SCHOOL ZN SPEED VIOLATION,50.0,0.0,0.0,0.0,50.0,0.0,000,Manhattan,DEPARTMENT OF TRANSPORTATION,UNKNOWN,,2025,3,22,5,1,1,50.0,50.0,0.0,0,2,5,8,1,6
3TGM96,MA,PAS,4941177952,2025-03-22,07:48P,PHTO SCHOOL ZN SPEED VIOLATION,50.0,0.0,0.0,0.0,50.0,0.0,000,Queens,DEPARTMENT OF TRANSPORTATION,UNKNOWN,,2025,3,22,5,1,1,50.0,50.0,0.0,0,3,10,8,1,6
2962553,IN,PAS,9049099919,2023-05-15,08:58A,PLTFRM LFTS LWRD POS COMM VEH,65.0,0.0,0.0,55.09999999999991,0.0,0.0,006,Manhattan,TRAFFIC,HEARING HELD-NOT GUILTY,,2023,5,15,0,2,0,65.0,-55.09999999999991,0.0,1,2,9,8,6,5
LAG6939,NY,PAS,4939780326,2025-03-11,12:11P,PHTO SCHOOL ZN SPEED VIOLATION,50.0,0.0,0.0,0.0,50.0,0.0,000,Brooklyn,DEPARTMENT OF TRANSPORTATION,UNKNOWN,,2025,3,11,1,1,0,50.0,50.0,0.0,0,1,17,8,1,6
HRE6183,NY,PAS,4939780144,2025-03-11,12:07P,PHTO SCHOOL ZN SPEED VIOLATION,50.0,0.0,0.0,0.0,50.0,0.0,000,Queens,DEPARTMENT OF TRANSPORTATION,UNKNOWN,,2025,3,11,1,1,0,50.0,50.0,0.0,0,3,17,8,1,6
MVJ4853,PA,PAS,2023606408,2025-04-10,08:11A,NO STANDING-BUS STOP,115.0,0.0,0.0,0.0,115.0,0.0,061,Brooklyn,DEPARTMENT OF SANITATION,UNKNOWN,,2025,4,10,3,2,0,115.0,115.0,0.0,1,1,19,8,0,6
9337HU,SC,PAS,4938009833,2025-02-23,01:00P,PHTO SCHOOL ZN SPEED VIOLATION,50.0,25.0,0.0,0.0,75.0,0.0,000,Bronx,DEPARTMENT OF TRANSPORTATION,UNKNOWN,,2025,2,23,6,1,1,75.0,75.0,0.0,0,0,21,8,1,6
LPJ7637,NY,PAS,4938009894,2025-02-23,01:02P,PHTO SCHOOL ZN SPEED VIOLATION,50.0,25.0,0.0,0.0,75.0,0.0,000,Brooklyn,DEPARTMENT OF TRANSPORTATION,HEARING HELD-GUILTY,,2025,2,23,6,1,1,75.0,75.0,0.0,0,1,17,8,1,3
TXA5825,VA,PAS,1490127215,2023-11-17,08:17A,CROSSWALK,115.0,10.0,0.0,0.0,125.0,0.0,071,UNKNOWN,POLICE DEPARTMENT,UNKNOWN,,2023,11,17,4,4,0,125.0,125.0,0.0,1,5,24,8,5,6
LCG9470,NY,PAS,1498526251,2025-02-22,09:09P,FIRE HYDRANT,115.0,30.0,0.0,0.0,145.0,0.0,078,Brooklyn,POLICE DEPARTMENT,UNKNOWN,,2025,2,22,5,1,1,145.0,145.0,0.0,1,1,17,8,5,6
XMVV80,NJ,PAS,9188793229,2025-03-19,10:49A,EXPIRED MUNI MTR-COMM MTR ZN,65.0,0.0,0.0,0.0,65.0,0.0,001,Manhattan,TRAFFIC,HEARING HELD-GUILTY,,2025,3,19,2,1,0,65.0,65.0,0.0,1,2,16,8,6,3
LVT7693,NY,PAS,5707328350,2025-11-04,04:21P,MTA CAMERA VIOLATION - DOUBLE PARKING,150.0,0.0,0.0,0.0,150.0,0.0,000,UNKNOWN,TRANSIT AUTHORITY,UNKNOWN,,2025,11,4,1,4,0,150.0,150.0,0.0,1,5,17,8,7,6
KHA2730,NY,PAS,2023608077,2025-04-15,08:15A,NO PARKING-STREET CLEANING,65.0,0.0,0.0,0.0,65.0,0.0,078,Brooklyn,DEPARTMENT OF SANITATION,UNKNOWN,,2025,4,15,1,2,0,65.0,65.0,0.0,1,1,17,8,0,6
Y93UAJ,NJ,PAS,2023620946,2025-04-11,11:30A,NO PARKING-STREET CLEANING,65.0,0.0,0.0,0.0,65.0,0.0,026,Manhattan,DEPARTMENT OF SANITATION,UNKNOWN,,2025,4,11,4,2,0,65.0,65.0,0.0,1,2,16,8,0,6
LSA8015,NY,PAS,4938010732,2025-02-23,12:38P,PHTO SCHOOL ZN SPEED VIOLATION,50.0,0.0,0.0,0.0,50.0,0.0,000,Brooklyn,DEPARTMENT OF TRANSPORTATION,UNKNOWN,,2025,2,23,6,1,1,50.0,50.0,0.0,0,1,17,8,1,6
W70PBS,NJ,PAS,9196196154,2025-04-10,02:08P,FAIL TO DSPLY MUNI METER RECPT,35.0,0.0,0.0,0.0,35.0,0.0,028,Manhattan,TRAFFIC,UNKNOWN,,2025,4,10,3,2,0,35.0,35.0,0.0,0,2,16,8,6,6
GTX4977,NY,PAS,4965449575,2025-09-19,06:40P,PHTO SCHOOL ZN SPEED VIOLATION,50.0,0.0,0.0,0.0,50.0,0.0,000,Queens,DEPARTMENT OF TRANSPORTATION,UNKNOWN,,2025,9,19,4,3,0,50.0,50.0,0.0,0,3,17,8,1,6
T769283C,NY,OMT,5701181080,2024-11-13,04:22P,NO STANDING-OFF-STREET LOT,50.0,0.0,0.0,0.0,50.0,0.0,000,UNKNOWN,TRANSIT AUTHORITY,HEARING HELD-GUILTY,,2024,11,13,2,4,0,50.0,50.0,0.0,0,5,17,6,7,3
KTV8648,NY,PAS,5701181285,2024-11-13,04:36P,NO STANDING-OFF-STREET LOT,50.0,0.0,0.0,0.0,50.0,0.0,000,Queens,TRANSIT AUTHORITY,HEARING HELD-GUILTY,,2024,11,13,2,4,0,50.0,50.0,0.0,0,3,17,8,7,3
JKX4174,NY,PAS,5701181649,2024-11-13,05:03P,NO STANDING-OFF-STREET LOT,50.0,0.0,0.0,0.0,50.0,0.0,000,Queens,TRANSIT AUTHORITY,UNKNOWN,,2024,11,13,2,4,0,50.0,50.0,0.0,0,3,17,8,7,6
LFM0676,PA,PAS,5701181595,2024-11-13,04:59P,NO STANDING-OFF-STREET LOT,50.0,0.0,0.0,0.0,50.0,0.0,000,UNKNOWN,TRANSIT AUTHORITY,UNKNOWN,,2024,11,13,2,4,0,50.0,50.0,0.0,0,5,19,8,7,6
B31UMG,NJ,PAS,4941178294,2025-03-22,09:42P,PHTO SCHOOL ZN SPEED VIOLATION,50.0,0.0,0.0,0.0,50.0,0.0,000,Queens,DEPARTMENT OF TRANSPORTATION,UNKNOWN,,2025,3,22,5,1,1,50.0,50.0,0.0,0,3,16,8,1,6
G70VXF,NJ,PAS,4965449642,2025-09-19,06:43P,PHTO SCHOOL ZN SPEED VIOLATION,50.0,0.0,0.0,0.0,50.0,0.0,000,Queens,DEPARTMENT OF TRANSPORTATION,UNKNOWN,,2025,9,19,4,3,0,50.0,50.0,0.0,0,3,16,8,1,6
GDU6432,NY,PAS,4965449721,2025-09-19,06:46P,PHTO SCHOOL ZN SPEED VIOLATION,50.0,0.0,0.0,0.0,50.0,0.0,000,Queens,DEPARTMENT OF TRANSPORTATION,UNKNOWN,,2025,9,19,4,3,0,50.0,50.0,0.0,0,3,17,8,1,6
TEXCA,NY,SRF,5707328427,2025-11-04,04:24P,MTA CAMERA VIOLATION - DOUBLE PARKING,50.0,0.0,0.0,0.0,50.0,0.0,000,UNKNOWN,TRANSIT AUTHORITY,UNKNOWN,,2025,11,4,1,4,0,50.0,50.0,0.0,0,5,17,11,7,6
KSB9735,NY,PAS,9196196919,2025-04-12,08:16A,NO PARKING-STREET CLEANING,65.0,0.0,0.0,0.0,65.0,0.0,028,Manhattan,TRAFFIC,UNKNOWN,,2025,4,12,5,2,1,65.0,65.0,0.0,1,2,17,8,6,6
MTE2175,PA,PAS,4941178830,2025-03-22,11:57P,PHTO SCHOOL ZN SPEED VIOLATION,50.0,0.0,0.0,0.0,50.0,0.0,000,Queens,DEPARTMENT OF TRANSPORTATION,UNKNOWN,,2025,3,22,5,1,1,50.0,50.0,0.0,0,3,19,8,1,6
JAD4329,NY,PAS,4965449903,2025-09-19,06:51P,PHTO SCHOOL ZN SPEED VIOLATION,50.0,0.0,0.0,0.0,50.0,0.0,000,Brooklyn,DEPARTMENT OF TRANSPORTATION,UNKNOWN,,2025,9,19,4,3,0,50.0,50.0,0.0,0,1,17,8,1,6
4KYX73,MA,PAS,4939780995,2025-03-11,12:22P,PHTO SCHOOL ZN SPEED VIOLATION,50.0,0.0,0.0,0.0,50.0,0.0,000,Bronx,DEPARTMENT OF TRANSPORTATION,UNKNOWN,,2025,3,11,1,1,0,50.0,50.0,0.0,0,0,10,8,1,6
LPX3555,NY,PAS,5701181560,2024-11-13,04:58P,NO STANDING-OFF-STREET LOT,50.0,0.0,0.0,0.0,50.0,0.0,000,Brooklyn,TRANSIT AUTHORITY,UNKNOWN,,2024,11,13,2,4,0,50.0,50.0,0.0,0,1,17,8,7,6
LED8364,NY,PAS,5701181716,2024-11-13,05:12P,NO STANDING-OFF-STREET LOT,50.0,0.0,0.0,0.0,50.0,0.0,000,Staten Island,TRANSIT AUTHORITY,UNKNOWN,,2024,11,13,2,4,0,50.0,50.0,0.0,0,4,17,8,7,6
CF8348,FL,PAS,5701182034,2024-11-13,05:51P,NO STANDING-OFF-STREET LOT,50.0,0.0,0.0,0.0,50.0,0.0,000,UNKNOWN,TRANSIT AUTHORITY,UNKNOWN,,2024,11,13,2,4,0,50.0,50.0,0.0,0,5,6,8,7,6
EG77699,IL,PAS,5701181900,2024-11-13,05:37P,NO STANDING-OFF-STREET LOT,50.0,0.0,0.0,0.0,50.0,0.0,000,Staten Island,TRANSIT AUTHORITY,UNKNOWN,,2024,11,13,2,4,0,50.0,50.0,0.0,0,4,8,8,7,6
KPF6837,NY,PAS,5802388596,2025-01-15,09:39P,EXPIRED METER-COMM METER ZONE,100.0,0.0,0.0,0.0,100.0,0.0,000,UNKNOWN,TRANSIT AUTHORITY,UNKNOWN,,2025,1,15,2,1,0,100.0,100.0,0.0,1,5,17,8,7,6
LEK2401,NY,PAS,4939780818,2025-03-11,12:19P,PHTO SCHOOL ZN SPEED VIOLATION,50.0,0.0,0.0,0.0,50.0,0.0,000,Queens,DEPARTMENT OF TRANSPORTATION,UNKNOWN,,2025,3,11,1,1,0,50.0,50.0,0.0,0,3,17,8,1,6
FDW1764,NY,PAS,4939203530,2025-03-06,01:19P,PHTO SCHOOL ZN SPEED VIOLATION,50.0,0.0,0.0,0.0,50.0,0.0,000,Brooklyn,DEPARTMENT OF TRANSPORTATION,UNKNOWN,,2025,3,6,3,1,0,50.0,50.0,0.0,0,1,17,8,1,6
LTC2623,NY,PAS,4939781124,2025-03-11,12:24P,PHTO SCHOOL ZN SPEED VIOLATION,50.0,0.0,0.0,0.0,50.0,0.0,000,Queens,DEPARTMENT OF TRANSPORTATION,UNKNOWN,,2025,3,11,1,1,0,50.0,50.0,0.0,0,3,17,8,1,6
LPM4502,PA,PAS,2023625130,2025-04-11,07:35A,DOUBLE PARKING,115.0,0.0,0.0,0.0,115.0,0.0,044,Bronx,DEPARTMENT OF SANITATION,UNKNOWN,,2025,4,11,4,2,0,115.0,115.0,0.0,1,0,19,8,0,6
KVV1380,NY,PAS,2023639530,2025-04-15,01:17A,NO PARKING-STREET CLEANING,65.0,0.0,0.0,0.0,65.0,0.0,072,Brooklyn,DEPARTMENT OF SANITATION,UNKNOWN,,2025,4,15,1,2,0,65.0,65.0,0.0,1,1,17,8,0,6
BHJ4587,TX,PAS,1490128207,2023-07-25,12:56P,OBSTRUCTING DRIVEWAY,95.0,10.0,0.0,0.0,0.0,0.10692464358452139,071,Brooklyn,POLICE DEPARTMENT,UNKNOWN,,2023,7,25,1,3,0,105.0,0.0,0.0010183299389002038,1,1,23,8,5,6
LSS9857,NY,PAS,5707328464,2025-11-04,04:26P,MTA CAMERA VIOLATION - DOUBLE PARKING,50.0,0.0,0.0,0.0,50.0,0.0,000,Brooklyn,TRANSIT AUTHORITY,UNKNOWN,,2025,11,4,1,4,0,50.0,50.0,0.0,0,1,17,8,7,6
HJV1758,NY,PAS,1494950571,2024-05-23,07:55P,PEDESTRIAN RAMP,150.0,60.0,3.67,0.02,201.25599999999994,0.0,052,Bronx,POLICE DEPARTMENT,UNKNOWN,2024-09-12,2024,5,23,3,2,0,213.67,201.23599999999993,0.0,1,0,17,8,5,6
LKM7649,NY,PAS,4965450036,2025-09-19,06:57P,PHTO SCHOOL ZN SPEED VIOLATION,50.0,0.0,0.0,0.0,50.0,0.0,000,Manhattan,DEPARTMENT OF TRANSPORTATION,UNKNOWN,,2025,9,19,4,3,0,50.0,50.0,0.0,0,2,17,8,1,6
KMY4866,NY,PAS,4938011682,2025-02-23,01:10P,PHTO SCHOOL ZN SPEED VIOLATION,50.0,25.0,0.0,0.0,75.0,0.0,000,Bronx,DEPARTMENT OF TRANSPORTATION,UNKNOWN,,2025,2,23,6,1,1,75.0,75.0,0.0,0,0,17,8,1,6
KLT9743,NY,PAS,1499030551,2025-06-20,04:36A,FIRE HYDRANT,115.0,0.0,0.0,0.0,115.0,0.0,072,UNKNOWN,POLICE DEPARTMENT,UNKNOWN,,2025,6,20,4,2,0,115.0,115.0,0.0,1,5,17,8,5,6
KPX2398,NY,PAS,4941179195,2025-03-23,12:06A,PHTO SCHOOL ZN SPEED VIOLATION,50.0,0.0,0.0,0.0,50.0,0.0,000,Brooklyn,DEPARTMENT OF TRANSPORTATION,UNKNOWN,,2025,3,23,6,1,1,50.0,50.0,0.0,0,1,17,8,1,6
KVW2911,NY,PAS,4965450061,2025-09-19,06:58P,PHTO SCHOOL ZN SPEED VIOLATION,50.0,0.0,0.0,0.0,50.0,0.0,000,Brooklyn,DEPARTMENT OF TRANSPORTATION,UNKNOWN,,2025,9,19,4,3,0,50.0,50.0,0.0,0,1,17,8,1,6
KHV2752,NY,PAS,5701181972,2024-11-13,05:47P,NO STANDING-OFF-STREET LOT,50.0,0.0,0.0,0.0,50.0,0.0,000,Queens,TRANSIT AUTHORITY,UNKNOWN,,2024,11,13,2,4,0,50.0,50.0,0.0,0,3,17,8,7,6
KYL6354,NY,PAS,5701182101,2024-11-13,06:06P,NO STANDING-OFF-STREET LOT,50.0,0.0,0.0,0.0,50.0,0.0,000,UNKNOWN,TRANSIT AUTHORITY,HEARING HELD-GUILTY,,2024,11,13,2,4,0,50.0,50.0,0.0,0,5,17,8,7,3
T772786C,NY,OMT,5701182381,2024-11-13,06:36P,NO STANDING-OFF-STREET LOT,50.0,0.0,0.0,0.0,50.0,0.0,000,Queens,TRANSIT AUTHORITY,UNKNOWN,,2024,11,13,2,4,0,50.0,50.0,0.0,0,3,17,6,7,6
JRT6459,NY,PAS,4939781409,2025-03-11,12:29P,PHTO SCHOOL ZN SPEED VIOLATION,50.0,0.0,0.0,0.0,50.0,0.0,000,Queens,DEPARTMENT OF TRANSPORTATION,UNKNOWN,,2025,3,11,1,1,0,50.0,50.0,0.0,0,3,17,8,1,6
LCJ1865,NY,PAS,4939781630,2025-03-11,12:33P,PHTO SCHOOL ZN SPEED VIOLATION,50.0,0.0,0.0,0.0,50.0,0.0,000,Brooklyn,DEPARTMENT OF TRANSPORTATION,UNKNOWN,,2025,3,11,1,1,0,50.0,50.0,0.0,0,1,17,8,1,6
R19GXN,NJ,PAS,4939781653,2025-03-11,12:33P,PHTO SCHOOL ZN SPEED VIOLATION,50.0,0.0,0.0,0.0,50.0,0.0,000,Staten Island,DEPARTMENT OF TRANSPORTATION,UNKNOWN,,2025,3,11,1,1,0,50.0,50.0,0.0,0,4,16,8,1,6
LKA7065,NY,PAS,4939203852,2025-03-06,01:22P,PHTO SCHOOL ZN SPEED VIOLATION,50.0,0.0,0.0,0.0,50.0,0.0,000,Queens,DEPARTMENT OF TRANSPORTATION,UNKNOWN,,2025,3,6,3,1,0,50.0,50.0,0.0,0,3,17,8,1,6
JANAZAH3,NY,SRF,4939781367,2025-03-11,12:27P,PHTO SCHOOL ZN SPEED VIOLATION,50.0,0.0,0.0,0.0,50.0,0.0,000,Staten Island,DEPARTMENT OF TRANSPORTATION,UNKNOWN,,2025,3,11,1,1,0,50.0,50.0,0.0,0,4,17,11,1,6
KRZ3340,NY,PAS,4939203840,2025-03-06,01:22P,PHTO SCHOOL ZN SPEED VIOLATION,50.0,0.0,0.0,0.0,50.0,0.0,000,Staten Island,DEPARTMENT OF TRANSPORTATION,UNKNOWN,,2025,3,6,3,1,0,50.0,50.0,0.0,0,4,17,8,1,6
KRS5711,NY,PAS,4939203712,2025-03-06,01:20P,PHTO SCHOOL ZN SPEED VIOLATION,50.0,0.0,0.0,0.0,50.0,0.0,000,Queens,DEPARTMENT OF TRANSPORTATION,UNKNOWN,,2025,3,6,3,1,0,50.0,50.0,0.0,0,3,17,8,1,6
HCC7789,NY,PAS,4939781525,2025-03-11,12:31P,PHTO SCHOOL ZN SPEED VIOLATION,50.0,0.0,0.0,0.0,50.0,0.0,000,Brooklyn,DEPARTMENT OF TRANSPORTATION,UNKNOWN,,2025,3,11,1,1,0,50.0,50.0,0.0,0,1,17,8,1,6
JKD3577,NY,PAS,2023643429,2025-04-11,07:47A,NO PARKING-STREET CLEANING,65.0,0.0,0.0,0.0,65.0,0.0,062,Brooklyn,DEPARTMENT OF SANITATION,UNKNOWN,,2025,4,11,4,2,0,65.0,65.0,0.0,1,1,17,8,0,6
CY6688,NY,SRF,2023643727,2025-04-15,11:52A,NO PARKING-STREET CLEANING,65.0,0.0,0.0,0.0,65.0,0.0,062,Brooklyn,DEPARTMENT OF SANITATION,UNKNOWN,,2025,4,15,1,2,0,65.0,65.0,0.0,1,1,17,11,0,6
GBT8610,NY,PAS,4939204133,2025-03-06,01:25P,PHTO SCHOOL ZN SPEED VIOLATION,50.0,0.0,0.0,0.0,50.0,0.0,000,Queens,DEPARTMENT OF TRANSPORTATION,UNKNOWN,,2025,3,6,3,1,0,50.0,50.0,0.0,0,3,17,8,1,6
JPU3466,NY,PAS,4938012030,2025-02-23,01:16P,PHTO SCHOOL ZN SPEED VIOLATION,50.0,25.0,0.0,0.0,75.0,0.0,000,Brooklyn,DEPARTMENT OF TRANSPORTATION,UNKNOWN,,2025,2,23,6,1,1,75.0,75.0,0.0,0,1,17,8,1,6
F59MUP,NJ,PAS,4965842900,2025-09-23,05:24P,PHTO SCHOOL ZN SPEED VIOLATION,50.0,25.0,0.0,0.0,75.0,0.0,000,Manhattan,DEPARTMENT OF TRANSPORTATION,UNKNOWN,,2025,9,23,1,3,0,75.0,75.0,0.0,0,2,16,8,1,6
KSB9735,NY,PAS,9196196920,2025-04-12,08:17A,FRONT OR BACK PLATE MISSING,65.0,0.0,0.0,0.0,65.0,0.0,028,Manhattan,TRAFFIC,UNKNOWN,,2025,4,12,5,2,1,65.0,65.0,0.0,1,2,17,8,6,6
GVV5360,NY,PAS,4965450103,2025-09-19,07:00P,PHTO SCHOOL ZN SPEED VIOLATION,50.0,0.0,0.0,0.0,50.0,0.0,000,Staten Island,DEPARTMENT OF TRANSPORTATION,UNKNOWN,,2025,9,19,4,3,0,50.0,50.0,0.0,0,4,17,8,1,6
GRE1813,NY,PAS,4966011292,2025-09-24,02:54P,PHTO SCHOOL ZN SPEED VIOLATION,50.0,0.0,0.0,0.0,50.0,0.0,000,Manhattan,DEPARTMENT OF TRANSPORTATION,UNKNOWN,,2025,9,24,2,3,0,50.0,50.0,0.0,0,2,17,8,1,6
LZF2554,NY,PAS,4965450140,2025-09-19,07:01P,PHTO SCHOOL ZN SPEED VIOLATION,50.0,0.0,0.0,0.0,50.0,0.0,000,Brooklyn,DEPARTMENT OF TRANSPORTATION,UNKNOWN,,2025,9,19,4,3,0,50.0,50.0,0.0,0,1,17,8,1,6
LHX1896,NY,PAS,4936318450,2025-02-07,04:27P,PHTO SCHOOL ZN SPEED VIOLATION,50.0,25.0,1.86,0.13,76.73,0.0,000,Brooklyn,DEPARTMENT OF TRANSPORTATION,UNKNOWN,2025-05-01,2025,2,7,4,1,0,76.86,76.60000000000001,0.0,0,1,17,8,1,6
14272ML,NY,COM,8657848053,2018-11-13,02:03P,REG. STICKER-EXPIRED/MISSING,65.0,60.0,18.129699999999982,0.31,189.4,0.0,110,Queens,TRAFFIC,UNKNOWN,2019-02-28,2018,11,13,1,4,0,143.12969999999999,189.09,0.0,1,3,17,1,6,6
JLU8417,NY,PAS,5701182794,2024-11-13,07:50P,NO STANDING-OFF-STREET LOT,50.0,0.0,0.0,0.0,50.0,0.0,000,Brooklyn,TRANSIT AUTHORITY,HEARING HELD-GUILTY,,2024,11,13,2,4,0,50.0,50.0,0.0,0,1,17,8,7,3
19864NB,NY,COM,5701182502,2024-11-13,06:47P,NO STANDING-OFF-STREET LOT,50.0,0.0,0.0,0.0,50.0,0.0,000,UNKNOWN,TRANSIT AUTHORITY,UNKNOWN,,2024,11,13,2,4,0,50.0,50.0,0.0,0,5,17,1,7,6
LEK5648,NY,PAS,2023669224,2025-04-12,07:44A,NO PARKING-STREET CLEANING,65.0,0.0,0.0,0.0,65.0,0.0,043,Bronx,DEPARTMENT OF SANITATION,UNKNOWN,,2025,4,12,5,2,1,65.0,65.0,0.0,1,0,17,8,0,6
LBD4284,NY,PAS,4941179626,2025-03-23,12:20A,PHTO SCHOOL ZN SPEED VIOLATION,50.0,0.0,0.0,0.0,50.0,0.0,000,Queens,DEPARTMENT OF TRANSPORTATION,UNKNOWN,,2025,3,23,6,1,1,50.0,50.0,0.0,0,3,17,8,1,6
GASNAI,NY,OMT,4941179274,2025-03-23,12:09A,PHTO SCHOOL ZN SPEED VIOLATION,50.0,0.0,0.0,0.0,50.0,0.0,000,Brooklyn,DEPARTMENT OF TRANSPORTATION,UNKNOWN,,2025,3,23,6,1,1,50.0,50.0,0.0,0,1,17,6,1,6
HLZ4506,NY,PAS,4939204170,2025-03-06,01:25P,PHTO SCHOOL ZN SPEED VIOLATION,50.0,0.0,0.0,0.0,50.0,0.0,000,Bronx,DEPARTMENT OF TRANSPORTATION,UNKNOWN,,2025,3,6,3,1,0,50.0,50.0,0.0,0,0,17,8,1,6
22590,MA,PAS,4939204108,2025-03-06,01:24P,PHTO SCHOOL ZN SPEED VIOLATION,50.0,0.0,0.0,0.0,50.0,0.0,000,Brooklyn,DEPARTMENT OF TRANSPORTATION,UNKNOWN,,2025,3,6,3,1,0,50.0,50.0,0.0,0,1,10,8,1,6
KVT3106,NY,PAS,4939204443,2025-03-06,01:28P,PHTO SCHOOL ZN SPEED VIOLATION,50.0,0.0,0.0,0.0,50.0,0.0,000,Bronx,DEPARTMENT OF TRANSPORTATION,UNKNOWN,,2025,3,6,3,1,0,50.0,50.0,0.0,0,0,17,8,1,6
DASTDAAD,NY,SRF,4939204625,2025-03-06,01:29P,PHTO SCHOOL ZN SPEED VIOLATION,50.0,0.0,0.0,0.0,50.0,0.0,000,Queens,DEPARTMENT OF TRANSPORTATION,UNKNOWN,,2025,3,6,3,1,0,50.0,50.0,0.0,0,3,17,11,1,6
Y207725C,NY,OMT,4965450310,2025-09-19,07:15P,PHTO SCHOOL ZN SPEED VIOLATION,50.0,0.0,0.0,0.0,50.0,0.0,000,Brooklyn,DEPARTMENT OF TRANSPORTATION,UNKNOWN,,2025,9,19,4,3,0,50.0,50.0,0.0,0,1,17,6,1,6
L71RSZ,NJ,PAS,5701183154,2024-11-13,08:56P,NO STANDING-OFF-STREET LOT,50.0,0.0,0.0,0.0,50.0,0.0,000,Manhattan,TRANSIT AUTHORITY,UNKNOWN,,2024,11,13,2,4,0,50.0,50.0,0.0,0,2,16,8,7,6
LDJ2770,NY,PAS,4936319351,2025-02-07,05:25P,PHTO SCHOOL ZN SPEED VIOLATION,50.0,25.0,1.9,0.04,76.86,0.0,000,Queens,DEPARTMENT OF TRANSPORTATION,UNKNOWN,2025-05-01,2025,2,7,4,1,0,76.9,76.82,0.0,0,3,17,8,1,6
PWEP87,FL,PAS,4941179845,2025-03-23,12:26A,PHTO SCHOOL ZN SPEED VIOLATION,50.0,0.0,0.0,0.0,50.0,0.0,000,Manhattan,DEPARTMENT OF TRANSPORTATION,UNKNOWN,,2025,3,23,6,1,1,50.0,50.0,0.0,0,2,6,8,1,6
LSX8968,NY,PAS,4938013022,2025-02-23,01:30P,PHTO SCHOOL ZN SPEED VIOLATION,50.0,25.0,0.0,0.0,75.0,0.0,000,Brooklyn,DEPARTMENT OF TRANSPORTATION,UNKNOWN,,2025,2,23,6,1,1,75.0,75.0,0.0,0,1,17,8,1,6
LAN6106,NY,PAS,5703580961,2025-03-23,04:53P,NO STANDING-OFF-STREET LOT,150.0,0.0,0.0,0.0,150.0,0.0,000,Manhattan,TRANSIT AUTHORITY,UNKNOWN,,2025,3,23,6,1,1,150.0,150.0,0.0,1,2,17,8,7,6
JLB4660,PA,PAS,4939782463,2025-03-11,12:46P,PHTO SCHOOL ZN SPEED VIOLATION,50.0,0.0,0.0,0.0,50.0,0.0,000,Bronx,DEPARTMENT OF TRANSPORTATION,UNKNOWN,,2025,3,11,1,1,0,50.0,50.0,0.0,0,0,19,8,1,6
2208269,IN,PAS,9049138202,2023-05-13,10:57A,DOUBLE PARKING-MIDTOWN COMML,115.0,0.0,0.0,55.09999999999991,0.0,0.0,018,Manhattan,TRAFFIC,HEARING HELD-NOT GUILTY,,2023,5,13,5,2,1,115.0,-55.09999999999991,0.0,1,2,9,8,6,5
MCP7685,PA,PAS,4939782402,2025-03-11,12:45P,PHTO SCHOOL ZN SPEED VIOLATION,50.0,0.0,0.0,0.0,50.0,0.0,000,Queens,DEPARTMENT OF TRANSPORTATION,UNKNOWN,,2025,3,11,1,1,0,50.0,50.0,0.0,0,3,19,8,1,6
KHS2687,NY,PAS,4939204431,2025-03-06,01:28P,PHTO SCHOOL ZN SPEED VIOLATION,50.0,0.0,0.0,0.0,50.0,0.0,000,Staten Island,DEPARTMENT OF TRANSPORTATION,UNKNOWN,,2025,3,6,3,1,0,50.0,50.0,0.0,0,4,17,8,1,6
EGA7259,NY,PAS,4939204662,2025-03-06,01:29P,PHTO SCHOOL ZN SPEED VIOLATION,50.0,0.0,0.0,0.0,50.0,0.0,000,Staten Island,DEPARTMENT OF TRANSPORTATION,UNKNOWN,,2025,3,6,3,1,0,50.0,50.0,0.0,0,4,17,8,1,6
KVG4855,NY,PAS,1498529677,2025-01-07,06:21P,NO STANDING-DAY/TIME LIMITS,115.0,30.0,0.0,0.0,145.0,0.0,013,Manhattan,LONG ISLAND RAILROAD,HEARING ADJOURNMENT,,2025,1,7,1,1,0,145.0,145.0,0.0,1,2,17,8,3,2
KHA2789,NY,PAS,1498529379,2025-01-13,11:13A,NO PARKING-STREET CLEANING,65.0,60.0,0.59,0.09,125.5,0.0,013,Manhattan,LONG ISLAND RAILROAD,UNKNOWN,2025-05-01,2025,1,13,0,1,0,125.59,125.41,0.0,1,2,17,8,3,6
XBHV63,NJ,PAS,9188795184,2025-03-04,02:11P,DOUBLE PARKING-MIDTOWN COMML,115.0,0.0,0.0,0.0,115.0,0.0,018,Manhattan,TRAFFIC,HEARING HELD-GUILTY,,2025,3,4,1,1,0,115.0,115.0,0.0,1,2,16,8,6,3
T130722C,NY,OMT,1498529732,2025-01-10,06:48P,NO STANDING-DAY/TIME LIMITS,115.0,60.0,0.91,0.22,175.69,0.0,013,Manhattan,LONG ISLAND RAILROAD,UNKNOWN,2025-05-01,2025,1,10,4,1,0,175.91,175.47,0.0,1,2,17,6,3,6
A76UEH,NJ,PAS,4049629458,2025-11-18,02:30P,BUS LANE VIOLATION,50.0,0.0,0.0,0.0,50.0,0.0,000,Queens,DEPARTMENT OF TRANSPORTATION,UNKNOWN,,2025,11,18,1,4,0,50.0,50.0,0.0,0,3,16,8,1,6
EEB8795,NY,PAS,4965843400,2025-09-23,05:37P,PHTO SCHOOL ZN SPEED VIOLATION,50.0,25.0,0.0,25.0,50.0,0.0,000,Queens,DEPARTMENT OF TRANSPORTATION,UNKNOWN,,2025,9,23,1,3,0,75.0,25.0,0.0,0,3,17,8,1,6
HZA5140,NY,PAS,4965450346,2025-09-19,07:19P,PHTO SCHOOL ZN SPEED VIOLATION,50.0,0.0,0.0,0.0,50.0,0.0,000,Bronx,DEPARTMENT OF TRANSPORTATION,UNKNOWN,,2025,9,19,4,3,0,50.0,50.0,0.0,0,0,17,8,1,6
ZTS3262,PA,PAS,4939783042,2025-03-11,01:00P,PHTO SCHOOL ZN SPEED VIOLATION,50.0,0.0,0.0,0.0,50.0,0.0,000,Queens,DEPARTMENT OF TRANSPORTATION,UNKNOWN,,2025,3,11,1,1,0,50.0,50.0,0.0,0,3,19,8,1,6
LHP5568,NY,PAS,4939204844,2025-03-06,01:32P,PHTO SCHOOL ZN SPEED VIOLATION,50.0,0.0,0.0,0.0,50.0,0.0,000,Bronx,DEPARTMENT OF TRANSPORTATION,UNKNOWN,,2025,3,6,3,1,0,50.0,50.0,0.0,0,0,17,8,1,6
W300966C,NY,OMT,5701183324,2024-11-13,08:05P,NO STANDING-OFF-STREET LOT,50.0,0.0,0.0,0.0,50.0,0.0,000,UNKNOWN,TRANSIT AUTHORITY,UNKNOWN,,2024,11,13,2,4,0,50.0,50.0,0.0,0,5,17,6,7,6
KDV3856,NY,PAS,4939205022,2025-03-06,01:33P,PHTO SCHOOL ZN SPEED VIOLATION,50.0,0.0,0.0,0.0,50.0,0.0,000,Staten Island,DEPARTMENT OF TRANSPORTATION,UNKNOWN,,2025,3,6,3,1,0,50.0,50.0,0.0,0,4,17,8,1,6
JCS5154,NY,PAS,4939783054,2025-03-11,01:00P,PHTO SCHOOL ZN SPEED VIOLATION,50.0,0.0,0.0,0.0,50.0,0.0,000,Manhattan,DEPARTMENT OF TRANSPORTATION,UNKNOWN,,2025,3,11,1,1,0,50.0,50.0,0.0,0,2,17,8,1,6
LPG8041,NY,PAS,4939783078,2025-03-11,01:00P,PHTO SCHOOL ZN SPEED VIOLATION,50.0,0.0,0.0,0.0,50.0,0.0,000,Bronx,DEPARTMENT OF TRANSPORTATION,UNKNOWN,,2025,3,11,1,1,0,50.0,50.0,0.0,0,0,17,8,1,6
F82MNZ,NJ,PAS,2023672181,2025-04-11,11:46A,NO PARKING-STREET CLEANING,65.0,0.0,0.0,0.0,65.0,0.0,024,Manhattan,DEPARTMENT OF SANITATION,UNKNOWN,,2025,4,11,4,2,0,65.0,65.0,0.0,1,2,16,8,0,6
P92UEJ,NJ,PAS,2023672193,2025-04-11,11:49A,NO PARKING-STREET CLEANING,65.0,0.0,0.0,0.0,65.0,0.0,024,Manhattan,DEPARTMENT OF SANITATION,UNKNOWN,,2025,4,11,4,2,0,65.0,65.0,0.0,1,2,16,8,0,6
GJD3923,NY,PAS,2023672260,2025-04-15,08:16A,NO PARKING-STREET CLEANING,65.0,0.0,0.0,0.0,65.0,0.0,020,Manhattan,DEPARTMENT OF SANITATION,UNKNOWN,,2025,4,15,1,2,0,65.0,65.0,0.0,1,2,17,8,0,6
T754675C,NY,OMT,2023684146,2025-04-15,12:05P,NO PARKING-STREET CLEANING,65.0,0.0,0.0,0.0,65.0,0.0,050,Bronx,DEPARTMENT OF SANITATION,UNKNOWN,,2025,4,15,1,2,0,65.0,65.0,0.0,1,0,17,6,0,6
LNS3552,NY,PAS,4939205472,2025-03-06,01:37P,PHTO SCHOOL ZN SPEED VIOLATION,50.0,0.0,0.0,0.0,50.0,0.0,000,Brooklyn,DEPARTMENT OF TRANSPORTATION,UNKNOWN,,2025,3,6,3,1,0,50.0,50.0,0.0,0,1,17,8,1,6
KHM8484,NY,PAS,4939205319,2025-03-06,01:36P,PHTO SCHOOL ZN SPEED VIOLATION,50.0,0.0,0.0,0.0,50.0,0.0,000,Bronx,DEPARTMENT OF TRANSPORTATION,UNKNOWN,,2025,3,6,3,1,0,50.0,50.0,0.0,0,0,17,8,1,6
S26VXZ,NJ,PAS,5707328646,2025-11-04,04:33P,MTA CAMERA VIOLATION - DOUBLE PARKING,50.0,0.0,0.0,0.0,50.0,0.0,000,UNKNOWN,TRANSIT AUTHORITY,UNKNOWN,,2025,11,4,1,4,0,50.0,50.0,0.0,0,5,16,8,7,6
LLE2766,NY,PAS,4938013927,2025-02-23,01:46P,PHTO SCHOOL ZN SPEED VIOLATION,50.0,25.0,0.0,0.0,75.0,0.0,000,Staten Island,DEPARTMENT OF TRANSPORTATION,UNKNOWN,,2025,2,23,6,1,1,75.0,75.0,0.0,0,4,17,8,1,6
KGW4480,NY,PAS,4049629495,2025-11-18,02:45P,BUS LANE VIOLATION,50.0,0.0,0.0,0.0,50.0,0.0,000,Queens,DEPARTMENT OF TRANSPORTATION,UNKNOWN,,2025,11,18,1,4,0,50.0,50.0,0.0,0,3,17,8,1,6
KPY5434,NY,PAS,5701183385,2024-11-13,08:12P,NO STANDING-OFF-STREET LOT,50.0,0.0,0.0,0.0,50.0,0.0,000,Brooklyn,TRANSIT AUTHORITY,UNKNOWN,,2024,11,13,2,4,0,50.0,50.0,0.0,0,1,17,8,7,6
EVA6400,NY,PAS,4966011486,2025-09-24,02:57P,PHTO SCHOOL ZN SPEED VIOLATION,50.0,0.0,0.0,0.0,50.0,0.0,000,Queens,DEPARTMENT OF TRANSPORTATION,UNKNOWN,,2025,9,24,2,3,0,50.0,50.0,0.0,0,3,17,8,1,6
LZD9651,PA,PAS,4933165233,2025-01-09,04:20A,PHTO SCHOOL ZN SPEED VIOLATION,50.0,25.0,2.16,0.0,77.16,0.0,000,Queens,DEPARTMENT OF TRANSPORTATION,UNKNOWN,2025-04-03,2025,1,9,3,1,0,77.16,77.16,0.0,0,3,19,8,1,6
KYC1379,NY,PAS,4941180227,2025-03-23,12:41A,PHTO SCHOOL ZN SPEED VIOLATION,50.0,0.0,0.0,0.0,50.0,0.0,000,Queens,DEPARTMENT OF TRANSPORTATION,UNKNOWN,,2025,3,23,6,1,1,50.0,50.0,0.0,0,3,17,8,1,6
JGN3389,NY,PAS,4939783250,2025-03-11,01:03P,PHTO SCHOOL ZN SPEED VIOLATION,50.0,25.0,0.0,0.0,75.0,0.0,000,Bronx,DEPARTMENT OF TRANSPORTATION,UNKNOWN,,2025,3,11,1,1,0,75.0,75.0,0.0,0,0,17,8,1,6
HNP3323,NY,PAS,9194107166,2025-03-27,08:50A,NO PARKING-STREET CLEANING,65.0,0.0,0.0,0.0,65.0,0.0,026,Manhattan,TRAFFIC,UNKNOWN,,2025,3,27,3,1,0,65.0,65.0,0.0,1,2,17,8,6,6
LVT8591,NY,PAS,4966011498,2025-09-24,02:57P,PHTO SCHOOL ZN SPEED VIOLATION,50.0,0.0,0.0,0.0,50.0,0.0,000,Queens,DEPARTMENT OF TRANSPORTATION,UNKNOWN,,2025,9,24,2,3,0,50.0,50.0,0.0,0,3,17,8,1,6
6EZ8245,MD,PAS,4784472848,2022-06-24,12:43P,PHTO SCHOOL ZN SPEED VIOLATION,50.0,25.0,17.46,0.09,92.37,0.0,000,Queens,DEPARTMENT OF TRANSPORTATION,UNKNOWN,2022-09-15,2022,6,24,4,2,0,92.46000000000001,92.28,0.0,0,3,11,8,1,6
HXU6220,NY,PAS,4939783480,2025-03-11,01:10P,PHTO SCHOOL ZN SPEED VIOLATION,50.0,0.0,0.0,0.0,50.0,0.0,000,Queens,DEPARTMENT OF TRANSPORTATION,UNKNOWN,,2025,3,11,1,1,0,50.0,50.0,0.0,0,3,17,8,1,6
JKV1603,NY,PAS,4939205678,2025-03-06,01:39P,PHTO SCHOOL ZN SPEED VIOLATION,50.0,0.0,0.0,0.0,50.0,0.0,000,Brooklyn,DEPARTMENT OF TRANSPORTATION,UNKNOWN,,2025,3,6,3,1,0,50.0,50.0,0.0,0,1,17,8,1,6
JHT9235,NY,PAS,4939783625,2025-03-11,01:11P,PHTO SCHOOL ZN SPEED VIOLATION,50.0,0.0,0.0,0.0,50.0,0.0,000,Bronx,DEPARTMENT OF TRANSPORTATION,UNKNOWN,,2025,3,11,1,1,0,50.0,50.0,0.0,0,0,17,8,1,6
PBAREP,NY,SRF,4939205708,2025-03-06,01:40P,PHTO SCHOOL ZN SPEED VIOLATION,50.0,0.0,0.0,0.0,50.0,0.0,000,Bronx,DEPARTMENT OF TRANSPORTATION,UNKNOWN,,2025,3,6,3,1,0,50.0,50.0,0.0,0,0,17,11,1,6
JPK4881,NY,PAS,4965450590,2025-09-19,07:38P,PHTO SCHOOL ZN SPEED VIOLATION,50.0,0.0,0.0,0.0,50.0,0.0,000,Queens,DEPARTMENT OF TRANSPORTATION,UNKNOWN,,2025,9,19,4,3,0,50.0,50.0,0.0,0,3,17,8,1,6
W800FV,NY,PAS,4939205897,2025-03-06,01:41P,PHTO SCHOOL ZN SPEED VIOLATION,50.0,0.0,0.0,0.0,50.0,0.0,000,Staten Island,DEPARTMENT OF TRANSPORTATION,UNKNOWN,,2025,3,6,3,1,0,50.0,50.0,0.0,0,4,17,8,1,6
KYF9323,NY,PAS,2026971470,2025-10-21,08:36A,NO PARKING-STREET CLEANING,65.0,0.0,0.0,0.0,65.0,0.0,088,Brooklyn,DEPARTMENT OF SANITATION,UNKNOWN,,2025,10,21,1,4,0,65.0,65.0,0.0,1,1,17,8,0,6
EGN3327,NY,PAS,4965450656,2025-09-19,07:42P,PHTO SCHOOL ZN SPEED VIOLATION,50.0,0.0,0.0,0.0,50.0,0.0,000,Queens,DEPARTMENT OF TRANSPORTATION,UNKNOWN,,2025,9,19,4,3,0,50.0,50.0,0.0,0,3,17,8,1,6
BT31592,CT,PAS,2026996507,2025-10-06,09:49A,NO PARKING-STREET CLEANING,65.0,0.0,0.0,0.0,65.0,0.0,032,Manhattan,DEPARTMENT OF SANITATION,UNKNOWN,,2025,10,6,0,4,0,65.0,65.0,0.0,1,2,5,8,0,6
LJX3892,NY,PAS,9196197778,2025-04-15,04:52P,INSP. STICKER-EXPIRED/MISSING,65.0,0.0,0.0,0.0,65.0,0.0,034,Manhattan,TRAFFIC,UNKNOWN,,2025,4,15,1,2,0,65.0,65.0,0.0,1,2,17,8,6,6
HHJ8549,NY,PAS,4966011553,2025-09-24,02:58P,PHTO SCHOOL ZN SPEED VIOLATION,50.0,0.0,0.0,0.0,50.0,0.0,000,Brooklyn,DEPARTMENT OF TRANSPORTATION,UNKNOWN,,2025,9,24,2,3,0,50.0,50.0,0.0,0,1,17,8,1,6
LPZ6030,NY,PAS,4941180562,2025-03-23,12:55A,PHTO SCHOOL ZN SPEED VIOLATION,50.0,0.0,0.0,0.0,50.0,0.0,000,Bronx,DEPARTMENT OF TRANSPORTATION,UNKNOWN,,2025,3,23,6,1,1,50.0,50.0,0.0,0,0,17,8,1,6
LHV5467,NY,PAS,9194107282,2025-03-27,09:15A,NO PARKING-STREET CLEANING,65.0,0.0,0.0,0.0,65.0,0.0,026,Manhattan,TRAFFIC,UNKNOWN,,2025,3,27,3,1,0,65.0,65.0,0.0,1,2,17,8,6,6
KTC6687,NY,PAS,4784768208,2022-06-15,06:39P,PHTO SCHOOL ZN SPEED VIOLATION,50.0,25.0,17.37,0.04,92.33,0.0,000,Brooklyn,DEPARTMENT OF TRANSPORTATION,UNKNOWN,2022-09-22,2022,6,15,2,2,0,92.37,92.28999999999999,0.0,0,1,17,8,1,6
GVG8281,NY,PAS,4784780270,2022-06-22,03:13P,PHTO SCHOOL ZN SPEED VIOLATION,50.0,25.0,17.33,0.13,92.2,0.0,000,Bronx,DEPARTMENT OF TRANSPORTATION,UNKNOWN,2022-09-22,2022,6,22,2,2,0,92.33,92.07000000000001,0.0,0,0,17,8,1,6
MDL7467,PA,PAS,9049184765,2023-05-07,06:55A,NO PARKING-DAY/TIME LIMITS,60.0,60.0,16.71,0.01,136.7,0.0,040,Bronx,TRAFFIC,UNKNOWN,2023-08-24,2023,5,7,6,2,1,136.71,136.69,0.0,1,0,19,8,6,6
HXD6091,NY,PAS,9049196330,2023-05-01,12:07P,NO PARKING-STREET CLEANING,65.0,60.0,17.63,0.28,142.35,0.0,043,Bronx,TRAFFIC,UNKNOWN,2023-08-17,2023,5,1,0,2,0,142.63,142.07,0.0,1,0,17,8,6,6
JPR5023,NY,PAS,9194108560,2025-04-03,08:08A,NO PARKING-STREET CLEANING,65.0,0.0,0.0,0.0,65.0,0.0,025,Manhattan,TRAFFIC,UNKNOWN,,2025,4,3,3,2,0,65.0,65.0,0.0,1,2,17,8,6,6
32130ND,NY,COM,4939205710,2025-03-06,01:40P,PHTO SCHOOL ZN SPEED VIOLATION,50.0,0.0,0.0,0.0,50.0,0.0,000,Manhattan,DEPARTMENT OF TRANSPORTATION,UNKNOWN,,2025,3,6,3,1,0,50.0,50.0,0.0,0,2,17,1,1,6
83581MK,NY,COM,4966011590,2025-09-24,02:58P,PHTO SCHOOL ZN SPEED VIOLATION,50.0,0.0,0.0,0.0,50.0,0.0,000,Brooklyn,DEPARTMENT OF TRANSPORTATION,UNKNOWN,,2025,9,24,2,3,0,50.0,50.0,0.0,0,1,17,1,1,6
42449ND,NY,COM,4966011530,2025-09-24,02:57P,PHTO SCHOOL ZN SPEED VIOLATION,50.0,0.0,0.0,0.0,50.0,0.0,000,Queens,DEPARTMENT OF TRANSPORTATION,UNKNOWN,,2025,9,24,2,3,0,50.0,50.0,0.0,0,3,17,1,1,6
P65URT,NJ,PAS,4049629574,2025-11-18,04:57P,BUS LANE VIOLATION,50.0,0.0,0.0,0.0,50.0,0.0,000,Manhattan,DEPARTMENT OF TRANSPORTATION,UNKNOWN,,2025,11,18,1,4,0,50.0,50.0,0.0,0,2,16,8,1,6
MRH2281,PA,PAS,4939784526,2025-03-11,01:44P,PHTO SCHOOL ZN SPEED VIOLATION,50.0,0.0,0.0,0.0,50.0,0.0,000,Brooklyn,DEPARTMENT OF TRANSPORTATION,UNKNOWN,,2025,3,11,1,1,0,50.0,50.0,0.0,0,1,19,8,1,6
T750504C,NY,OMT,5701184006,2024-11-13,10:30P,NO STANDING-OFF-STREET LOT,50.0,0.0,0.0,0.0,50.0,0.0,000,UNKNOWN,TRANSIT AUTHORITY,UNKNOWN,,2024,11,13,2,4,0,50.0,50.0,0.0,0,5,17,6,7,6
LPF3880,NY,PAS,5701183993,2024-11-13,10:26P,NO STANDING-OFF-STREET LOT,50.0,0.0,0.0,0.0,50.0,0.0,000,Queens,TRANSIT AUTHORITY,UNKNOWN,,2024,11,13,2,4,0,50.0,50.0,0.0,0,3,17,8,7,6
JBX2356,NY,PAS,5701184407,2024-11-14,08:04A,NO STANDING-OFF-STREET LOT,50.0,0.0,0.0,0.0,50.0,0.0,000,UNKNOWN,TRANSIT AUTHORITY,UNKNOWN,,2024,11,14,3,4,0,50.0,50.0,0.0,0,5,17,8,7,6
T106164C,NY,OMT,5701184432,2024-11-14,08:06A,NO STANDING-OFF-STREET LOT,50.0,0.0,0.0,0.0,50.0,0.0,000,UNKNOWN,TRANSIT AUTHORITY,UNKNOWN,,2024,11,14,3,4,0,50.0,50.0,0.0,0,5,17,6,7,6
JBS9841,NY,PAS,4966011681,2025-09-24,02:59P,PHTO SCHOOL ZN SPEED VIOLATION,50.0,0.0,0.0,0.0,50.0,0.0,000,Queens,DEPARTMENT OF TRANSPORTATION,UNKNOWN,,2025,9,24,2,3,0,50.0,50.0,0.0,0,3,17,8,1,6
BKE8607,NY,PAS,4928719074,2024-12-06,02:39P,PHTO SCHOOL ZN SPEED VIOLATION,50.0,25.0,2.51,27.51,50.0,0.0,000,Queens,DEPARTMENT OF TRANSPORTATION,ADMIN REDUCTION,2025-02-27,2024,12,6,4,4,0,77.51,22.49,0.0,0,3,17,8,1,0
LUR8703,NY,PAS,4966011693,2025-09-24,02:59P,PHTO SCHOOL ZN SPEED VIOLATION,50.0,0.0,0.0,0.0,50.0,0.0,000,Queens,DEPARTMENT OF TRANSPORTATION,UNKNOWN,,2025,9,24,2,3,0,50.0,50.0,0.0,0,3,17,8,1,6
LST0521,PA,PAS,4926472958,2024-11-17,02:37P,PHTO SCHOOL ZN SPEED VIOLATION,50.0,25.0,2.55,0.0,77.55,0.0,000,Queens,DEPARTMENT OF TRANSPORTATION,UNKNOWN,2025-02-06,2024,11,17,6,4,1,77.55,77.55,0.0,0,3,19,8,1,6
LPU2618,NY,PAS,4926473008,2024-11-17,02:53P,PHTO SCHOOL ZN SPEED VIOLATION,50.0,25.0,2.57,0.06,77.51,0.0,000,Bronx,DEPARTMENT OF TRANSPORTATION,UNKNOWN,2025-02-06,2024,11,17,6,4,1,77.57,77.45,0.0,0,0,17,8,1,6
LGW8438,NY,PAS,4932524341,2025-01-01,09:36A,PHTO SCHOOL ZN SPEED VIOLATION,50.0,25.0,1.41,0.07,76.34,0.0,000,Queens,DEPARTMENT OF TRANSPORTATION,UNKNOWN,2025-03-27,2025,1,1,2,1,0,76.41,76.27000000000001,0.0,0,3,17,8,1,6
DTH1323,NY,PAS,9196198655,2025-04-18,03:21P,NO PARKING-DAY/TIME LIMITS,60.0,0.0,0.0,0.0,60.0,0.0,028,Manhattan,TRAFFIC,UNKNOWN,,2025,4,18,4,2,0,60.0,60.0,0.0,1,2,17,8,6,6
LJN1597,NY,PAS,4933815008,2025-01-14,07:34P,PHTO SCHOOL ZN SPEED VIOLATION,50.0,25.0,1.3,0.09,76.21,0.0,000,Staten Island,DEPARTMENT OF TRANSPORTATION,UNKNOWN,2025-04-03,2025,1,14,1,1,0,76.3,76.11999999999999,0.0,0,4,17,8,1,6
LSU9115,NY,PAS,4941180719,2025-03-21,05:42P,PHTO SCHOOL ZN SPEED VIOLATION,50.0,0.0,0.0,0.0,50.0,0.0,000,Queens,DEPARTMENT OF TRANSPORTATION,UNKNOWN,,2025,3,21,4,1,0,50.0,50.0,0.0,0,3,17,8,1,6
LJV4324,NY,PAS,4941180847,2025-03-22,09:10A,PHTO SCHOOL ZN SPEED VIOLATION,50.0,0.0,0.0,0.0,50.0,0.0,000,Queens,DEPARTMENT OF TRANSPORTATION,UNKNOWN,,2025,3,22,5,1,1,50.0,50.0,0.0,0,3,17,8,1,6
JER3281,NY,PAS,4939784435,2025-03-11,01:37P,PHTO SCHOOL ZN SPEED VIOLATION,50.0,0.0,0.0,0.0,50.0,0.0,000,Bronx,DEPARTMENT OF TRANSPORTATION,UNKNOWN,,2025,3,11,1,1,0,50.0,50.0,0.0,0,0,17,8,1,6
LHB2193,NY,PAS,4939784642,2025-03-11,01:50P,PHTO SCHOOL ZN SPEED VIOLATION,50.0,0.0,0.0,0.0,50.0,0.0,000,Bronx,DEPARTMENT OF TRANSPORTATION,UNKNOWN,,2025,3,11,1,1,0,50.0,50.0,0.0,0,0,17,8,1,6
LLU5535,NY,PAS,2023684201,2025-04-15,12:13P,NO PARKING-STREET CLEANING,65.0,0.0,0.0,0.0,65.0,0.0,050,Bronx,DEPARTMENT OF SANITATION,UNKNOWN,,2025,4,15,1,2,0,65.0,65.0,0.0,1,0,17,8,0,6
FGD9907,NY,PAS,2023686076,2025-04-15,09:40A,NO PARKING-STREET CLEANING,65.0,0.0,0.0,0.0,65.0,0.0,084,Brooklyn,DEPARTMENT OF SANITATION,UNKNOWN,,2025,4,15,1,2,0,65.0,65.0,0.0,1,1,17,8,0,6
484BM8,NY,MOT,8926876366,2024-07-11,01:36P,FAIL TO DSPLY MUNI METER RECPT,65.0,0.0,0.0,0.0,65.0,0.0,018,Manhattan,TRAFFIC,UNKNOWN,,2024,7,11,3,3,0,65.0,65.0,0.0,1,2,17,3,6,6
XLGH22,NJ,PAS,4939206579,2025-03-06,01:47P,PHTO SCHOOL ZN SPEED VIOLATION,50.0,0.0,0.0,0.0,50.0,0.0,000,Queens,DEPARTMENT OF TRANSPORTATION,UNKNOWN,,2025,3,6,3,1,0,50.0,50.0,0.0,0,3,16,8,1,6
KWL3707,NY,PAS,5701184985,2024-11-14,09:18A,NO STANDING-OFF-STREET LOT,50.0,0.0,0.0,0.0,50.0,0.0,000,UNKNOWN,TRANSIT AUTHORITY,UNKNOWN,,2024,11,14,3,4,0,50.0,50.0,0.0,0,5,17,8,7,6
825DDD,NY,SPO,5701184870,2024-11-14,09:08A,NO STANDING-OFF-STREET LOT,50.0,0.0,0.0,0.0,50.0,0.0,000,UNKNOWN,TRANSIT AUTHORITY,HEARING HELD-GUILTY,,2024,11,14,3,4,0,50.0,50.0,0.0,0,5,17,10,7,3
JLT4184,NY,PAS,4965844075,2025-09-23,05:56P,PHTO SCHOOL ZN SPEED VIOLATION,50.0,25.0,0.0,25.0,50.0,0.0,000,Queens,DEPARTMENT OF TRANSPORTATION,UNKNOWN,,2025,9,23,1,3,0,75.0,25.0,0.0,0,3,17,8,1,6
LPZ5980,NY,PAS,4965450826,2025-09-19,07:55P,PHTO SCHOOL ZN SPEED VIOLATION,50.0,0.0,0.0,0.0,50.0,0.0,000,Bronx,DEPARTMENT OF TRANSPORTATION,UNKNOWN,,2025,9,19,4,3,0,50.0,50.0,0.0,0,0,17,8,1,6
LWB4074,NY,OMS,4966011711,2025-09-24,03:00P,PHTO SCHOOL ZN SPEED VIOLATION,50.0,0.0,0.0,0.0,50.0,0.0,000,Bronx,DEPARTMENT OF TRANSPORTATION,UNKNOWN,,2025,9,24,2,3,0,50.0,50.0,0.0,0,0,17,5,1,6
LUM1284,NY,PAS,4966011723,2025-09-24,03:00P,PHTO SCHOOL ZN SPEED VIOLATION,50.0,0.0,0.0,0.0,50.0,0.0,000,Bronx,DEPARTMENT OF TRANSPORTATION,UNKNOWN,,2025,9,24,2,3,0,50.0,50.0,0.0,0,0,17,8,1,6
BR37289,CT,PAS,4939784915,2025-03-11,12:01A,PHTO SCHOOL ZN SPEED VIOLATION,50.0,0.0,0.0,0.0,50.0,0.0,000,Queens,DEPARTMENT OF TRANSPORTATION,UNKNOWN,,2025,3,11,1,1,0,50.0,50.0,0.0,0,3,5,8,1,6
S95VKL,NJ,PAS,2023691035,2025-04-11,08:50A,NO PARKING-STREET CLEANING,65.0,0.0,0.0,0.0,65.0,0.0,077,Brooklyn,DEPARTMENT OF SANITATION,UNKNOWN,,2025,4,11,4,2,0,65.0,65.0,0.0,1,1,16,8,0,6
3ZEC93,MA,PAS,9179901475,2025-01-16,11:56A,FAIL TO DSPLY MUNI METER RECPT,35.0,0.0,0.0,0.0,35.0,0.0,112,Queens,TRAFFIC,UNKNOWN,,2025,1,16,3,1,0,35.0,35.0,0.0,0,3,10,8,6,6
HNK8365,NY,PAS,2023692258,2025-04-15,09:51A,NO PARKING-STREET CLEANING,65.0,0.0,0.0,0.0,65.0,0.0,068,Brooklyn,DEPARTMENT OF SANITATION,UNKNOWN,,2025,4,15,1,2,0,65.0,65.0,0.0,1,1,17,8,0,6
FLM1695,NY,PAS,4939206506,2025-03-06,01:46P,PHTO SCHOOL ZN SPEED VIOLATION,50.0,0.0,0.0,0.0,50.0,0.0,000,Brooklyn,DEPARTMENT OF TRANSPORTATION,UNKNOWN,,2025,3,6,3,1,0,50.0,50.0,0.0,0,1,17,8,1,6
KYJ5095,NY,PAS,4939206490,2025-03-06,01:46P,PHTO SCHOOL ZN SPEED VIOLATION,50.0,0.0,0.0,0.0,50.0,0.0,000,Queens,DEPARTMENT OF TRANSPORTATION,UNKNOWN,,2025,3,6,3,1,0,50.0,50.0,0.0,0,3,17,8,1,6
95245NC,NY,COM,8927240728,2024-07-10,07:29A,FAIL TO DISP. MUNI METER RECPT,65.0,0.0,0.0,15.0,50.0,0.0,018,Manhattan,TRAFFIC,HEARING HELD-GUILTY REDUCTION,,2024,7,10,2,3,0,65.0,35.0,0.0,1,2,17,1,6,4
T664017C,NY,OMT,5701185011,2024-11-14,09:21A,NO STANDING-OFF-STREET LOT,50.0,0.0,0.0,0.0,50.0,0.0,000,UNKNOWN,TRANSIT AUTHORITY,UNKNOWN,,2024,11,14,3,4,0,50.0,50.0,0.0,0,5,17,6,7,6
29098ML,NY,COM,8927240960,2024-07-11,12:51P,NO STANDING-DAY/TIME LIMITS,115.0,0.0,0.0,25.0,90.0,0.0,018,Manhattan,TRAFFIC,HEARING HELD-GUILTY REDUCTION,,2024,7,11,3,3,0,115.0,65.0,0.0,1,2,17,1,6,4
KMC4968,NY,PAS,5701185163,2024-11-14,09:33A,NO STANDING-OFF-STREET LOT,50.0,0.0,0.0,0.0,50.0,0.0,000,UNKNOWN,TRANSIT AUTHORITY,UNKNOWN,,2024,11,14,3,4,0,50.0,50.0,0.0,0,5,17,8,7,6
GAL6452,NY,PAS,5701185096,2024-11-14,09:25A,NO STANDING-OFF-STREET LOT,50.0,0.0,0.0,0.0,50.0,0.0,000,UNKNOWN,TRANSIT AUTHORITY,UNKNOWN,,2024,11,14,3,4,0,50.0,50.0,0.0,0,5,17,8,7,6
LJK8700,NY,PAS,4938016229,2025-02-23,02:23P,PHTO SCHOOL ZN SPEED VIOLATION,50.0,25.0,0.0,0.0,75.0,0.0,000,Bronx,DEPARTMENT OF TRANSPORTATION,UNKNOWN,,2025,2,23,6,1,1,75.0,75.0,0.0,0,0,17,8,1,6
LFH5572,PA,PAS,4939206968,2025-03-06,01:52P,PHTO SCHOOL ZN SPEED VIOLATION,50.0,25.0,0.0,0.0,75.0,0.0,000,Bronx,DEPARTMENT OF TRANSPORTATION,UNKNOWN,,2025,3,6,3,1,0,75.0,75.0,0.0,0,0,19,8,1,6
LLP2519,NY,PAS,4939785154,2025-03-11,10:11A,PHTO SCHOOL ZN SPEED VIOLATION,50.0,0.0,0.0,0.0,50.0,0.0,000,Queens,DEPARTMENT OF TRANSPORTATION,UNKNOWN,,2025,3,11,1,1,0,50.0,50.0,0.0,0,3,17,8,1,6
GSY7076,NY,PAS,4939785257,2025-03-11,11:20A,PHTO SCHOOL ZN SPEED VIOLATION,50.0,0.0,0.0,0.0,50.0,0.0,000,Queens,DEPARTMENT OF TRANSPORTATION,UNKNOWN,,2025,3,11,1,1,0,50.0,50.0,0.0,0,3,17,8,1,6
KTN1811,NY,PAS,4939785282,2025-03-11,11:29A,PHTO SCHOOL ZN SPEED VIOLATION,50.0,0.0,0.0,0.0,50.0,0.0,000,Brooklyn,DEPARTMENT OF TRANSPORTATION,UNKNOWN,,2025,3,11,1,1,0,50.0,50.0,0.0,0,1,17,8,1,6
DZU7106,NY,PAS,2023712567,2025-04-11,03:18A,NO PARKING-STREET CLEANING,65.0,0.0,0.0,0.0,65.0,0.0,078,Brooklyn,DEPARTMENT OF SANITATION,UNKNOWN,,2025,4,11,4,2,0,65.0,65.0,0.0,1,1,17,8,0,6
HCJ1978,NY,PAS,2023712579,2025-04-11,03:22A,NO PARKING-STREET CLEANING,65.0,0.0,0.0,0.0,65.0,0.0,078,Brooklyn,DEPARTMENT OF SANITATION,UNKNOWN,,2025,4,11,4,2,0,65.0,65.0,0.0,1,1,17,8,0,6
N87UVY,NJ,PAS,4939207298,2025-03-06,01:56P,PHTO SCHOOL ZN SPEED VIOLATION,50.0,0.0,0.0,0.0,50.0,0.0,000,Queens,DEPARTMENT OF TRANSPORTATION,UNKNOWN,,2025,3,6,3,1,0,50.0,50.0,0.0,0,3,16,8,1,6
HTW1649,NY,PAS,4931800518,2024-12-29,12:36P,PHTO SCHOOL ZN SPEED VIOLATION,50.0,0.0,0.0,0.0,50.0,0.0,000,Staten Island,DEPARTMENT OF TRANSPORTATION,UNKNOWN,,2024,12,29,6,4,1,50.0,50.0,0.0,0,4,17,8,1,6
LSY9956,NY,PAS,4939206932,2025-03-06,01:52P,PHTO SCHOOL ZN SPEED VIOLATION,50.0,0.0,0.0,0.0,50.0,0.0,000,Staten Island,DEPARTMENT OF TRANSPORTATION,UNKNOWN,,2025,3,6,3,1,0,50.0,50.0,0.0,0,4,17,8,1,6
KYJ5095,NY,PAS,4939207031,2025-03-06,01:53P,PHTO SCHOOL ZN SPEED VIOLATION,50.0,0.0,0.0,0.0,50.0,0.0,000,Queens,DEPARTMENT OF TRANSPORTATION,UNKNOWN,,2025,3,6,3,1,0,50.0,50.0,0.0,0,3,17,8,1,6
FLX5509,NY,PAS,4939207596,2025-03-06,01:58P,PHTO SCHOOL ZN SPEED VIOLATION,50.0,0.0,0.0,0.0,50.0,0.0,000,Queens,DEPARTMENT OF TRANSPORTATION,UNKNOWN,,2025,3,6,3,1,0,50.0,50.0,0.0,0,3,17,8,1,6
T800426C,NY,OMT,5701185760,2024-11-14,10:26A,NO STANDING-OFF-STREET LOT,50.0,0.0,0.0,0.0,50.0,0.0,000,Manhattan,TRANSIT AUTHORITY,UNKNOWN,,2024,11,14,3,4,0,50.0,50.0,0.0,0,2,17,6,7,6
LNJ7726,NY,PAS,5701185590,2024-11-14,10:18A,NO STANDING-OFF-STREET LOT,50.0,0.0,0.0,0.0,50.0,0.0,000,UNKNOWN,TRANSIT AUTHORITY,UNKNOWN,,2024,11,14,3,4,0,50.0,50.0,0.0,0,5,17,8,7,6
KDP6394,NY,PAS,5701185539,2024-11-14,10:10A,NO STANDING-OFF-STREET LOT,50.0,0.0,0.0,0.0,50.0,0.0,000,UNKNOWN,TRANSIT AUTHORITY,UNKNOWN,,2024,11,14,3,4,0,50.0,50.0,0.0,0,5,17,8,7,6
1EY8008,MD,PAS,8888693233,2022-07-09,UNKNOWN,UNKNOWN,59.94399185336049,4.760692464358452,1.0263034623217924,1.8407230142566193,63.7833401221996,0.10692464358452139,,UNKNOWN,UNKNOWN,UNKNOWN,,2022,7,9,5,3,1,65.73098778004073,61.94261710794298,0.0016267006962124057,1,5,11,8,8,6
LAC2284,NY,PAS,4938016722,2025-02-23,02:32P,PHTO SCHOOL ZN SPEED VIOLATION,50.0,25.0,0.0,0.0,75.0,0.0,000,Bronx,DEPARTMENT OF TRANSPORTATION,UNKNOWN,,2025,2,23,6,1,1,75.0,75.0,0.0,0,0,17,8,1,6
LVT4516,NY,PAS,4049629616,2025-11-18,07:25P,BUS LANE VIOLATION,50.0,0.0,0.0,0.0,50.0,0.0,000,Manhattan,DEPARTMENT OF TRANSPORTATION,UNKNOWN,,2025,11,18,1,4,0,50.0,50.0,0.0,0,2,17,8,1,6
LJW6656,NY,PAS,4966011863,2025-09-24,03:03P,PHTO SCHOOL ZN SPEED VIOLATION,50.0,0.0,0.0,0.0,50.0,0.0,000,Brooklyn,DEPARTMENT OF TRANSPORTATION,UNKNOWN,,2025,9,24,2,3,0,50.0,50.0,0.0,0,1,17,8,1,6
HND1103,NY,PAS,4965844221,2025-09-23,05:59P,PHTO SCHOOL ZN SPEED VIOLATION,50.0,25.0,0.0,25.0,50.0,0.0,000,Queens,DEPARTMENT OF TRANSPORTATION,UNKNOWN,,2025,9,23,1,3,0,75.0,25.0,0.0,0,3,17,8,1,6
LSE8809,NY,PAS,4939785634,2025-03-11,01:00P,PHTO SCHOOL ZN SPEED VIOLATION,50.0,0.0,0.0,0.0,50.0,0.0,000,Queens,DEPARTMENT OF TRANSPORTATION,UNKNOWN,,2025,3,11,1,1,0,50.0,50.0,0.0,0,3,17,8,1,6
GYW7393,NY,PAS,4939207365,2025-03-06,01:56P,PHTO SCHOOL ZN SPEED VIOLATION,50.0,0.0,0.0,0.0,50.0,0.0,000,Bronx,DEPARTMENT OF TRANSPORTATION,UNKNOWN,,2025,3,6,3,1,0,50.0,50.0,0.0,0,0,17,8,1,6
GCN7043,NY,PAS,4931802242,2024-12-29,11:54A,PHTO SCHOOL ZN SPEED VIOLATION,50.0,0.0,0.0,0.0,50.0,0.0,000,Bronx,DEPARTMENT OF TRANSPORTATION,UNKNOWN,,2024,12,29,6,4,1,50.0,50.0,0.0,0,0,17,8,1,6
JBT6542,NY,PAS,4939207584,2025-03-06,01:58P,PHTO SCHOOL ZN SPEED VIOLATION,50.0,0.0,0.0,0.0,50.0,0.0,000,Brooklyn,DEPARTMENT OF TRANSPORTATION,UNKNOWN,,2025,3,6,3,1,0,50.0,50.0,0.0,0,1,17,8,1,6
ZKN4031,NY,PAS,2023712592,2025-04-11,08:16A,NO PARKING-STREET CLEANING,65.0,0.0,0.0,0.0,65.0,0.0,076,Brooklyn,DEPARTMENT OF SANITATION,UNKNOWN,,2025,4,11,4,2,0,65.0,65.0,0.0,1,1,17,8,0,6
RJS3626,NC,PAS,2023734770,2025-04-15,10:27A,NO PARKING-STREET CLEANING,65.0,0.0,0.0,0.0,65.0,0.0,045,Bronx,DEPARTMENT OF SANITATION,UNKNOWN,,2025,4,15,1,2,0,65.0,65.0,0.0,1,0,14,8,0,6
J45902T,NJ,PAS,8888694651,2022-07-14,UNKNOWN,UNKNOWN,59.94399185336049,4.760692464358452,1.0263034623217924,1.8407230142566193,63.7833401221996,0.10692464358452139,,UNKNOWN,UNKNOWN,UNKNOWN,,2022,7,14,3,3,0,65.73098778004073,61.94261710794298,0.0016267006962124057,1,5,16,8,8,6
Z50LZV,NJ,PAS,8858313793,2021-07-14,02:46A,FIRE HYDRANT,115.0,60.0,18.129699999999982,0.09,201.25599999999994,0.0,075,Brooklyn,TRAFFIC,UNKNOWN,2022-07-28,2021,7,14,2,3,0,193.12969999999999,201.16599999999994,0.0,1,1,16,8,6,6
LRX9712,NY,PAS,5701185941,2024-11-14,10:38A,NO STANDING-OFF-STREET LOT,50.0,0.0,0.0,0.0,50.0,0.0,000,UNKNOWN,TRANSIT AUTHORITY,UNKNOWN,,2024,11,14,3,4,0,50.0,50.0,0.0,0,5,17,8,7,6
HFJ5221,NY,PAS,5701185849,2024-11-14,10:31A,NO STANDING-OFF-STREET LOT,50.0,0.0,0.0,0.0,50.0,0.0,000,UNKNOWN,TRANSIT AUTHORITY,HEARING HELD-GUILTY,,2024,11,14,3,4,0,50.0,50.0,0.0,0,5,17,8,7,3
KMK2230,NY,PAS,5701186090,2024-11-14,10:51A,NO STANDING-OFF-STREET LOT,50.0,0.0,0.0,0.0,50.0,0.0,000,UNKNOWN,TRANSIT AUTHORITY,UNKNOWN,,2024,11,14,3,4,0,50.0,50.0,0.0,0,5,17,8,7,6
LWM8927,NY,PAS,4965844725,2025-09-23,06:14P,PHTO SCHOOL ZN SPEED VIOLATION,50.0,0.0,0.0,50.0,0.0,0.0,000,Bronx,DEPARTMENT OF TRANSPORTATION,UNKNOWN,,2025,9,23,1,3,0,50.0,-50.0,0.0,0,0,17,8,1,6
KFT2030,NY,PAS,4965844567,2025-09-23,06:09P,PHTO SCHOOL ZN SPEED VIOLATION,50.0,25.0,0.0,25.0,50.0,0.0,000,Bronx,DEPARTMENT OF TRANSPORTATION,UNKNOWN,,2025,9,23,1,3,0,75.0,25.0,0.0,0,0,17,8,1,6
GDU9111,NY,PAS,4965451065,2025-09-19,08:08P,PHTO SCHOOL ZN SPEED VIOLATION,50.0,0.0,0.0,0.0,50.0,0.0,000,Brooklyn,DEPARTMENT OF TRANSPORTATION,UNKNOWN,,2025,9,19,4,3,0,50.0,50.0,0.0,0,1,17,8,1,6
KSC1023,NY,PAS,9196198801,2025-04-18,04:11P,FIRE HYDRANT,115.0,0.0,0.0,0.0,115.0,0.0,028,Manhattan,TRAFFIC,UNKNOWN,,2025,4,18,4,2,0,115.0,115.0,0.0,1,2,17,8,6,6
KYR6751,NY,PAS,9194108596,2025-04-03,08:12A,NO PARKING-STREET CLEANING,65.0,0.0,0.0,0.0,65.0,0.0,025,Manhattan,TRAFFIC,UNKNOWN,,2025,4,3,3,2,0,65.0,65.0,0.0,1,2,17,8,6,6
R88PUM,NJ,PAS,9194108791,2025-04-03,09:54A,NO STANDING-DAY/TIME LIMITS,115.0,0.0,0.0,0.0,115.0,0.0,023,Manhattan,TRAFFIC,UNKNOWN,,2025,4,3,3,2,0,115.0,115.0,0.0,1,2,16,8,6,6
79727NC,NY,COM,4939786160,2025-03-11,01:32P,PHTO SCHOOL ZN SPEED VIOLATION,50.0,0.0,0.0,0.0,50.0,0.0,000,Bronx,DEPARTMENT OF TRANSPORTATION,UNKNOWN,,2025,3,11,1,1,0,50.0,50.0,0.0,0,0,17,1,1,6
KYK5653,NY,PAS,4939786274,2025-03-11,01:35P,PHTO SCHOOL ZN SPEED VIOLATION,50.0,0.0,0.0,0.0,50.0,0.0,000,Brooklyn,DEPARTMENT OF TRANSPORTATION,UNKNOWN,,2025,3,11,1,1,0,50.0,50.0,0.0,0,1,17,8,1,6
LTE1042,NY,PAS,2023741695,2025-04-10,07:52A,NO PARKING-STREET CLEANING,65.0,0.0,0.0,0.0,65.0,0.0,071,Brooklyn,DEPARTMENT OF SANITATION,UNKNOWN,,2025,4,10,3,2,0,65.0,65.0,0.0,1,1,17,8,0,6
TJH2288,VA,PAS,5701186179,2024-11-14,11:01A,NO STANDING-OFF-STREET LOT,50.0,0.0,0.0,0.0,50.0,0.0,000,UNKNOWN,TRANSIT AUTHORITY,UNKNOWN,,2024,11,14,3,4,0,50.0,50.0,0.0,0,5,24,8,7,6
FAZ7711,NY,PAS,5701186234,2024-11-14,11:10A,NO STANDING-OFF-STREET LOT,50.0,0.0,0.0,0.0,50.0,0.0,000,UNKNOWN,TRANSIT AUTHORITY,UNKNOWN,,2024,11,14,3,4,0,50.0,50.0,0.0,0,5,17,8,7,6
45912MD,NY,COM,5701186295,2024-11-14,11:24A,NO STANDING-OFF-STREET LOT,50.0,0.0,0.0,0.0,50.0,0.0,000,UNKNOWN,TRANSIT AUTHORITY,UNKNOWN,,2024,11,14,3,4,0,50.0,50.0,0.0,0,5,17,1,7,6
JHF4655,NY,PAS,5707328981,2025-11-04,04:48P,MTA CAMERA VIOLATION - DOUBLE PARKING,150.0,0.0,0.0,0.0,201.25599999999994,0.0,000,Manhattan,TRANSIT AUTHORITY,UNKNOWN,,2025,11,4,1,4,0,150.0,201.25599999999994,0.0,1,2,17,8,7,6
KKY8747,NY,PAS,4966012030,2025-09-24,03:06P,PHTO SCHOOL ZN SPEED VIOLATION,50.0,0.0,0.0,0.0,50.0,0.0,000,Brooklyn,DEPARTMENT OF TRANSPORTATION,UNKNOWN,,2025,9,24,2,3,0,50.0,50.0,0.0,0,1,17,8,1,6
51345NE,NY,COM,4966012041,2025-09-24,03:06P,PHTO SCHOOL ZN SPEED VIOLATION,50.0,0.0,0.0,0.0,50.0,0.0,000,Brooklyn,DEPARTMENT OF TRANSPORTATION,HEARING HELD-GUILTY REDUCTION,,2025,9,24,2,3,0,50.0,50.0,0.0,0,1,17,1,1,4
JFW7655,NY,PAS,9196198825,2025-04-18,05:23P,NO PARKING-DAY/TIME LIMITS,60.0,0.0,0.0,0.0,60.0,0.0,028,Manhattan,TRAFFIC,UNKNOWN,,2025,4,18,4,2,0,60.0,60.0,0.0,1,2,17,8,6,6
KNU9633,NY,PAS,4965844944,2025-09-23,06:22P,PHTO SCHOOL ZN SPEED VIOLATION,50.0,25.0,0.0,0.0,75.0,0.0,000,Queens,DEPARTMENT OF TRANSPORTATION,UNKNOWN,,2025,9,23,1,3,0,75.0,75.0,0.0,0,3,17,8,1,6
JKW5916,NY,PAS,4941182303,2025-03-23,12:54A,PHTO SCHOOL ZN SPEED VIOLATION,50.0,0.0,0.0,0.0,50.0,0.0,000,Queens,DEPARTMENT OF TRANSPORTATION,UNKNOWN,,2025,3,23,6,1,1,50.0,50.0,0.0,0,3,17,8,1,6
KGS5621,NY,PAS,9194108961,2025-04-04,08:06A,NO PARKING-STREET CLEANING,65.0,0.0,0.0,0.0,65.0,0.0,019,Manhattan,TRAFFIC,UNKNOWN,,2025,4,4,4,2,0,65.0,65.0,0.0,1,2,17,8,6,6
LKB4070,NY,PAS,9194109060,2025-04-04,09:21A,NO PARKING-STREET CLEANING,65.0,0.0,0.0,0.0,65.0,0.0,019,Manhattan,TRAFFIC,UNKNOWN,,2025,4,4,4,2,0,65.0,65.0,0.0,1,2,17,8,6,6
N25SFH,NJ,PAS,4939786626,2025-03-11,01:52P,PHTO SCHOOL ZN SPEED VIOLATION,50.0,0.0,0.0,0.0,50.0,0.0,000,Brooklyn,DEPARTMENT OF TRANSPORTATION,UNKNOWN,,2025,3,11,1,1,0,50.0,50.0,0.0,0,1,16,8,1,6
FMT7377,NY,PAS,4939786535,2025-03-11,01:47P,PHTO SCHOOL ZN SPEED VIOLATION,50.0,0.0,0.0,0.0,50.0,0.0,000,Queens,DEPARTMENT OF TRANSPORTATION,UNKNOWN,,2025,3,11,1,1,0,50.0,50.0,0.0,0,3,17,8,1,6
EDB9160,NY,PAS,4939208102,2025-03-06,02:05P,PHTO SCHOOL ZN SPEED VIOLATION,50.0,0.0,0.0,0.0,50.0,0.0,000,Queens,DEPARTMENT OF TRANSPORTATION,UNKNOWN,,2025,3,6,3,1,0,50.0,50.0,0.0,0,3,17,8,1,6
T123429C,NY,OMT,4939786511,2025-03-11,01:47P,PHTO SCHOOL ZN SPEED VIOLATION,50.0,0.0,0.0,0.0,50.0,0.0,000,Manhattan,DEPARTMENT OF TRANSPORTATION,UNKNOWN,,2025,3,11,1,1,0,50.0,50.0,0.0,0,2,17,6,1,6
AU87545,CT,PAS,4939786810,2025-03-11,01:56P,PHTO SCHOOL ZN SPEED VIOLATION,50.0,0.0,0.0,0.0,50.0,0.0,000,Bronx,DEPARTMENT OF TRANSPORTATION,HEARING HELD-GUILTY,,2025,3,11,1,1,0,50.0,50.0,0.0,0,0,5,8,1,3
KLT7871,NY,PAS,2023741713,2025-04-10,07:54A,NO PARKING-STREET CLEANING,65.0,0.0,0.0,0.0,65.0,0.0,071,Brooklyn,DEPARTMENT OF SANITATION,UNKNOWN,,2025,4,10,3,2,0,65.0,65.0,0.0,1,1,17,8,0,6
LNB3483,NY,PAS,2023746346,2025-04-07,11:50A,NO PARKING-STREET CLEANING,65.0,0.0,0.0,0.0,65.0,0.0,050,Bronx,DEPARTMENT OF SANITATION,UNKNOWN,,2025,4,7,0,2,0,65.0,65.0,0.0,1,0,17,8,0,6
LBJ7608,NY,PAS,2023746541,2025-04-08,11:48A,NO PARKING-STREET CLEANING,65.0,0.0,0.0,0.0,65.0,0.0,050,Bronx,DEPARTMENT OF SANITATION,UNKNOWN,,2025,4,8,1,2,0,65.0,65.0,0.0,1,0,17,8,0,6
KUP4205,NY,PAS,5707329018,2025-11-04,04:49P,MTA CAMERA VIOLATION - DOUBLE PARKING,150.0,0.0,0.0,0.0,201.25599999999994,0.0,000,Manhattan,TRANSIT AUTHORITY,UNKNOWN,,2025,11,4,1,4,0,150.0,201.25599999999994,0.0,1,2,17,8,7,6
EUL7240,NY,PAS,4939208540,2025-03-06,02:10P,PHTO SCHOOL ZN SPEED VIOLATION,50.0,0.0,0.0,0.0,50.0,0.0,000,Queens,DEPARTMENT OF TRANSPORTATION,UNKNOWN,,2025,3,6,3,1,0,50.0,50.0,0.0,0,3,17,8,1,6
JMC8790,NY,PAS,4965845043,2025-09-23,06:26P,PHTO SCHOOL ZN SPEED VIOLATION,50.0,25.0,0.0,0.0,75.0,0.0,000,Queens,DEPARTMENT OF TRANSPORTATION,UNKNOWN,,2025,9,23,1,3,0,75.0,75.0,0.0,0,3,17,8,1,6
LSJ5688,NY,PAS,4965451399,2025-09-19,08:29P,PHTO SCHOOL ZN SPEED VIOLATION,50.0,0.0,0.0,0.0,50.0,0.0,000,Queens,DEPARTMENT OF TRANSPORTATION,UNKNOWN,,2025,9,19,4,3,0,50.0,50.0,0.0,0,3,17,8,1,6
EUL7240,NY,PAS,4939208760,2025-03-06,02:12P,PHTO SCHOOL ZN SPEED VIOLATION,50.0,0.0,0.0,0.0,50.0,0.0,000,Queens,DEPARTMENT OF TRANSPORTATION,UNKNOWN,,2025,3,6,3,1,0,50.0,50.0,0.0,0,3,17,8,1,6
LZH7922,NY,PAS,4966012090,2025-09-24,03:06P,PHTO SCHOOL ZN SPEED VIOLATION,50.0,0.0,0.0,0.0,50.0,0.0,000,Queens,DEPARTMENT OF TRANSPORTATION,UNKNOWN,,2025,9,24,2,3,0,50.0,50.0,0.0,0,3,17,8,1,6
JJK6461,NY,PAS,4926474281,2024-11-17,04:23P,PHTO SCHOOL ZN SPEED VIOLATION,50.0,25.0,2.33,0.03,77.3,0.0,000,Bronx,DEPARTMENT OF TRANSPORTATION,UNKNOWN,2025-02-06,2024,11,17,6,4,1,77.33,77.27,0.0,0,0,17,8,1,6
KTB6123,NY,PAS,4932526908,2025-01-01,10:50A,PHTO SCHOOL ZN SPEED VIOLATION,50.0,25.0,1.34,0.26,76.08,0.0,000,Queens,DEPARTMENT OF TRANSPORTATION,UNKNOWN,2025-03-27,2025,1,1,2,1,0,76.34,75.82,0.0,0,3,17,8,1,6
KXS5304,NY,PAS,4932526740,2025-01-01,10:45A,PHTO SCHOOL ZN SPEED VIOLATION,50.0,25.0,1.08,0.13,75.95,0.0,000,Bronx,DEPARTMENT OF TRANSPORTATION,UNKNOWN,2025-03-27,2025,1,1,2,1,0,76.08,75.82000000000001,0.0,0,0,17,8,1,6
LRL8214,NY,PAS,9196199453,2025-04-22,01:49P,FIRE HYDRANT,115.0,0.0,0.0,0.0,115.0,0.0,025,Manhattan,TRAFFIC,UNKNOWN,,2025,4,22,1,2,0,115.0,115.0,0.0,1,2,17,8,6,6
T112118C,NY,OMT,4049629628,2025-11-18,07:35P,BUS LANE VIOLATION,50.0,0.0,0.0,0.0,50.0,0.0,000,Bronx,DEPARTMENT OF TRANSPORTATION,UNKNOWN,,2025,11,18,1,4,0,50.0,50.0,0.0,0,0,17,6,1,6
LHB1567,NY,PAS,2023747200,2025-04-11,09:53A,NO PARKING-STREET CLEANING,65.0,0.0,0.0,0.0,65.0,0.0,050,Bronx,DEPARTMENT OF SANITATION,UNKNOWN,,2025,4,11,4,2,0,65.0,65.0,0.0,1,0,17,8,0,6
HYG5293,NY,PAS,5701186623,2024-11-14,11:58A,NO STANDING-OFF-STREET LOT,50.0,0.0,0.0,0.0,50.0,0.0,000,UNKNOWN,TRANSIT AUTHORITY,UNKNOWN,,2024,11,14,3,4,0,50.0,50.0,0.0,0,5,17,8,7,6
HEG1507,NY,PAS,5701186532,2024-11-14,11:53A,NO STANDING-OFF-STREET LOT,50.0,0.0,0.0,0.0,50.0,0.0,000,UNKNOWN,TRANSIT AUTHORITY,UNKNOWN,,2024,11,14,3,4,0,50.0,50.0,0.0,0,5,17,8,7,6
LGF6471,NY,PAS,2023748768,2025-04-11,10:00A,NO PARKING-STREET CLEANING,65.0,0.0,0.0,0.0,65.0,0.0,072,Brooklyn,DEPARTMENT OF SANITATION,UNKNOWN,,2025,4,11,4,2,0,65.0,65.0,0.0,1,1,17,8,0,6
LLC7954,NY,PAS,4941182595,2025-03-23,01:03A,PHTO SCHOOL ZN SPEED VIOLATION,50.0,0.0,0.0,0.0,50.0,0.0,000,Queens,DEPARTMENT OF TRANSPORTATION,UNKNOWN,,2025,3,23,6,1,1,50.0,50.0,0.0,0,3,17,8,1,6
J59SNN,NJ,PAS,4939208618,2025-03-06,02:11P,PHTO SCHOOL ZN SPEED VIOLATION,50.0,0.0,0.0,0.0,50.0,0.0,000,Manhattan,DEPARTMENT OF TRANSPORTATION,UNKNOWN,,2025,3,6,3,1,0,50.0,50.0,0.0,0,2,16,8,1,6
JBN2121,NY,PAS,4939208722,2025-03-06,02:12P,PHTO SCHOOL ZN SPEED VIOLATION,50.0,0.0,0.0,0.0,50.0,0.0,000,Bronx,DEPARTMENT OF TRANSPORTATION,UNKNOWN,,2025,3,6,3,1,0,50.0,50.0,0.0,0,0,17,8,1,6
KXB2061,NY,PAS,4939208990,2025-03-06,02:15P,PHTO SCHOOL ZN SPEED VIOLATION,50.0,0.0,0.0,0.0,50.0,0.0,000,Bronx,DEPARTMENT OF TRANSPORTATION,UNKNOWN,,2025,3,6,3,1,0,50.0,50.0,0.0,0,0,17,8,1,6
LGV6429,NY,PAS,4939209234,2025-03-06,02:18P,PHTO SCHOOL ZN SPEED VIOLATION,50.0,0.0,0.0,0.0,50.0,0.0,000,Brooklyn,DEPARTMENT OF TRANSPORTATION,UNKNOWN,,2025,3,6,3,1,0,50.0,50.0,0.0,0,1,17,8,1,6
AMH6879,NY,PAS,4966012107,2025-09-24,03:07P,PHTO SCHOOL ZN SPEED VIOLATION,50.0,0.0,0.0,0.0,50.0,0.0,000,Queens,DEPARTMENT OF TRANSPORTATION,UNKNOWN,,2025,9,24,2,3,0,50.0,50.0,0.0,0,3,17,8,1,6
GFW8960,NY,PAS,4938019231,2025-02-23,03:19P,PHTO SCHOOL ZN SPEED VIOLATION,50.0,25.0,0.0,0.0,75.0,0.0,000,Queens,DEPARTMENT OF TRANSPORTATION,UNKNOWN,,2025,2,23,6,1,1,75.0,75.0,0.0,0,3,17,8,1,6
LLL5112,NY,PAS,4941183095,2025-03-23,01:13A,PHTO SCHOOL ZN SPEED VIOLATION,50.0,0.0,0.0,0.0,50.0,0.0,000,Bronx,DEPARTMENT OF TRANSPORTATION,UNKNOWN,,2025,3,23,6,1,1,50.0,50.0,0.0,0,0,17,8,1,6
Z303VF,FL,PAS,5701187100,2024-11-14,12:18P,NO STANDING-OFF-STREET LOT,50.0,0.0,0.0,0.0,50.0,0.0,000,Queens,TRANSIT AUTHORITY,UNKNOWN,,2024,11,14,3,4,0,50.0,50.0,0.0,0,3,6,8,7,6
TER6108,VA,PAS,4941182881,2025-03-23,01:09A,PHTO SCHOOL ZN SPEED VIOLATION,50.0,0.0,0.0,0.0,50.0,0.0,000,Queens,DEPARTMENT OF TRANSPORTATION,UNKNOWN,,2025,3,23,6,1,1,50.0,50.0,0.0,0,3,24,8,1,6
NORBEYR,NY,SRF,4966012144,2025-09-24,03:08P,PHTO SCHOOL ZN SPEED VIOLATION,50.0,0.0,0.0,0.0,50.0,0.0,000,Queens,DEPARTMENT OF TRANSPORTATION,UNKNOWN,,2025,9,24,2,3,0,50.0,50.0,0.0,0,3,17,11,1,6
TONYBENZ,NY,SRF,4939787746,2025-03-11,02:13P,PHTO SCHOOL ZN SPEED VIOLATION,50.0,0.0,0.0,0.0,50.0,0.0,000,Queens,DEPARTMENT OF TRANSPORTATION,UNKNOWN,,2025,3,11,1,1,0,50.0,50.0,0.0,0,3,17,11,1,6
ENJ7519,NY,PAS,4939787357,2025-03-11,02:06P,PHTO SCHOOL ZN SPEED VIOLATION,50.0,0.0,0.0,0.0,50.0,0.0,000,Queens,DEPARTMENT OF TRANSPORTATION,UNKNOWN,,2025,3,11,1,1,0,50.0,50.0,0.0,0,3,17,8,1,6
D96VDX,NJ,PAS,2023748872,2025-04-12,12:36P,NO PARKING-STREET CLEANING,65.0,0.0,0.0,0.0,65.0,0.0,072,Brooklyn,DEPARTMENT OF SANITATION,UNKNOWN,,2025,4,12,5,2,1,65.0,65.0,0.0,1,1,16,8,0,6
59AWJH,FL,PAS,2023749086,2025-04-15,10:08A,NO PARKING-STREET CLEANING,65.0,0.0,0.0,0.0,65.0,0.0,072,Brooklyn,DEPARTMENT OF SANITATION,UNKNOWN,,2025,4,15,1,2,0,65.0,65.0,0.0,1,1,6,8,0,6
IMLW24,NJ,PAS,2023752292,2025-04-15,01:15A,NO PARKING-STREET CLEANING,65.0,0.0,0.0,0.0,65.0,0.0,084,Brooklyn,DEPARTMENT OF SANITATION,UNKNOWN,,2025,4,15,1,2,0,65.0,65.0,0.0,1,1,16,8,0,6
T130107C,NY,OMT,4939209611,2025-03-06,02:23P,PHTO SCHOOL ZN SPEED VIOLATION,50.0,0.0,0.0,0.0,50.0,0.0,000,Queens,DEPARTMENT OF TRANSPORTATION,UNKNOWN,,2025,3,6,3,1,0,50.0,50.0,0.0,0,3,17,6,1,6
KJR6456,NY,PAS,4966012211,2025-09-24,03:09P,PHTO SCHOOL ZN SPEED VIOLATION,50.0,0.0,0.0,0.0,50.0,0.0,000,Queens,DEPARTMENT OF TRANSPORTATION,UNKNOWN,,2025,9,24,2,3,0,50.0,50.0,0.0,0,3,17,8,1,6
JED3268,NY,PAS,4966012223,2025-09-24,03:10P,PHTO SCHOOL ZN SPEED VIOLATION,50.0,0.0,0.0,0.0,50.0,0.0,000,Queens,DEPARTMENT OF TRANSPORTATION,UNKNOWN,,2025,9,24,2,3,0,50.0,50.0,0.0,0,3,17,8,1,6
LER6494,NY,PAS,4966012200,2025-09-24,03:09P,PHTO SCHOOL ZN SPEED VIOLATION,50.0,0.0,0.0,0.0,50.0,0.0,000,Brooklyn,DEPARTMENT OF TRANSPORTATION,UNKNOWN,,2025,9,24,2,3,0,50.0,50.0,0.0,0,1,17,8,1,6
KVN4905,NY,PAS,5701187664,2024-11-14,12:59P,NO STANDING-OFF-STREET LOT,50.0,0.0,0.0,0.0,50.0,0.0,000,Staten Island,TRANSIT AUTHORITY,UNKNOWN,,2024,11,14,3,4,0,50.0,50.0,0.0,0,4,17,8,7,6
KPH3714,NY,PAS,5701187524,2024-11-14,12:47P,NO STANDING-OFF-STREET LOT,50.0,0.0,0.0,0.0,50.0,0.0,000,UNKNOWN,TRANSIT AUTHORITY,UNKNOWN,,2024,11,14,3,4,0,50.0,50.0,0.0,0,5,17,8,7,6
LRC8134,NY,PAS,5701188164,2024-11-14,01:39P,NO STANDING-OFF-STREET LOT,50.0,0.0,0.0,0.0,50.0,0.0,000,UNKNOWN,TRANSIT AUTHORITY,UNKNOWN,,2024,11,14,3,4,0,50.0,50.0,0.0,0,5,17,8,7,6
LNE1054,NY,PAS,9196201459,2025-04-22,05:26P,BIKE LANE,115.0,0.0,0.0,0.0,115.0,0.0,028,Manhattan,TRAFFIC,UNKNOWN,,2025,4,22,1,2,0,115.0,115.0,0.0,1,2,17,8,6,6
KDN3369,NY,PAS,4939209428,2025-03-06,02:20P,PHTO SCHOOL ZN SPEED VIOLATION,50.0,25.0,0.0,25.0,50.0,0.0,000,Bronx,DEPARTMENT OF TRANSPORTATION,ADMIN REDUCTION,,2025,3,6,3,1,0,75.0,25.0,0.0,0,0,17,8,1,0
T658904C,NY,OMT,4049629690,2025-11-19,08:21A,BUS LANE VIOLATION,50.0,0.0,0.0,0.0,50.0,0.0,000,Queens,DEPARTMENT OF TRANSPORTATION,UNKNOWN,,2025,11,19,2,4,0,50.0,50.0,0.0,0,3,17,6,1,6
LAA4017,NY,PAS,4939787886,2025-03-11,02:17P,PHTO SCHOOL ZN SPEED VIOLATION,50.0,0.0,0.0,0.0,50.0,0.0,000,Bronx,DEPARTMENT OF TRANSPORTATION,UNKNOWN,,2025,3,11,1,1,0,50.0,50.0,0.0,0,0,17,8,1,6
AR90950,CT,PAS,2023754276,2025-04-10,11:09A,NO PARKING-STREET CLEANING,65.0,0.0,0.0,0.0,65.0,0.0,079,Brooklyn,DEPARTMENT OF SANITATION,UNKNOWN,,2025,4,10,3,2,0,65.0,65.0,0.0,1,1,5,8,0,6
KDV4571,NY,PAS,4939209430,2025-03-06,02:20P,PHTO SCHOOL ZN SPEED VIOLATION,50.0,0.0,0.0,0.0,50.0,0.0,000,Queens,DEPARTMENT OF TRANSPORTATION,UNKNOWN,,2025,3,6,3,1,0,50.0,50.0,0.0,0,3,17,8,1,6
1XYF87,MA,PAS,4840121096,2023-05-08,01:31P,PHTO SCHOOL ZN SPEED VIOLATION,50.0,25.0,15.58,0.06,90.52,0.0,000,Brooklyn,DEPARTMENT OF TRANSPORTATION,UNKNOWN,2023-08-03,2023,5,8,0,2,0,90.58,90.46,0.0,0,1,10,8,1,6
104AL,NY,ORG,4965451727,2025-09-19,08:56P,PHTO SCHOOL ZN SPEED VIOLATION,50.0,0.0,0.0,0.0,50.0,0.0,000,Queens,DEPARTMENT OF TRANSPORTATION,UNKNOWN,,2025,9,19,4,3,0,50.0,50.0,0.0,0,3,17,7,1,6
XFD9777,VA,PAS,9194109187,2025-04-04,11:10A,NO PARKING-STREET CLEANING,65.0,0.0,0.0,0.0,65.0,0.0,019,Manhattan,TRAFFIC,UNKNOWN,,2025,4,4,4,2,0,65.0,65.0,0.0,1,2,24,8,6,6
KPH3443,NY,PAS,4939788260,2025-03-11,02:23P,PHTO SCHOOL ZN SPEED VIOLATION,50.0,0.0,0.0,0.0,50.0,0.0,000,Brooklyn,DEPARTMENT OF TRANSPORTATION,UNKNOWN,,2025,3,11,1,1,0,50.0,50.0,0.0,0,1,17,8,1,6
LVBULLYS,NY,SRF,4939788404,2025-03-11,02:26P,PHTO SCHOOL ZN SPEED VIOLATION,50.0,0.0,0.0,0.0,50.0,0.0,000,Queens,DEPARTMENT OF TRANSPORTATION,UNKNOWN,,2025,3,11,1,1,0,50.0,50.0,0.0,0,3,17,11,1,6
KZX3969,NY,PAS,4939210078,2025-03-06,02:28P,PHTO SCHOOL ZN SPEED VIOLATION,50.0,0.0,0.0,0.0,50.0,0.0,000,Staten Island,DEPARTMENT OF TRANSPORTATION,UNKNOWN,,2025,3,6,3,1,0,50.0,50.0,0.0,0,4,17,8,1,6
JRJ1495,NY,PAS,4939788350,2025-03-11,02:25P,PHTO SCHOOL ZN SPEED VIOLATION,50.0,0.0,0.0,0.0,50.0,0.0,000,Bronx,DEPARTMENT OF TRANSPORTATION,UNKNOWN,,2025,3,11,1,1,0,50.0,50.0,0.0,0,0,17,8,1,6
KHL4543,NY,PAS,2023756066,2025-04-16,07:51A,NO PARKING-STREET CLEANING,65.0,0.0,0.0,0.0,65.0,0.0,049,Bronx,DEPARTMENT OF SANITATION,UNKNOWN,,2025,4,16,2,2,0,65.0,65.0,0.0,1,0,17,8,0,6
AHY7267,NY,PAS,2023758634,2025-04-11,08:26A,NO PARKING-STREET CLEANING,65.0,0.0,0.0,0.0,65.0,0.0,094,Brooklyn,DEPARTMENT OF SANITATION,UNKNOWN,,2025,4,11,4,2,0,65.0,65.0,0.0,1,1,17,8,0,6
LSX3280,NY,OMS,9179901529,2025-01-16,12:38P,NO STANDING-EXC. TRUCK LOADING,95.0,0.0,0.0,0.0,95.0,0.0,112,Queens,TRAFFIC,UNKNOWN,,2025,1,16,3,1,0,95.0,95.0,0.0,1,3,17,5,6,6
HLP2198,NY,PAS,4939209970,2025-03-06,02:27P,PHTO SCHOOL ZN SPEED VIOLATION,50.0,0.0,0.0,0.0,50.0,0.0,000,Brooklyn,DEPARTMENT OF TRANSPORTATION,UNKNOWN,,2025,3,6,3,1,0,50.0,50.0,0.0,0,1,17,8,1,6
74AYJC,FL,PAS,4939210212,2025-03-06,02:29P,PHTO SCHOOL ZN SPEED VIOLATION,50.0,0.0,0.0,0.0,50.0,0.0,000,Brooklyn,DEPARTMENT OF TRANSPORTATION,UNKNOWN,,2025,3,6,3,1,0,50.0,50.0,0.0,0,1,6,8,1,6
BWW4809,NY,PAS,4939209982,2025-03-06,02:27P,PHTO SCHOOL ZN SPEED VIOLATION,50.0,0.0,0.0,0.0,50.0,0.0,000,Queens,DEPARTMENT OF TRANSPORTATION,UNKNOWN,,2025,3,6,3,1,0,50.0,50.0,0.0,0,3,17,8,1,6
KKF4713,NY,PAS,4939210170,2025-03-06,02:29P,PHTO SCHOOL ZN SPEED VIOLATION,50.0,0.0,0.0,0.0,50.0,0.0,000,Staten Island,DEPARTMENT OF TRANSPORTATION,UNKNOWN,,2025,3,6,3,1,0,50.0,50.0,0.0,0,4,17,8,1,6
LHR8965,NY,OMS,5707329262,2025-11-04,04:59P,MTA CAMERA VIOLATION - DOUBLE PARKING,150.0,0.0,0.0,0.0,201.25599999999994,0.0,000,Manhattan,TRANSIT AUTHORITY,UNKNOWN,,2025,11,4,1,4,0,150.0,201.25599999999994,0.0,1,2,17,5,7,6
LKT4029,NY,PAS,2023758890,2025-04-15,11:41A,NO PARKING-STREET CLEANING,65.0,0.0,0.0,0.0,65.0,0.0,094,Brooklyn,DEPARTMENT OF SANITATION,UNKNOWN,,2025,4,15,1,2,0,65.0,65.0,0.0,1,1,17,8,0,6
5ER518,MA,PAS,9196202014,2025-04-26,07:46A,NO PARKING-STREET CLEANING,65.0,0.0,0.0,0.0,65.0,0.0,033,Manhattan,TRAFFIC,UNKNOWN,,2025,4,26,5,2,1,65.0,65.0,0.0,1,2,10,8,6,6
KSP9286,NY,PAS,2023764350,2025-04-11,09:14A,NO PARKING-STREET CLEANING,65.0,0.0,0.0,0.0,65.0,0.0,076,Brooklyn,DEPARTMENT OF SANITATION,UNKNOWN,,2025,4,11,4,2,0,65.0,65.0,0.0,1,1,17,8,0,6
JBH2143,NY,PAS,5701188980,2024-11-14,02:27P,NO STANDING-OFF-STREET LOT,100.0,0.0,0.0,0.0,100.0,0.0,000,UNKNOWN,TRANSIT AUTHORITY,UNKNOWN,,2024,11,14,3,4,0,100.0,100.0,0.0,1,5,17,8,7,6
K46UXH,NJ,PAS,5701189028,2024-11-14,02:30P,NO STANDING-OFF-STREET LOT,150.0,0.0,0.0,0.0,150.0,0.0,000,UNKNOWN,TRANSIT AUTHORITY,UNKNOWN,,2024,11,14,3,4,0,150.0,150.0,0.0,1,5,16,8,7,6
HXZ9983,NY,PAS,5701189132,2024-11-14,02:36P,NO STANDING-OFF-STREET LOT,50.0,0.0,0.0,0.0,50.0,0.0,000,Queens,TRANSIT AUTHORITY,UNKNOWN,,2024,11,14,3,4,0,50.0,50.0,0.0,0,3,17,8,7,6
XHHP93,NJ,PAS,9196202385,2025-04-29,10:12A,NO STANDING-DAY/TIME LIMITS,115.0,0.0,0.0,0.0,115.0,0.0,033,Manhattan,TRAFFIC,UNKNOWN,,2025,4,29,1,2,0,115.0,115.0,0.0,1,2,16,8,6,6
Y204833C,NY,OMT,5701188930,2024-11-14,02:23P,NO STANDING-OFF-STREET LOT,50.0,0.0,0.0,0.0,50.0,0.0,000,Queens,TRANSIT AUTHORITY,UNKNOWN,,2024,11,14,3,4,0,50.0,50.0,0.0,0,3,17,6,7,6
T644364C,NY,OMT,4941183836,2025-03-23,01:31A,PHTO SCHOOL ZN SPEED VIOLATION,50.0,0.0,0.0,0.0,50.0,0.0,000,Brooklyn,DEPARTMENT OF TRANSPORTATION,UNKNOWN,,2025,3,23,6,1,1,50.0,50.0,0.0,0,1,17,6,1,6
JBT4722,NY,PAS,4939210534,2025-03-06,02:33P,PHTO SCHOOL ZN SPEED VIOLATION,50.0,0.0,0.0,0.0,50.0,0.0,000,Queens,DEPARTMENT OF TRANSPORTATION,UNKNOWN,,2025,3,6,3,1,0,50.0,50.0,0.0,0,3,17,8,1,6
LDR7447,NY,PAS,4965451820,2025-09-19,09:07P,PHTO SCHOOL ZN SPEED VIOLATION,50.0,25.0,0.0,0.0,75.0,0.0,000,Bronx,DEPARTMENT OF TRANSPORTATION,UNKNOWN,,2025,9,19,4,3,0,75.0,75.0,0.0,0,0,17,8,1,6
W52JHZ,NJ,PAS,8571508150,2018-12-14,07:40A,NO STANDING-COMM METER ZONE,115.0,60.0,18.129699999999982,0.0,201.25599999999994,0.0,018,Manhattan,TRAFFIC,UNKNOWN,2019-04-04,2018,12,14,4,4,0,193.12969999999999,201.25599999999994,0.0,1,2,16,8,6,6
LPW9434,NY,PAS,5701189510,2024-11-14,03:04P,NO STANDING-OFF-STREET LOT,50.0,0.0,0.0,0.0,50.0,0.0,000,UNKNOWN,TRANSIT AUTHORITY,UNKNOWN,,2024,11,14,3,4,0,50.0,50.0,0.0,0,5,17,8,7,6
S65HDF,NJ,PAS,4049629860,2025-11-19,11:14A,BUS LANE VIOLATION,50.0,0.0,0.0,0.0,50.0,0.0,000,Manhattan,DEPARTMENT OF TRANSPORTATION,UNKNOWN,,2025,11,19,2,4,0,50.0,50.0,0.0,0,2,16,8,1,6
HTU9641,NY,PAS,5701189170,2024-11-14,02:39P,NO STANDING-OFF-STREET LOT,50.0,0.0,0.0,0.0,50.0,0.0,000,UNKNOWN,TRANSIT AUTHORITY,UNKNOWN,,2024,11,14,3,4,0,50.0,50.0,0.0,0,5,17,8,7,6
LLZ9623,NY,PAS,9194109758,2025-04-07,07:11A,NO PARKING-STREET CLEANING,65.0,0.0,0.0,0.0,65.0,0.0,024,Manhattan,TRAFFIC,UNKNOWN,,2025,4,7,0,2,0,65.0,65.0,0.0,1,2,17,8,6,6
JFH8330,NY,PAS,4966012454,2025-09-24,03:11P,PHTO SCHOOL ZN SPEED VIOLATION,50.0,0.0,0.0,0.0,50.0,0.0,000,Brooklyn,DEPARTMENT OF TRANSPORTATION,UNKNOWN,,2025,9,24,2,3,0,50.0,50.0,0.0,0,1,17,8,1,6
LKR1028,NY,PAS,4939788921,2025-03-11,02:40P,PHTO SCHOOL ZN SPEED VIOLATION,50.0,0.0,0.0,0.0,50.0,0.0,000,Brooklyn,DEPARTMENT OF TRANSPORTATION,UNKNOWN,,2025,3,11,1,1,0,50.0,50.0,0.0,0,1,17,8,1,6
LEL1815,NY,PAS,4931802400,2024-12-29,12:23P,PHTO SCHOOL ZN SPEED VIOLATION,50.0,0.0,0.0,0.0,50.0,0.0,000,Brooklyn,DEPARTMENT OF TRANSPORTATION,UNKNOWN,,2024,12,29,6,4,1,50.0,50.0,0.0,0,1,17,8,1,6
KLT8566,NY,PAS,2023764683,2025-04-16,11:37A,NO PARKING-STREET CLEANING,65.0,0.0,0.0,0.0,65.0,0.0,076,Brooklyn,DEPARTMENT OF SANITATION,UNKNOWN,,2025,4,16,2,2,0,65.0,65.0,0.0,1,1,17,8,0,6
LJS3970,NY,PAS,2023768093,2025-04-08,12:02P,NO PARKING-STREET CLEANING,65.0,0.0,0.0,0.0,65.0,0.0,047,Bronx,DEPARTMENT OF SANITATION,UNKNOWN,,2025,4,8,1,2,0,65.0,65.0,0.0,1,0,17,8,0,6
LNZ3903,NY,PAS,1498534570,2025-04-16,01:00A,NO STANDING-DAY/TIME LIMITS,115.0,0.0,0.0,0.0,115.0,0.0,013,Manhattan,LONG ISLAND RAILROAD,UNKNOWN,,2025,4,16,2,2,0,115.0,115.0,0.0,1,2,17,8,3,6
615AZ2,NY,MOT,1498534685,2025-03-06,11:25A,NO PARKING-STREET CLEANING,65.0,30.0,0.0,0.0,95.0,0.0,013,Manhattan,LONG ISLAND RAILROAD,UNKNOWN,,2025,3,6,3,1,0,95.0,95.0,0.0,1,2,17,3,3,6
DKB8288,NY,PAS,4965846989,2025-09-23,06:10P,PHTO SCHOOL ZN SPEED VIOLATION,50.0,25.0,0.0,0.0,75.0,0.0,000,Queens,DEPARTMENT OF TRANSPORTATION,UNKNOWN,,2025,9,23,1,3,0,75.0,75.0,0.0,0,3,17,8,1,6
23499MM,NY,COM,8926648813,2022-08-08,11:07A,DOUBLE PARKING-MIDTOWN COMML,115.0,0.0,0.0,0.0,115.0,0.0,017,Manhattan,TRAFFIC,HEARING HELD-GUILTY,,2022,8,8,0,3,0,115.0,115.0,0.0,1,2,17,1,6,3
119130A,99,COM,1490135420,2023-05-26,UNKNOWN,UNKNOWN,59.94399185336049,4.760692464358452,1.0263034623217924,1.8407230142566193,63.7833401221996,0.10692464358452139,,UNKNOWN,UNKNOWN,UNKNOWN,,2023,5,26,4,2,0,65.73098778004073,61.94261710794298,0.0016267006962124057,1,5,0,1,8,6
HJE7978,NY,PAS,9194109771,2025-04-07,07:21A,NO PARKING-STREET CLEANING,65.0,0.0,0.0,0.0,65.0,0.0,024,Manhattan,TRAFFIC,UNKNOWN,,2025,4,7,0,2,0,65.0,65.0,0.0,1,2,17,8,6,6
T775736C,NY,OMT,4965452070,2025-09-19,09:31P,PHTO SCHOOL ZN SPEED VIOLATION,50.0,0.0,0.0,0.0,50.0,0.0,000,Queens,DEPARTMENT OF TRANSPORTATION,UNKNOWN,,2025,9,19,4,3,0,50.0,50.0,0.0,0,3,17,6,1,6
LXG8071,NY,PAS,4965452136,2025-09-19,09:33P,PHTO SCHOOL ZN SPEED VIOLATION,50.0,0.0,0.0,0.0,50.0,0.0,000,Queens,DEPARTMENT OF TRANSPORTATION,UNKNOWN,,2025,9,19,4,3,0,50.0,50.0,0.0,0,3,17,8,1,6
LRK5141,NY,PAS,4939789482,2025-03-11,02:52P,PHTO SCHOOL ZN SPEED VIOLATION,50.0,0.0,0.0,0.0,50.0,0.0,000,Bronx,DEPARTMENT OF TRANSPORTATION,UNKNOWN,,2025,3,11,1,1,0,50.0,50.0,0.0,0,0,17,8,1,6
HKS4398,NY,PAS,4939789470,2025-03-11,02:51P,PHTO SCHOOL ZN SPEED VIOLATION,50.0,0.0,0.0,0.0,50.0,0.0,000,Staten Island,DEPARTMENT OF TRANSPORTATION,UNKNOWN,,2025,3,11,1,1,0,50.0,50.0,0.0,0,4,17,8,1,6
GTF2947,NY,PAS,4939789860,2025-03-11,03:00P,PHTO SCHOOL ZN SPEED VIOLATION,50.0,0.0,0.0,0.0,50.0,0.0,000,Bronx,DEPARTMENT OF TRANSPORTATION,UNKNOWN,,2025,3,11,1,1,0,50.0,50.0,0.0,0,0,17,8,1,6
KMS4867,NY,PAS,2023768184,2025-04-09,07:45A,NO PARKING-STREET CLEANING,65.0,0.0,0.0,0.0,65.0,0.0,047,Bronx,DEPARTMENT OF SANITATION,UNKNOWN,,2025,4,9,2,2,0,65.0,65.0,0.0,1,0,17,8,0,6
KSG1971,NY,PAS,4939211277,2025-03-06,01:44P,PHTO SCHOOL ZN SPEED VIOLATION,50.0,0.0,0.0,0.0,50.0,0.0,000,Bronx,DEPARTMENT OF TRANSPORTATION,UNKNOWN,,2025,3,6,3,1,0,50.0,50.0,0.0,0,0,17,8,1,6
KZS6546,NY,PAS,2023784906,2025-04-15,11:58A,NO PARKING-STREET CLEANING,65.0,0.0,0.0,0.0,65.0,0.0,110,Queens,DEPARTMENT OF SANITATION,UNKNOWN,,2025,4,15,1,2,0,65.0,65.0,0.0,1,3,17,8,0,6
TCU4389,VA,PAS,2023786022,2025-04-10,09:49A,NO PARKING-STREET CLEANING,65.0,0.0,0.0,0.0,65.0,0.0,078,Brooklyn,DEPARTMENT OF SANITATION,UNKNOWN,,2025,4,10,3,2,0,65.0,65.0,0.0,1,1,24,8,0,6
HGL6795,NY,PAS,4049629872,2025-11-19,11:24A,BUS LANE VIOLATION,50.0,0.0,0.0,0.0,50.0,0.0,000,Brooklyn,DEPARTMENT OF TRANSPORTATION,UNKNOWN,,2025,11,19,2,4,0,50.0,50.0,0.0,0,1,17,8,1,6
MPE1315,PA,PAS,4939211691,2025-03-06,02:23P,PHTO SCHOOL ZN SPEED VIOLATION,50.0,0.0,0.0,0.0,50.0,0.0,000,Queens,DEPARTMENT OF TRANSPORTATION,UNKNOWN,,2025,3,6,3,1,0,50.0,50.0,0.0,0,3,19,8,1,6
HFE5655,NY,PAS,4965847260,2025-09-23,06:33P,PHTO SCHOOL ZN SPEED VIOLATION,50.0,25.0,0.0,0.0,75.0,0.0,000,Staten Island,DEPARTMENT OF TRANSPORTATION,UNKNOWN,,2025,9,23,1,3,0,75.0,75.0,0.0,0,4,17,8,1,6
L24UPN,NJ,PAS,5701189582,2024-11-14,03:06P,NO STANDING-OFF-STREET LOT,50.0,0.0,0.0,0.0,50.0,0.0,000,UNKNOWN,TRANSIT AUTHORITY,UNKNOWN,,2024,11,14,3,4,0,50.0,50.0,0.0,0,5,16,8,7,6
KRZ5000,NY,PAS,4965452239,2025-09-19,09:43P,PHTO SCHOOL ZN SPEED VIOLATION,50.0,0.0,0.0,0.0,50.0,0.0,000,Staten Island,DEPARTMENT OF TRANSPORTATION,UNKNOWN,,2025,9,19,4,3,0,50.0,50.0,0.0,0,4,17,8,1,6
LXV5827,NY,PAS,4965452290,2025-09-19,09:50P,PHTO SCHOOL ZN SPEED VIOLATION,50.0,0.0,0.0,0.0,50.0,0.0,000,Queens,DEPARTMENT OF TRANSPORTATION,UNKNOWN,,2025,9,19,4,3,0,50.0,50.0,0.0,0,3,17,8,1,6
HHJ5535,NY,PAS,9196202440,2025-04-29,10:22A,FIRE HYDRANT,115.0,0.0,0.0,0.0,115.0,0.0,033,Manhattan,TRAFFIC,UNKNOWN,,2025,4,29,1,2,0,115.0,115.0,0.0,1,2,17,8,6,6
KUT5462,NY,PAS,4966012636,2025-09-24,03:15P,PHTO SCHOOL ZN SPEED VIOLATION,50.0,0.0,0.0,0.0,50.0,0.0,000,Queens,DEPARTMENT OF TRANSPORTATION,UNKNOWN,,2025,9,24,2,3,0,50.0,50.0,0.0,0,3,17,8,1,6
LJE4407,NY,PAS,4941184725,2025-03-23,01:49A,PHTO SCHOOL ZN SPEED VIOLATION,50.0,0.0,0.0,0.0,50.0,0.0,000,Bronx,DEPARTMENT OF TRANSPORTATION,UNKNOWN,,2025,3,23,6,1,1,50.0,50.0,0.0,0,0,17,8,1,6
KHA2877,NY,PAS,9049221324,2023-04-15,11:28A,REG. STICKER-EXPIRED/MISSING,65.0,60.0,14.11,0.0,139.11,0.0,078,Brooklyn,TRAFFIC,UNKNOWN,2023-08-03,2023,4,15,5,2,1,139.11,139.11,0.0,1,1,17,8,6,6
KJM2211,NY,PAS,4939789950,2025-03-11,03:01P,PHTO SCHOOL ZN SPEED VIOLATION,50.0,0.0,0.0,0.0,50.0,0.0,000,Queens,DEPARTMENT OF TRANSPORTATION,UNKNOWN,,2025,3,11,1,1,0,50.0,50.0,0.0,0,3,17,8,1,6
GJT6713,NY,PAS,4939789925,2025-03-11,03:01P,PHTO SCHOOL ZN SPEED VIOLATION,50.0,0.0,0.0,0.0,50.0,0.0,000,Queens,DEPARTMENT OF TRANSPORTATION,UNKNOWN,,2025,3,11,1,1,0,50.0,50.0,0.0,0,3,17,8,1,6
LHX5758,NY,PAS,2023786113,2025-04-10,01:26P,DOUBLE PARKING,115.0,0.0,0.0,0.0,115.0,0.0,078,Brooklyn,DEPARTMENT OF SANITATION,UNKNOWN,,2025,4,10,3,2,0,115.0,115.0,0.0,1,1,17,8,0,6
KJH5392,NY,PAS,4965452215,2025-09-19,09:42P,PHTO SCHOOL ZN SPEED VIOLATION,50.0,0.0,0.0,0.0,50.0,0.0,000,Brooklyn,DEPARTMENT OF TRANSPORTATION,UNKNOWN,,2025,9,19,4,3,0,50.0,50.0,0.0,0,1,17,8,1,6
FPZ5054,NY,PAS,5701190250,2024-11-14,03:46P,NO STANDING-OFF-STREET LOT,50.0,0.0,0.0,0.0,50.0,0.0,000,Queens,TRANSIT AUTHORITY,UNKNOWN,,2024,11,14,3,4,0,50.0,50.0,0.0,0,3,17,8,7,6
B85RWK,NJ,PAS,5701189995,2024-11-14,03:28P,NO STANDING-OFF-STREET LOT,50.0,0.0,0.0,50.0,0.0,0.0,000,UNKNOWN,TRANSIT AUTHORITY,HEARING HELD-NOT GUILTY,,2024,11,14,3,4,0,50.0,-50.0,0.0,0,5,16,8,7,5
LWE4458,NY,PAS,4965452641,2025-09-19,10:25P,PHTO SCHOOL ZN SPEED VIOLATION,50.0,0.0,0.0,0.0,50.0,0.0,000,Queens,DEPARTMENT OF TRANSPORTATION,UNKNOWN,,2025,9,19,4,3,0,50.0,50.0,0.0,0,3,17,8,1,6
FJB4435,NY,PAS,4966012806,2025-09-24,03:19P,PHTO SCHOOL ZN SPEED VIOLATION,50.0,0.0,0.0,0.0,50.0,0.0,000,Brooklyn,DEPARTMENT OF TRANSPORTATION,UNKNOWN,,2025,9,24,2,3,0,50.0,50.0,0.0,0,1,17,8,1,6
EAB8169,NY,PAS,9196202464,2025-04-29,10:30A,FIRE HYDRANT,115.0,0.0,0.0,0.0,115.0,0.0,033,Manhattan,TRAFFIC,UNKNOWN,,2025,4,29,1,2,0,115.0,115.0,0.0,1,2,17,8,6,6
MSN0632,PA,PAS,4941185213,2025-03-23,01:59A,PHTO SCHOOL ZN SPEED VIOLATION,50.0,0.0,0.0,0.0,50.0,0.0,000,Brooklyn,DEPARTMENT OF TRANSPORTATION,UNKNOWN,,2025,3,23,6,1,1,50.0,50.0,0.0,0,1,19,8,1,6
HKP8763,NY,PAS,4941185092,2025-03-23,01:56A,PHTO SCHOOL ZN SPEED VIOLATION,50.0,0.0,0.0,0.0,50.0,0.0,000,Manhattan,DEPARTMENT OF TRANSPORTATION,UNKNOWN,,2025,3,23,6,1,1,50.0,50.0,0.0,0,2,17,8,1,6
LCE8074,NY,PAS,9194111224,2025-03-26,10:50A,NO STANDING-EXC. TRUCK LOADING,95.0,10.0,0.0,10.0,95.0,0.0,023,Manhattan,TRAFFIC,UNKNOWN,,2025,3,26,2,1,0,105.0,85.0,0.0,1,2,17,8,6,6
KWR3133,NY,PAS,4939790290,2025-03-11,03:07P,PHTO SCHOOL ZN SPEED VIOLATION,50.0,0.0,0.0,0.0,50.0,0.0,000,Staten Island,DEPARTMENT OF TRANSPORTATION,UNKNOWN,,2025,3,11,1,1,0,50.0,50.0,0.0,0,4,17,8,1,6
AEM1615,NY,PAS,4939790496,2025-03-11,03:13P,PHTO SCHOOL ZN SPEED VIOLATION,50.0,0.0,0.0,0.0,50.0,0.0,000,Queens,DEPARTMENT OF TRANSPORTATION,UNKNOWN,,2025,3,11,1,1,0,50.0,50.0,0.0,0,3,17,8,1,6
4958422,NH,PAS,1498536815,2025-04-18,11:32A,NO STANDING-DAY/TIME LIMITS,115.0,0.0,0.0,0.0,115.0,0.0,013,Manhattan,LONG ISLAND RAILROAD,UNKNOWN,,2025,4,18,4,2,0,115.0,115.0,0.0,1,2,15,8,3,6
JAB7240,NY,PAS,1498537443,2025-04-17,05:20P,NO STANDING-DAY/TIME LIMITS,115.0,0.0,0.0,0.0,115.0,0.0,013,Manhattan,LONG ISLAND RAILROAD,UNKNOWN,,2025,4,17,3,2,0,115.0,115.0,0.0,1,2,17,8,3,6
KZV9251,NY,PAS,5701190353,2024-11-14,03:55P,NO STANDING-OFF-STREET LOT,50.0,0.0,0.0,0.0,50.0,0.0,000,Queens,TRANSIT AUTHORITY,UNKNOWN,,2024,11,14,3,4,0,50.0,50.0,0.0,0,3,17,8,7,6
H26LLF,NJ,PAS,9196202798,2025-05-01,05:11P,FIRE HYDRANT,115.0,0.0,0.0,0.0,115.0,0.0,028,Manhattan,TRAFFIC,UNKNOWN,,2025,5,1,3,2,0,115.0,115.0,0.0,1,2,16,8,6,6
LUE5187,NY,PAS,9196206299,2025-05-03,08:16A,NO PARKING-STREET CLEANING,65.0,0.0,0.0,0.0,65.0,0.0,032,Manhattan,TRAFFIC,UNKNOWN,,2025,5,3,5,2,1,65.0,65.0,0.0,1,2,17,8,6,6
LJP5478,NY,PAS,4941185262,2025-03-23,02:03A,PHTO SCHOOL ZN SPEED VIOLATION,50.0,0.0,0.0,0.0,50.0,0.0,000,Brooklyn,DEPARTMENT OF TRANSPORTATION,UNKNOWN,,2025,3,23,6,1,1,50.0,50.0,0.0,0,1,17,8,1,6
570230,NY,PAS,4939791245,2025-03-11,03:32P,PHTO SCHOOL ZN SPEED VIOLATION,50.0,0.0,0.0,0.0,50.0,0.0,000,Queens,DEPARTMENT OF TRANSPORTATION,UNKNOWN,,2025,3,11,1,1,0,50.0,50.0,0.0,0,3,17,8,1,6
LHH9945,NY,PAS,5802388742,2025-01-15,09:56P,EXPIRED METER-COMM METER ZONE,150.0,0.0,0.0,0.0,201.25599999999994,0.0,000,Brooklyn,TRANSIT AUTHORITY,UNKNOWN,,2025,1,15,2,1,0,150.0,201.25599999999994,0.0,1,1,17,8,7,6
FZT5083,NY,PAS,2023786370,2025-04-12,07:50A,NO PARKING-STREET CLEANING,65.0,0.0,0.0,0.0,65.0,0.0,078,Brooklyn,DEPARTMENT OF SANITATION,UNKNOWN,,2025,4,12,5,2,1,65.0,65.0,0.0,1,1,17,8,0,6
LLD1579,NY,PAS,4939212142,2025-03-06,02:39P,PHTO SCHOOL ZN SPEED VIOLATION,50.0,0.0,0.0,0.0,50.0,0.0,000,Brooklyn,DEPARTMENT OF TRANSPORTATION,UNKNOWN,,2025,3,6,3,1,0,50.0,50.0,0.0,0,1,17,8,1,6
JNB5305,NY,PAS,4941185468,2025-03-23,02:08A,PHTO SCHOOL ZN SPEED VIOLATION,50.0,0.0,0.0,0.0,50.0,0.0,000,Brooklyn,DEPARTMENT OF TRANSPORTATION,UNKNOWN,,2025,3,23,6,1,1,50.0,50.0,0.0,0,1,17,8,1,6
KEN5007,NY,PAS,4941185304,2025-03-23,02:04A,PHTO SCHOOL ZN SPEED VIOLATION,50.0,0.0,0.0,0.0,50.0,0.0,000,Queens,DEPARTMENT OF TRANSPORTATION,UNKNOWN,,2025,3,23,6,1,1,50.0,50.0,0.0,0,3,17,8,1,6
KUT4999,NY,PAS,5707329626,2025-11-04,04:26P,MTA CAMERA VIOLATION - DOUBLE PARKING,50.0,0.0,0.0,0.0,50.0,0.0,000,Manhattan,TRANSIT AUTHORITY,UNKNOWN,,2025,11,4,1,4,0,50.0,50.0,0.0,0,2,17,8,7,6
LLU9288,NY,PAS,4038887182,2024-08-27,12:09P,BUS LANE VIOLATION,50.0,25.0,5.48,0.03,80.45,0.0,000,Brooklyn,DEPARTMENT OF TRANSPORTATION,UNKNOWN,2024-12-05,2024,8,27,1,3,0,80.48,80.42,0.0,0,1,17,8,1,6
KVX7113,NY,PAS,4049629884,2025-11-19,11:28A,BUS LANE VIOLATION,100.0,0.0,0.0,0.0,100.0,0.0,000,Queens,DEPARTMENT OF TRANSPORTATION,UNKNOWN,,2025,11,19,2,4,0,100.0,100.0,0.0,1,3,17,8,1,6
LLB1711,NY,PAS,5701190638,2024-11-14,04:24P,NO STANDING-OFF-STREET LOT,50.0,0.0,0.0,0.0,50.0,0.0,000,UNKNOWN,TRANSIT AUTHORITY,UNKNOWN,,2024,11,14,3,4,0,50.0,50.0,0.0,0,5,17,8,7,6
HCV7103,NY,PAS,5701190742,2024-11-14,04:42P,NO STANDING-OFF-STREET LOT,50.0,0.0,0.0,0.0,50.0,0.0,000,Brooklyn,TRANSIT AUTHORITY,UNKNOWN,,2024,11,14,3,4,0,50.0,50.0,0.0,0,1,17,8,7,6
KVT6379,NY,PAS,5701191023,2024-11-14,05:05P,NO STANDING-OFF-STREET LOT,50.0,0.0,0.0,0.0,50.0,0.0,000,UNKNOWN,TRANSIT AUTHORITY,UNKNOWN,,2024,11,14,3,4,0,50.0,50.0,0.0,0,5,17,8,7,6
KYL1797,NY,PAS,4965452902,2025-09-19,10:46P,PHTO SCHOOL ZN SPEED VIOLATION,50.0,0.0,0.0,0.0,50.0,0.0,000,Queens,DEPARTMENT OF TRANSPORTATION,HEARING HELD-GUILTY,,2025,9,19,4,3,0,50.0,50.0,0.0,0,3,17,8,1,3
JEN7654,NY,PAS,4965848068,2025-09-23,07:04P,PHTO SCHOOL ZN SPEED VIOLATION,50.0,25.0,0.0,0.0,75.0,0.0,000,Queens,DEPARTMENT OF TRANSPORTATION,UNKNOWN,,2025,9,23,1,3,0,75.0,75.0,0.0,0,3,17,8,1,6
FSD3454,NY,PAS,4965452987,2025-09-19,10:53P,PHTO SCHOOL ZN SPEED VIOLATION,50.0,0.0,0.0,0.0,50.0,0.0,000,Queens,DEPARTMENT OF TRANSPORTATION,UNKNOWN,,2025,9,19,4,3,0,50.0,50.0,0.0,0,3,17,8,1,6
23674MG,NY,COM,9194111546,2025-03-28,07:23A,NO STANDING-EXC. AUTH. VEHICLE,95.0,0.0,0.0,0.0,95.0,0.0,028,Manhattan,TRAFFIC,UNKNOWN,,2025,3,28,4,1,0,95.0,95.0,0.0,1,2,17,1,6,6
CVT3182,NY,PAS,4966012946,2025-09-24,03:21P,PHTO SCHOOL ZN SPEED VIOLATION,50.0,0.0,0.0,0.0,50.0,0.0,000,Bronx,DEPARTMENT OF TRANSPORTATION,UNKNOWN,,2025,9,24,2,3,0,50.0,50.0,0.0,0,0,17,8,1,6
ERH3018,NY,PAS,4966012892,2025-09-24,03:20P,PHTO SCHOOL ZN SPEED VIOLATION,50.0,0.0,0.0,0.0,50.0,0.0,000,Brooklyn,DEPARTMENT OF TRANSPORTATION,UNKNOWN,,2025,9,24,2,3,0,50.0,50.0,0.0,0,1,17,8,1,6
KDE3268,NY,PAS,4939791270,2025-03-11,03:32P,PHTO SCHOOL ZN SPEED VIOLATION,50.0,0.0,0.0,0.0,50.0,0.0,000,Queens,DEPARTMENT OF TRANSPORTATION,UNKNOWN,,2025,3,11,1,1,0,50.0,50.0,0.0,0,3,17,8,1,6
DWR4984,NY,PAS,4939791257,2025-03-11,03:32P,PHTO SCHOOL ZN SPEED VIOLATION,50.0,0.0,0.0,0.0,50.0,0.0,000,Bronx,DEPARTMENT OF TRANSPORTATION,UNKNOWN,,2025,3,11,1,1,0,50.0,50.0,0.0,0,0,17,8,1,6
LFS9624,NY,PAS,2023788006,2025-04-15,07:55A,NO PARKING-STREET CLEANING,65.0,0.0,0.0,0.0,65.0,0.0,072,Brooklyn,DEPARTMENT OF SANITATION,UNKNOWN,,2025,4,15,1,2,0,65.0,65.0,0.0,1,1,17,8,0,6
T123897C,NY,OMT,4939212580,2025-03-06,02:43P,PHTO SCHOOL ZN SPEED VIOLATION,50.0,0.0,0.0,0.0,50.0,0.0,000,Queens,DEPARTMENT OF TRANSPORTATION,UNKNOWN,,2025,3,6,3,1,0,50.0,50.0,0.0,0,3,17,6,1,6
KPS9100,NY,PAS,4939212830,2025-03-06,02:45P,PHTO SCHOOL ZN SPEED VIOLATION,50.0,0.0,0.0,0.0,50.0,0.0,000,Queens,DEPARTMENT OF TRANSPORTATION,UNKNOWN,,2025,3,6,3,1,0,50.0,50.0,0.0,0,3,17,8,1,6
KVV6855,NY,PAS,2023788080,2025-04-15,12:01P,NO PARKING-STREET CLEANING,65.0,0.0,0.0,0.0,65.0,0.0,072,Brooklyn,DEPARTMENT OF SANITATION,UNKNOWN,,2025,4,15,1,2,0,65.0,65.0,0.0,1,1,17,8,0,6
JDZ1906,NY,PAS,2023792046,2025-04-08,09:51A,NO PARKING-STREET CLEANING,65.0,0.0,0.0,0.0,65.0,0.0,043,Bronx,DEPARTMENT OF SANITATION,UNKNOWN,,2025,4,8,1,2,0,65.0,65.0,0.0,1,0,17,8,0,6
4958422,NH,PAS,1498538186,2025-03-15,09:19A,NO STANDING-DAY/TIME LIMITS,115.0,10.0,0.0,0.0,125.0,0.0,013,Manhattan,LONG ISLAND RAILROAD,UNKNOWN,,2025,3,15,5,1,1,125.0,125.0,0.0,1,2,15,8,3,6
HUZ4942,NY,PAS,4939212890,2025-03-06,02:45P,PHTO SCHOOL ZN SPEED VIOLATION,50.0,0.0,0.0,0.0,50.0,0.0,000,Staten Island,DEPARTMENT OF TRANSPORTATION,UNKNOWN,,2025,3,6,3,1,0,50.0,50.0,0.0,0,4,17,8,1,6
LNZ7167,NY,PAS,1498537662,2025-04-14,05:40A,NO STANDING-DAY/TIME LIMITS,115.0,0.0,0.0,0.0,115.0,0.0,013,Manhattan,LONG ISLAND RAILROAD,UNKNOWN,,2025,4,14,0,2,0,115.0,115.0,0.0,1,2,17,8,3,6
XMWP39,NJ,PAS,9188798525,2025-03-21,08:09A,NO STANDING-DAY/TIME LIMITS,115.0,30.0,0.0,0.0,145.0,0.0,018,Manhattan,TRAFFIC,UNKNOWN,,2025,3,21,4,1,0,145.0,145.0,0.0,1,2,16,8,6,6
XKRV16,NJ,PAS,9188798562,2025-03-21,12:11P,FAIL TO DISP. MUNI METER RECPT,65.0,30.0,0.0,0.0,95.0,0.0,018,Manhattan,TRAFFIC,UNKNOWN,,2025,3,21,4,1,0,95.0,95.0,0.0,1,2,16,8,6,6
HXZ4720,NY,PAS,4939791816,2025-03-11,03:47P,PHTO SCHOOL ZN SPEED VIOLATION,50.0,0.0,0.0,0.0,50.0,0.0,000,Bronx,DEPARTMENT OF TRANSPORTATION,UNKNOWN,,2025,3,11,1,1,0,50.0,50.0,0.0,0,0,17,8,1,6
LHV4310,NC,PAS,9196211398,2025-04-05,08:36A,NO PARKING-DAY/TIME LIMITS,60.0,10.0,0.0,0.0,70.0,0.0,044,Bronx,TRAFFIC,UNKNOWN,,2025,4,5,5,2,1,70.0,70.0,0.0,1,0,14,8,6,6
LSH3902,NY,PAS,4966013045,2025-09-24,03:22P,PHTO SCHOOL ZN SPEED VIOLATION,50.0,0.0,0.0,0.0,50.0,0.0,000,Brooklyn,DEPARTMENT OF TRANSPORTATION,UNKNOWN,,2025,9,24,2,3,0,50.0,50.0,0.0,0,1,17,8,1,6
CCW6125,NY,PAS,4966013057,2025-09-24,03:23P,PHTO SCHOOL ZN SPEED VIOLATION,50.0,0.0,0.0,0.0,50.0,0.0,000,Manhattan,DEPARTMENT OF TRANSPORTATION,UNKNOWN,,2025,9,24,2,3,0,50.0,50.0,0.0,0,2,17,8,1,6
DDH9626,NY,PAS,4966013033,2025-09-24,03:22P,PHTO SCHOOL ZN SPEED VIOLATION,50.0,0.0,0.0,0.0,50.0,0.0,000,Queens,DEPARTMENT OF TRANSPORTATION,UNKNOWN,,2025,9,24,2,3,0,50.0,50.0,0.0,0,3,17,8,1,6
4389482,NH,PAS,9043101308,2023-03-29,UNKNOWN,UNKNOWN,59.94399185336049,4.760692464358452,1.0263034623217924,1.8407230142566193,63.7833401221996,0.10692464358452139,,UNKNOWN,UNKNOWN,UNKNOWN,,2023,3,29,2,1,0,65.73098778004073,61.94261710794298,0.0016267006962124057,1,5,15,8,8,6
R000532,NJ,PAS,9043101310,2023-03-29,UNKNOWN,UNKNOWN,59.94399185336049,4.760692464358452,1.0263034623217924,1.8407230142566193,63.7833401221996,0.10692464358452139,,UNKNOWN,UNKNOWN,UNKNOWN,,2023,3,29,2,1,0,65.73098778004073,61.94261710794298,0.0016267006962124057,1,5,16,8,8,6
HNX4969,NY,PAS,4939791890,2025-03-11,03:49P,PHTO SCHOOL ZN SPEED VIOLATION,50.0,0.0,0.0,0.0,50.0,0.0,000,Brooklyn,DEPARTMENT OF TRANSPORTATION,UNKNOWN,,2025,3,11,1,1,0,50.0,50.0,0.0,0,1,17,8,1,6
JJX7437,NY,PAS,4939791713,2025-03-11,03:44P,PHTO SCHOOL ZN SPEED VIOLATION,50.0,0.0,0.0,0.0,50.0,0.0,000,Queens,DEPARTMENT OF TRANSPORTATION,UNKNOWN,,2025,3,11,1,1,0,50.0,50.0,0.0,0,3,17,8,1,6
LRA2508,NY,PAS,4939213195,2025-03-06,02:48P,PHTO SCHOOL ZN SPEED VIOLATION,50.0,0.0,0.0,0.0,50.0,0.0,000,Staten Island,DEPARTMENT OF TRANSPORTATION,UNKNOWN,,2025,3,6,3,1,0,50.0,50.0,0.0,0,4,17,8,1,6
JDZ1906,NY,PAS,2023792587,2025-04-11,09:48A,NO PARKING-STREET CLEANING,65.0,0.0,0.0,0.0,65.0,0.0,043,Bronx,DEPARTMENT OF SANITATION,UNKNOWN,,2025,4,11,4,2,0,65.0,65.0,0.0,1,0,17,8,0,6
UNZ974,SC,PAS,2023816750,2025-04-10,09:37A,NO PARKING-STREET CLEANING,65.0,0.0,0.0,0.0,65.0,0.0,041,Bronx,DEPARTMENT OF SANITATION,UNKNOWN,,2025,4,10,3,2,0,65.0,65.0,0.0,1,0,21,8,0,6
R51VHR,NJ,PAS,5707329766,2025-11-04,05:20P,MTA CAMERA VIOLATION - DOUBLE PARKING,50.0,0.0,0.0,0.0,50.0,0.0,000,Brooklyn,TRANSIT AUTHORITY,UNKNOWN,,2025,11,4,1,4,0,50.0,50.0,0.0,0,1,16,8,7,6
GNS9180,NY,PAS,4965848184,2025-09-23,07:08P,PHTO SCHOOL ZN SPEED VIOLATION,50.0,25.0,0.0,0.0,75.0,0.0,000,Manhattan,DEPARTMENT OF TRANSPORTATION,UNKNOWN,,2025,9,23,1,3,0,75.0,75.0,0.0,0,2,17,8,1,6
LSG5988,PA,PAS,9043101321,2023-03-29,UNKNOWN,UNKNOWN,59.94399185336049,4.760692464358452,1.0263034623217924,1.8407230142566193,63.7833401221996,0.10692464358452139,,UNKNOWN,UNKNOWN,UNKNOWN,,2023,3,29,2,1,0,65.73098778004073,61.94261710794298,0.0016267006962124057,1,5,19,8,8,6
LMD2002,NC,PAS,4965453104,2025-09-19,11:02P,PHTO SCHOOL ZN SPEED VIOLATION,50.0,0.0,0.0,0.0,50.0,0.0,000,Queens,DEPARTMENT OF TRANSPORTATION,UNKNOWN,,2025,9,19,4,3,0,50.0,50.0,0.0,0,3,14,8,1,6
GA142J,NJ,PAS,9043101680,2023-03-30,UNKNOWN,UNKNOWN,59.94399185336049,4.760692464358452,1.0263034623217924,1.8407230142566193,63.7833401221996,0.10692464358452139,,UNKNOWN,UNKNOWN,UNKNOWN,,2023,3,30,3,1,0,65.73098778004073,61.94261710794298,0.0016267006962124057,1,5,16,8,8,6
KJW5448,NY,PAS,4939213444,2025-03-06,02:50P,PHTO SCHOOL ZN SPEED VIOLATION,50.0,0.0,0.0,0.0,50.0,0.0,000,Brooklyn,DEPARTMENT OF TRANSPORTATION,UNKNOWN,,2025,3,6,3,1,0,50.0,50.0,0.0,0,1,17,8,1,6
TJS3547,VA,PAS,4939791993,2025-03-11,03:51P,PHTO SCHOOL ZN SPEED VIOLATION,50.0,0.0,0.0,0.0,50.0,0.0,000,Queens,DEPARTMENT OF TRANSPORTATION,UNKNOWN,,2025,3,11,1,1,0,50.0,50.0,0.0,0,3,24,8,1,6
HNB5581,NY,PAS,4939792237,2025-03-11,03:55P,PHTO SCHOOL ZN SPEED VIOLATION,50.0,0.0,0.0,0.0,50.0,0.0,000,Queens,DEPARTMENT OF TRANSPORTATION,UNKNOWN,,2025,3,11,1,1,0,50.0,50.0,0.0,0,3,17,8,1,6
HZN9575,NY,PAS,2023816841,2025-04-10,09:46A,NO PARKING-STREET CLEANING,65.0,0.0,0.0,0.0,65.0,0.0,041,Bronx,DEPARTMENT OF SANITATION,HEARING HELD-GUILTY,,2025,4,10,3,2,0,65.0,65.0,0.0,1,0,17,8,0,3
KWT5413,NY,PAS,2023817365,2025-04-12,08:21A,NO PARKING-STREET CLEANING,65.0,0.0,0.0,0.0,65.0,0.0,041,Bronx,DEPARTMENT OF SANITATION,UNKNOWN,,2025,4,12,5,2,1,65.0,65.0,0.0,1,0,17,8,0,6
LNA9951,NY,PAS,4939213535,2025-03-06,02:51P,PHTO SCHOOL ZN SPEED VIOLATION,50.0,0.0,0.0,0.0,50.0,0.0,000,Brooklyn,DEPARTMENT OF TRANSPORTATION,UNKNOWN,,2025,3,6,3,1,0,50.0,50.0,0.0,0,1,17,8,1,6
K60RSX,NJ,PAS,4939213500,2025-03-06,02:51P,PHTO SCHOOL ZN SPEED VIOLATION,50.0,0.0,0.0,0.0,50.0,0.0,000,Brooklyn,DEPARTMENT OF TRANSPORTATION,HEARING HELD-GUILTY,,2025,3,6,3,1,0,50.0,50.0,0.0,0,1,16,8,1,3
BSJ9319,TN,PAS,4939213304,2025-03-06,02:49P,PHTO SCHOOL ZN SPEED VIOLATION,50.0,0.0,0.0,0.0,50.0,0.0,000,Queens,DEPARTMENT OF TRANSPORTATION,UNKNOWN,,2025,3,6,3,1,0,50.0,50.0,0.0,0,3,22,8,1,6
KRH1906,NY,PAS,4939213778,2025-03-06,02:54P,PHTO SCHOOL ZN SPEED VIOLATION,50.0,0.0,0.0,0.0,50.0,0.0,000,Queens,DEPARTMENT OF TRANSPORTATION,UNKNOWN,,2025,3,6,3,1,0,50.0,50.0,0.0,0,3,17,8,1,6
LRW7169,NY,PAS,5707329810,2025-11-04,05:24P,MTA CAMERA VIOLATION - DOUBLE PARKING,150.0,0.0,0.0,0.0,150.0,0.0,000,UNKNOWN,TRANSIT AUTHORITY,UNKNOWN,,2025,11,4,1,4,0,150.0,150.0,0.0,1,5,17,8,7,6
LLF1389,NY,PAS,5701191874,2024-11-14,06:33P,NO STANDING-OFF-STREET LOT,50.0,0.0,0.0,0.0,50.0,0.0,000,Brooklyn,TRANSIT AUTHORITY,HEARING HELD-GUILTY,,2024,11,14,3,4,0,50.0,50.0,0.0,0,1,17,8,7,3
V39LXL,NJ,PAS,5701191928,2024-11-14,06:35P,NO STANDING-OFF-STREET LOT,50.0,0.0,0.0,0.0,50.0,0.0,000,UNKNOWN,TRANSIT AUTHORITY,UNKNOWN,,2024,11,14,3,4,0,50.0,50.0,0.0,0,5,16,8,7,6
83FBJZ,FL,PAS,4937765802,2025-02-21,09:41A,PHTO SCHOOL ZN SPEED VIOLATION,50.0,25.0,1.93,0.07,76.86,0.0,000,Queens,DEPARTMENT OF TRANSPORTATION,UNKNOWN,2025-05-15,2025,2,21,4,1,0,76.93,76.79,0.0,0,3,6,8,1,6
LEK6666,NY,PAS,9196212275,2025-04-09,11:40A,NO PARKING-STREET CLEANING,65.0,10.0,0.0,0.0,75.0,0.0,052,Bronx,TRAFFIC,UNKNOWN,,2025,4,9,2,2,0,75.0,75.0,0.0,1,0,17,8,6,6
KJW5448,NY,PAS,4939213950,2025-03-06,02:57P,PHTO SCHOOL ZN SPEED VIOLATION,50.0,0.0,0.0,0.0,50.0,0.0,000,Brooklyn,DEPARTMENT OF TRANSPORTATION,UNKNOWN,,2025,3,6,3,1,0,50.0,50.0,0.0,0,1,17,8,1,6
KHA2877,NY,PAS,9049221336,2023-04-15,11:29A,INSP. STICKER-EXPIRED/MISSING,65.0,60.0,9.65,0.17,134.48,0.0,078,Brooklyn,TRAFFIC,UNKNOWN,2023-08-03,2023,4,15,5,2,1,134.65,134.31,0.0,1,1,17,8,6,6
FCW4002,NY,PAS,9179901580,2025-01-16,02:12P,NO STANDING-BUS STOP,115.0,0.0,0.0,0.0,115.0,0.0,112,Queens,TRAFFIC,UNKNOWN,,2025,1,16,3,1,0,115.0,115.0,0.0,1,3,17,8,6,6
JHE3001,NY,PAS,4939792640,2025-03-11,04:08P,PHTO SCHOOL ZN SPEED VIOLATION,50.0,0.0,0.0,0.0,50.0,0.0,000,Bronx,DEPARTMENT OF TRANSPORTATION,UNKNOWN,,2025,3,11,1,1,0,50.0,50.0,0.0,0,0,17,8,1,6
T800688C,NY,OMT,4939792780,2025-03-11,04:12P,PHTO SCHOOL ZN SPEED VIOLATION,50.0,0.0,0.0,0.0,50.0,0.0,000,Staten Island,DEPARTMENT OF TRANSPORTATION,UNKNOWN,,2025,3,11,1,1,0,50.0,50.0,0.0,0,4,17,6,1,6
LDM1378,NY,PAS,2023822063,2025-04-10,11:46A,NO PARKING-STREET CLEANING,65.0,0.0,0.0,0.0,65.0,0.0,072,Brooklyn,DEPARTMENT OF SANITATION,UNKNOWN,,2025,4,10,3,2,0,65.0,65.0,0.0,1,1,17,8,0,6
LKH5463,NY,PAS,2023822221,2025-04-11,11:39A,NO PARKING-STREET CLEANING,65.0,0.0,0.0,0.0,65.0,0.0,072,Brooklyn,DEPARTMENT OF SANITATION,UNKNOWN,,2025,4,11,4,2,0,65.0,65.0,0.0,1,1,17,8,0,6
LSS5523,NY,PAS,1498553825,2025-04-12,02:32A,FIRE HYDRANT,115.0,10.0,0.0,0.0,125.0,0.0,040,Bronx,POLICE DEPARTMENT,UNKNOWN,,2025,4,12,5,2,1,125.0,125.0,0.0,1,0,17,8,5,6
GWS7212,PA,PAS,9188798860,2025-03-22,01:16P,FAIL TO DSPLY MUNI METER RECPT,65.0,30.0,0.0,0.0,95.0,0.0,014,Manhattan,TRAFFIC,UNKNOWN,,2025,3,22,5,1,1,95.0,95.0,0.0,1,2,19,8,6,6
LET3580,NY,PAS,4938028906,2025-02-23,07:27P,PHTO SCHOOL ZN SPEED VIOLATION,50.0,25.0,0.0,0.0,75.0,0.0,000,Queens,DEPARTMENT OF TRANSPORTATION,UNKNOWN,,2025,2,23,6,1,1,75.0,75.0,0.0,0,3,17,8,1,6
MRH6418,PA,PAS,9196212329,2025-04-09,11:55A,NO PARKING-STREET CLEANING,65.0,10.0,0.0,10.0,65.0,0.0,052,Bronx,TRAFFIC,UNKNOWN,,2025,4,9,2,2,0,75.0,55.0,0.0,1,0,19,8,6,6
LFN9658,NY,PAS,1494981130,2024-08-20,08:53P,DOUBLE PARKING,115.0,10.0,0.0,0.0,125.0,0.0,046,Bronx,POLICE DEPARTMENT,UNKNOWN,,2024,8,20,1,3,0,125.0,125.0,0.0,1,0,17,8,5,6
KJJ9174,NY,PAS,4941187118,2025-03-23,02:57A,PHTO SCHOOL ZN SPEED VIOLATION,50.0,0.0,0.0,0.0,50.0,0.0,000,Brooklyn,DEPARTMENT OF TRANSPORTATION,UNKNOWN,,2025,3,23,6,1,1,50.0,50.0,0.0,0,1,17,8,1,6
GWC5283,NY,PAS,4941187179,2025-03-23,02:58A,PHTO SCHOOL ZN SPEED VIOLATION,50.0,0.0,0.0,0.0,50.0,0.0,000,Brooklyn,DEPARTMENT OF TRANSPORTATION,UNKNOWN,,2025,3,23,6,1,1,50.0,50.0,0.0,0,1,17,8,1,6
KMN8229,NY,PAS,4939793308,2025-03-11,04:22P,PHTO SCHOOL ZN SPEED VIOLATION,50.0,0.0,0.0,0.0,50.0,0.0,000,Bronx,DEPARTMENT OF TRANSPORTATION,UNKNOWN,,2025,3,11,1,1,0,50.0,50.0,0.0,0,0,17,8,1,6
HFZ5865,NY,PAS,9049242637,2023-04-27,11:59A,EXPIRED MUNI METER,35.0,0.0,0.0,0.0,35.0,0.0,066,Brooklyn,TRAFFIC,APPEAL AFFIRMED,,2023,4,27,3,2,0,35.0,35.0,0.0,0,1,17,8,6,1
KDE7840,NY,PAS,4939793278,2025-03-11,04:21P,PHTO SCHOOL ZN SPEED VIOLATION,50.0,0.0,0.0,0.0,50.0,0.0,000,Queens,DEPARTMENT OF TRANSPORTATION,UNKNOWN,,2025,3,11,1,1,0,50.0,50.0,0.0,0,3,17,8,1,6
KRN5083,NY,PAS,4939793345,2025-03-11,04:23P,PHTO SCHOOL ZN SPEED VIOLATION,50.0,0.0,0.0,0.0,50.0,0.0,000,Queens,DEPARTMENT OF TRANSPORTATION,UNKNOWN,,2025,3,11,1,1,0,50.0,50.0,0.0,0,3,17,8,1,6
KMG2335,NY,PAS,2023826032,2025-04-08,09:10A,NO PARKING-STREET CLEANING,65.0,0.0,0.0,0.0,65.0,0.0,073,Brooklyn,DEPARTMENT OF SANITATION,UNKNOWN,,2025,4,8,1,2,0,65.0,65.0,0.0,1,1,17,8,0,6
51DNRN,FL,PAS,2023826688,2025-04-10,10:29A,NO PARKING-STREET CLEANING,65.0,0.0,0.0,0.0,65.0,0.0,073,Brooklyn,DEPARTMENT OF SANITATION,UNKNOWN,,2025,4,10,3,2,0,65.0,65.0,0.0,1,1,6,8,0,6
LSK8479,NY,PAS,1498554131,2025-04-26,05:01P,NO STANDING-DAY/TIME LIMITS,115.0,0.0,0.0,0.0,115.0,0.0,040,Bronx,POLICE DEPARTMENT,UNKNOWN,,2025,4,26,5,2,1,115.0,115.0,0.0,1,0,17,8,5,6
HZL8902,NY,PAS,5701192647,2024-11-14,07:53P,NO STANDING-OFF-STREET LOT,50.0,0.0,0.0,0.0,50.0,0.0,000,Manhattan,TRANSIT AUTHORITY,UNKNOWN,,2024,11,14,3,4,0,50.0,50.0,0.0,0,2,17,8,7,6
FLW5842,NY,PAS,4965849097,2025-09-23,07:40P,PHTO SCHOOL ZN SPEED VIOLATION,50.0,25.0,0.0,25.0,50.0,0.0,000,Queens,DEPARTMENT OF TRANSPORTATION,UNKNOWN,,2025,9,23,1,3,0,75.0,25.0,0.0,0,3,17,8,1,6
KGX7906,NY,PAS,4938029315,2025-02-23,07:42P,PHTO SCHOOL ZN SPEED VIOLATION,50.0,25.0,0.0,0.0,75.0,0.0,000,Brooklyn,DEPARTMENT OF TRANSPORTATION,UNKNOWN,,2025,2,23,6,1,1,75.0,75.0,0.0,0,1,17,8,1,6
MPN8492,PA,PAS,4938029844,2025-02-23,08:06P,PHTO SCHOOL ZN SPEED VIOLATION,50.0,25.0,0.0,0.0,75.0,0.0,000,Staten Island,DEPARTMENT OF TRANSPORTATION,UNKNOWN,,2025,2,23,6,1,1,75.0,75.0,0.0,0,4,19,8,1,6
12931MK,NY,COM,4965453645,2025-09-20,12:00A,PHTO SCHOOL ZN SPEED VIOLATION,50.0,0.0,0.0,0.0,50.0,0.0,000,Queens,DEPARTMENT OF TRANSPORTATION,UNKNOWN,,2025,9,20,5,3,1,50.0,50.0,0.0,0,3,17,1,1,6
DZD4108,NY,PAS,2023831374,2025-04-10,11:44A,NO PARKING-STREET CLEANING,65.0,0.0,0.0,0.0,65.0,0.0,077,Brooklyn,DEPARTMENT OF SANITATION,UNKNOWN,,2025,4,10,3,2,0,65.0,65.0,0.0,1,1,17,8,0,6
KRU1545,NY,PAS,9049249851,2023-04-27,09:42P,FIRE HYDRANT,115.0,10.0,0.0,0.0,125.0,0.0,066,Brooklyn,TRAFFIC,APPEAL AFFIRMED,,2023,4,27,3,2,0,125.0,125.0,0.0,1,1,17,8,6,1
195APA,NY,ORG,4941187209,2025-03-23,03:00A,PHTO SCHOOL ZN SPEED VIOLATION,50.0,0.0,0.0,0.0,50.0,0.0,000,Brooklyn,DEPARTMENT OF TRANSPORTATION,UNKNOWN,,2025,3,23,6,1,1,50.0,50.0,0.0,0,1,17,7,1,6
33360LV,NY,OML,4939214758,2025-03-06,03:03P,PHTO SCHOOL ZN SPEED VIOLATION,50.0,0.0,0.0,0.0,50.0,0.0,000,Brooklyn,DEPARTMENT OF TRANSPORTATION,UNKNOWN,,2025,3,6,3,1,0,50.0,50.0,0.0,0,1,17,4,1,6
LPV4118,NY,PAS,4939215155,2025-03-06,03:07P,PHTO SCHOOL ZN SPEED VIOLATION,50.0,0.0,0.0,50.0,0.0,0.0,000,Queens,DEPARTMENT OF TRANSPORTATION,HEARING HELD-NOT GUILTY,,2025,3,6,3,1,0,50.0,-50.0,0.0,0,3,17,8,1,5
KGG6087,NY,PAS,4939215064,2025-03-06,03:05P,PHTO SCHOOL ZN SPEED VIOLATION,50.0,0.0,0.0,0.0,50.0,0.0,000,Queens,DEPARTMENT OF TRANSPORTATION,UNKNOWN,,2025,3,6,3,1,0,50.0,50.0,0.0,0,3,17,8,1,6
HYU7812,NY,PAS,4941187805,2025-03-23,03:17A,PHTO SCHOOL ZN SPEED VIOLATION,50.0,25.0,0.0,0.0,75.0,0.0,000,Queens,DEPARTMENT OF TRANSPORTATION,UNKNOWN,,2025,3,23,6,1,1,75.0,75.0,0.0,0,3,17,8,1,6
MAC6413,NY,PAS,4966013392,2025-09-24,03:31P,PHTO SCHOOL ZN SPEED VIOLATION,50.0,0.0,0.0,0.0,50.0,0.0,000,Staten Island,DEPARTMENT OF TRANSPORTATION,UNKNOWN,,2025,9,24,2,3,0,50.0,50.0,0.0,0,4,17,8,1,6
T112019C,NY,OMT,4933181767,2025-01-09,09:57A,PHTO SCHOOL ZN SPEED VIOLATION,50.0,25.0,2.16,0.04,77.12,0.0,000,Brooklyn,DEPARTMENT OF TRANSPORTATION,UNKNOWN,2025-04-03,2025,1,9,3,1,0,77.16,77.08,0.0,0,1,17,6,1,6
205614,WV,PAS,9043101862,2023-03-30,UNKNOWN,UNKNOWN,59.94399185336049,4.760692464358452,1.0263034623217924,1.8407230142566193,63.7833401221996,0.10692464358452139,,UNKNOWN,UNKNOWN,UNKNOWN,,2023,3,30,3,1,0,65.73098778004073,61.94261710794298,0.0016267006962124057,1,5,25,8,8,6
KZP3631,NY,PAS,4941187982,2025-03-23,03:24A,PHTO SCHOOL ZN SPEED VIOLATION,50.0,0.0,0.0,0.0,50.0,0.0,000,Brooklyn,DEPARTMENT OF TRANSPORTATION,UNKNOWN,,2025,3,23,6,1,1,50.0,50.0,0.0,0,1,17,8,1,6
KVT6342,NY,PAS,4785205581,2022-06-30,05:42P,PHTO SCHOOL ZN SPEED VIOLATION,50.0,25.0,15.34,0.0,90.34,0.0,000,Bronx,DEPARTMENT OF TRANSPORTATION,UNKNOWN,2022-09-22,2022,6,30,3,2,0,90.34,90.34,0.0,0,0,17,8,1,6
XJZN18,NJ,PAS,4785770030,2022-07-06,11:54A,PHTO SCHOOL ZN SPEED VIOLATION,50.0,25.0,17.2,0.13,92.07,0.0,000,Queens,DEPARTMENT OF TRANSPORTATION,UNKNOWN,2022-09-29,2022,7,6,2,3,0,92.2,91.94,0.0,0,3,16,8,1,6
KVT5311,NY,PAS,4786160015,2022-07-06,05:33P,PHTO SCHOOL ZN SPEED VIOLATION,50.0,25.0,15.21,0.0,90.21,0.0,000,Bronx,DEPARTMENT OF TRANSPORTATION,UNKNOWN,2022-09-29,2022,7,6,2,3,0,90.21000000000001,90.21,0.0,0,0,17,8,1,6
DSG5867,NY,PAS,4939793930,2025-03-11,04:36P,PHTO SCHOOL ZN SPEED VIOLATION,50.0,0.0,0.0,0.0,50.0,0.0,000,Queens,DEPARTMENT OF TRANSPORTATION,UNKNOWN,,2025,3,11,1,1,0,50.0,50.0,0.0,0,3,17,8,1,6
LCF2442,NY,PAS,1492652659,2023-07-23,08:42P,DOUBLE PARKING,115.0,10.0,0.0,55.09999999999991,0.0,0.0,079,Brooklyn,POLICE DEPARTMENT,ADMIN REDUCTION,,2023,7,23,6,3,1,125.0,-55.09999999999991,0.0,1,1,17,8,5,0
93647,NY,MED,9179902571,2025-01-29,12:09P,REG. STICKER-EXPIRED/MISSING,65.0,0.0,0.0,0.0,65.0,0.0,112,Queens,TRAFFIC,UNKNOWN,,2025,1,29,2,1,0,65.0,65.0,0.0,1,3,17,2,6,6
LPG2164,NY,PAS,5701193068,2024-11-14,08:26P,NO STANDING-OFF-STREET LOT,50.0,0.0,0.0,0.0,50.0,0.0,000,UNKNOWN,TRANSIT AUTHORITY,UNKNOWN,,2024,11,14,3,4,0,50.0,50.0,0.0,0,5,17,8,7,6
KVG6996,NY,PAS,5701193160,2024-11-14,08:49P,NO STANDING-OFF-STREET LOT,50.0,0.0,0.0,0.0,50.0,0.0,000,UNKNOWN,TRANSIT AUTHORITY,UNKNOWN,,2024,11,14,3,4,0,50.0,50.0,0.0,0,5,17,8,7,6
KPS6333,NY,PAS,4941187908,2025-03-23,03:20A,PHTO SCHOOL ZN SPEED VIOLATION,50.0,0.0,0.0,0.0,50.0,0.0,000,Brooklyn,DEPARTMENT OF TRANSPORTATION,UNKNOWN,,2025,3,23,6,1,1,50.0,50.0,0.0,0,1,17,8,1,6
BDP4832,NY,PAS,4939214989,2025-03-06,03:05P,PHTO SCHOOL ZN SPEED VIOLATION,50.0,0.0,0.0,0.0,50.0,0.0,000,Staten Island,DEPARTMENT OF TRANSPORTATION,UNKNOWN,,2025,3,6,3,1,0,50.0,50.0,0.0,0,4,17,8,1,6
T33SKG,NJ,PAS,4939215179,2025-03-06,03:07P,PHTO SCHOOL ZN SPEED VIOLATION,50.0,0.0,0.0,0.0,50.0,0.0,000,Brooklyn,DEPARTMENT OF TRANSPORTATION,UNKNOWN,,2025,3,6,3,1,0,50.0,50.0,0.0,0,1,16,8,1,6
T775475C,NY,OMT,1498556425,2025-04-15,08:50P,NO STANDING-EXC. AUTH. VEHICLE,95.0,10.0,0.0,0.0,105.0,0.0,040,Bronx,POLICE DEPARTMENT,UNKNOWN,,2025,4,15,1,2,0,105.0,105.0,0.0,1,0,17,6,5,6
LDH3339,NC,PAS,1490137490,2024-09-27,07:03A,NO STANDING-DAY/TIME LIMITS,115.0,60.0,8.62,0.01,183.61,0.0,013,Manhattan,HEALTH AND HOSPITAL CORP. POLICE,UNKNOWN,2025-01-16,2024,9,27,4,3,0,183.62,183.60000000000002,0.0,1,2,14,8,2,6
KWN3120,NY,PAS,4939215350,2025-03-06,03:09P,PHTO SCHOOL ZN SPEED VIOLATION,50.0,0.0,0.0,0.0,50.0,0.0,000,Queens,DEPARTMENT OF TRANSPORTATION,UNKNOWN,,2025,3,6,3,1,0,50.0,50.0,0.0,0,3,17,8,1,6
BF8769,NY,PAS,5701193512,2024-11-14,09:54P,NO STANDING-OFF-STREET LOT,50.0,0.0,0.0,0.0,50.0,0.0,000,Brooklyn,TRANSIT AUTHORITY,UNKNOWN,,2024,11,14,3,4,0,50.0,50.0,0.0,0,1,17,8,7,6
Z50WDE,NJ,PAS,2026997329,2025-10-21,11:51A,NO PARKING-STREET CLEANING,65.0,0.0,0.0,0.0,65.0,0.0,032,Manhattan,DEPARTMENT OF SANITATION,UNKNOWN,,2025,10,21,1,4,0,65.0,65.0,0.0,1,2,16,8,0,6
G76VBW,NJ,PAS,4965453852,2025-09-20,12:17A,PHTO SCHOOL ZN SPEED VIOLATION,50.0,0.0,0.0,0.0,50.0,0.0,000,Bronx,DEPARTMENT OF TRANSPORTATION,UNKNOWN,,2025,9,20,5,3,1,50.0,50.0,0.0,0,0,16,8,1,6
15364NG,NY,COM,4966013460,2025-09-24,03:32P,PHTO SCHOOL ZN SPEED VIOLATION,50.0,0.0,0.0,0.0,50.0,0.0,000,Queens,DEPARTMENT OF TRANSPORTATION,UNKNOWN,,2025,9,24,2,3,0,50.0,50.0,0.0,0,3,17,1,1,6
LFA6815,NY,PAS,2023831611,2025-04-11,08:59A,NO PARKING-STREET CLEANING,65.0,0.0,0.0,0.0,65.0,0.0,077,Brooklyn,DEPARTMENT OF SANITATION,UNKNOWN,,2025,4,11,4,2,0,65.0,65.0,0.0,1,1,17,8,0,6
HJG1251,NY,PAS,2026998942,2025-10-06,11:38A,NO PARKING-STREET CLEANING,65.0,0.0,0.0,0.0,65.0,0.0,108,Queens,DEPARTMENT OF SANITATION,UNKNOWN,,2025,10,6,0,4,0,65.0,65.0,0.0,1,3,17,8,0,6
BL34738,CT,PAS,2023832007,2025-04-12,09:37A,NO PARKING-STREET CLEANING,65.0,0.0,0.0,0.0,65.0,0.0,045,Bronx,DEPARTMENT OF SANITATION,UNKNOWN,,2025,4,12,5,2,1,65.0,65.0,0.0,1,0,5,8,0,6
FRA2559,NY,PAS,2023844125,2025-04-16,11:45A,NO PARKING-STREET CLEANING,65.0,0.0,0.0,0.0,65.0,0.0,062,Brooklyn,DEPARTMENT OF SANITATION,UNKNOWN,,2025,4,16,2,2,0,65.0,65.0,0.0,1,1,17,8,0,6
MRZ2162,PA,PAS,5701193536,2024-11-14,09:56P,NO STANDING-OFF-STREET LOT,50.0,0.0,0.0,0.0,50.0,0.0,000,UNKNOWN,TRANSIT AUTHORITY,UNKNOWN,,2024,11,14,3,4,0,50.0,50.0,0.0,0,5,19,8,7,6
FAM1903,NY,PAS,9179903083,2025-02-04,11:59A,FAIL TO DSPLY MUNI METER RECPT,35.0,0.0,0.0,0.0,35.0,0.0,106,Queens,TRAFFIC,UNKNOWN,,2025,2,4,1,1,0,35.0,35.0,0.0,0,3,17,8,6,6
LKL6686,NY,PAS,5701193962,2024-11-15,01:20A,NO STANDING-OFF-STREET LOT,50.0,0.0,0.0,50.0,0.0,0.0,000,Manhattan,TRANSIT AUTHORITY,HEARING HELD-NOT GUILTY,,2024,11,15,4,4,0,50.0,-50.0,0.0,0,2,17,8,7,5
9HSG000,CA,PAS,4939215477,2025-03-06,03:10P,PHTO SCHOOL ZN SPEED VIOLATION,50.0,0.0,0.0,0.0,50.0,0.0,000,Manhattan,DEPARTMENT OF TRANSPORTATION,UNKNOWN,,2025,3,6,3,1,0,50.0,50.0,0.0,0,2,3,8,1,6
HFY8034,NY,PAS,4938030688,2025-02-23,08:40P,PHTO SCHOOL ZN SPEED VIOLATION,50.0,25.0,0.0,0.0,75.0,0.0,000,Brooklyn,DEPARTMENT OF TRANSPORTATION,UNKNOWN,,2025,2,23,6,1,1,75.0,75.0,0.0,0,1,17,8,1,6
40363NC,NY,COM,1498556644,2025-04-27,01:30P,FIRE HYDRANT,115.0,0.0,0.0,0.0,115.0,0.0,040,Bronx,POLICE DEPARTMENT,UNKNOWN,,2025,4,27,6,2,1,115.0,115.0,0.0,1,0,17,1,5,6
LNF5793,NY,PAS,4049629940,2025-11-19,11:39A,BUS LANE VIOLATION,100.0,0.0,0.0,0.0,100.0,0.0,000,Queens,DEPARTMENT OF TRANSPORTATION,UNKNOWN,,2025,11,19,2,4,0,100.0,100.0,0.0,1,3,17,8,1,6
LDH3339,NC,PAS,1490137970,2024-09-24,01:50A,NO STANDING-DAY/TIME LIMITS,115.0,60.0,5.0,0.01,179.99,0.0,013,UNKNOWN,HEALTH AND HOSPITAL CORP. POLICE,UNKNOWN,2025-01-09,2024,9,24,1,3,0,180.0,179.98000000000002,0.0,1,5,14,8,2,6
GFS8785,NY,PAS,1499032006,2025-05-14,08:58A,OBSTRUCTING DRIVEWAY,95.0,10.0,0.0,0.0,105.0,0.0,072,Brooklyn,POLICE DEPARTMENT,UNKNOWN,,2025,5,14,2,2,0,105.0,105.0,0.0,1,1,17,8,5,6
JMN2311,NY,OMS,4966013525,2025-09-24,03:33P,PHTO SCHOOL ZN SPEED VIOLATION,50.0,0.0,0.0,0.0,50.0,0.0,000,Brooklyn,DEPARTMENT OF TRANSPORTATION,UNKNOWN,,2025,9,24,2,3,0,50.0,50.0,0.0,0,1,17,5,1,6
KDR3531,NY,PAS,9196213747,2025-04-15,02:15P,EXPIRED MUNI METER,35.0,0.0,0.0,0.0,35.0,0.0,046,Bronx,TRAFFIC,UNKNOWN,,2025,4,15,1,2,0,35.0,35.0,0.0,0,0,17,8,6,6
JMZ2544,NY,PAS,4941188342,2025-03-23,03:33A,PHTO SCHOOL ZN SPEED VIOLATION,50.0,0.0,0.0,0.0,50.0,0.0,000,Brooklyn,DEPARTMENT OF TRANSPORTATION,UNKNOWN,,2025,3,23,6,1,1,50.0,50.0,0.0,0,1,17,8,1,6
GBV6892,NY,PAS,4939794969,2025-03-11,05:04P,PHTO SCHOOL ZN SPEED VIOLATION,50.0,0.0,0.0,0.0,50.0,0.0,000,Brooklyn,DEPARTMENT OF TRANSPORTATION,UNKNOWN,,2025,3,11,1,1,0,50.0,50.0,0.0,0,1,17,8,1,6
KUG5257,NY,PAS,2023872686,2025-04-15,11:28A,NO PARKING-STREET CLEANING,65.0,0.0,0.0,0.0,65.0,0.0,075,Brooklyn,DEPARTMENT OF SANITATION,UNKNOWN,,2025,4,15,1,2,0,65.0,65.0,0.0,1,1,17,8,0,6
T778076C,NY,OMT,5802389679,2025-01-15,11:28P,EXPIRED METER-COMM METER ZONE,50.0,0.0,0.0,0.0,50.0,0.0,000,Brooklyn,TRANSIT AUTHORITY,UNKNOWN,,2025,1,15,2,1,0,50.0,50.0,0.0,0,1,17,6,7,6
LSM9732,NY,PAS,4941188718,2025-03-23,03:42A,PHTO SCHOOL ZN SPEED VIOLATION,50.0,0.0,0.0,0.0,50.0,0.0,000,Queens,DEPARTMENT OF TRANSPORTATION,UNKNOWN,,2025,3,23,6,1,1,50.0,50.0,0.0,0,3,17,8,1,6
GRV6853,NY,PAS,4939215830,2025-03-06,03:13P,PHTO SCHOOL ZN SPEED VIOLATION,50.0,0.0,0.0,0.0,50.0,0.0,000,Queens,DEPARTMENT OF TRANSPORTATION,UNKNOWN,,2025,3,6,3,1,0,50.0,50.0,0.0,0,3,17,8,1,6
EJE4633,NY,PAS,4939215623,2025-03-06,03:11P,PHTO SCHOOL ZN SPEED VIOLATION,50.0,0.0,0.0,0.0,50.0,0.0,000,Queens,DEPARTMENT OF TRANSPORTATION,UNKNOWN,,2025,3,6,3,1,0,50.0,50.0,0.0,0,3,17,8,1,6
LBR2389,NY,PAS,4941188469,2025-03-23,03:36A,PHTO SCHOOL ZN SPEED VIOLATION,50.0,0.0,0.0,0.0,50.0,0.0,000,Bronx,DEPARTMENT OF TRANSPORTATION,UNKNOWN,,2025,3,23,6,1,1,50.0,50.0,0.0,0,0,17,8,1,6
LBR2389,NY,PAS,4941188482,2025-03-23,03:36A,PHTO SCHOOL ZN SPEED VIOLATION,50.0,0.0,0.0,0.0,50.0,0.0,000,Bronx,DEPARTMENT OF TRANSPORTATION,UNKNOWN,,2025,3,23,6,1,1,50.0,50.0,0.0,0,0,17,8,1,6
KFK7114,NY,PAS,8991639665,2022-03-23,10:09A,INSP. STICKER-EXPIRED/MISSING,65.0,60.0,18.129699999999982,0.01,166.87,0.0,073,Brooklyn,TRAFFIC,UNKNOWN,2022-07-28,2022,3,23,2,1,0,143.12969999999999,166.86,0.0,1,1,17,8,6,6
LHP4941,NY,PAS,4966013550,2025-09-24,03:33P,PHTO SCHOOL ZN SPEED VIOLATION,50.0,0.0,0.0,0.0,50.0,0.0,000,Queens,DEPARTMENT OF TRANSPORTATION,UNKNOWN,,2025,9,24,2,3,0,50.0,50.0,0.0,0,3,17,8,1,6
L42SCA,NJ,PAS,1490138377,2024-10-10,05:35P,NO STANDING-DAY/TIME LIMITS,115.0,10.0,0.0,0.0,125.0,0.0,013,Manhattan,HEALTH AND HOSPITAL CORP. POLICE,UNKNOWN,,2024,10,10,3,4,0,125.0,125.0,0.0,1,2,16,8,2,6
J24NYJ,NJ,PAS,4938032053,2025-02-23,09:47P,PHTO SCHOOL ZN SPEED VIOLATION,50.0,25.0,0.0,0.0,75.0,0.0,000,Manhattan,DEPARTMENT OF TRANSPORTATION,UNKNOWN,,2025,2,23,6,1,1,75.0,75.0,0.0,0,2,16,8,1,6
8628AK,VA,PAS,5701194322,2024-11-15,07:06A,NO STANDING-OFF-STREET LOT,50.0,0.0,0.0,0.0,50.0,0.0,000,Manhattan,TRANSIT AUTHORITY,UNKNOWN,,2024,11,15,4,4,0,50.0,50.0,0.0,0,2,24,8,7,6
RUK0714,GA,PAS,5701194530,2024-11-15,07:36A,NO STANDING-OFF-STREET LOT,50.0,0.0,0.0,0.0,50.0,0.0,000,UNKNOWN,TRANSIT AUTHORITY,UNKNOWN,,2024,11,15,4,4,0,50.0,50.0,0.0,0,5,7,8,7,6
YOUSSEF,NY,OMT,5701194541,2024-11-15,07:38A,NO STANDING-OFF-STREET LOT,50.0,0.0,0.0,0.0,50.0,0.0,000,UNKNOWN,TRANSIT AUTHORITY,UNKNOWN,,2024,11,15,4,4,0,50.0,50.0,0.0,0,5,17,6,7,6
KMR1601,NC,PAS,1490138420,2024-11-15,09:25A,NO STANDING-DAY/TIME LIMITS,115.0,60.0,3.64,0.28,178.36,0.0,013,Manhattan,HEALTH AND HOSPITAL CORP. POLICE,UNKNOWN,2025-03-06,2024,11,15,4,4,0,178.64,178.08,0.0,1,2,14,8,2,6
T100342C,NY,OMT,4939795032,2025-03-11,05:05P,PHTO SCHOOL ZN SPEED VIOLATION,50.0,0.0,0.0,0.0,50.0,0.0,000,Bronx,DEPARTMENT OF TRANSPORTATION,UNKNOWN,,2025,3,11,1,1,0,50.0,50.0,0.0,0,0,17,6,1,6
LTV6477,NY,PAS,2023884056,2025-04-11,10:30A,NO PARKING-STREET CLEANING,65.0,0.0,0.0,0.0,65.0,0.0,042,Bronx,DEPARTMENT OF SANITATION,UNKNOWN,,2025,4,11,4,2,0,65.0,65.0,0.0,1,0,17,8,0,6
LLR7568,NY,PAS,4939216226,2025-03-06,03:18P,PHTO SCHOOL ZN SPEED VIOLATION,50.0,0.0,0.0,0.0,50.0,0.0,000,Queens,DEPARTMENT OF TRANSPORTATION,UNKNOWN,,2025,3,6,3,1,0,50.0,50.0,0.0,0,3,17,8,1,6
KHT4510,NY,PAS,4939216238,2025-03-06,03:18P,PHTO SCHOOL ZN SPEED VIOLATION,50.0,0.0,0.0,0.0,50.0,0.0,000,Staten Island,DEPARTMENT OF TRANSPORTATION,UNKNOWN,,2025,3,6,3,1,0,50.0,50.0,0.0,0,4,17,8,1,6
HYH5875,NY,PAS,4966013562,2025-09-24,03:34P,PHTO SCHOOL ZN SPEED VIOLATION,50.0,0.0,0.0,0.0,50.0,0.0,000,Brooklyn,DEPARTMENT OF TRANSPORTATION,UNKNOWN,,2025,9,24,2,3,0,50.0,50.0,0.0,0,1,17,8,1,6
KUP5364,NY,PAS,4938032363,2025-02-23,10:00P,PHTO SCHOOL ZN SPEED VIOLATION,50.0,25.0,0.0,0.0,75.0,0.0,000,Staten Island,DEPARTMENT OF TRANSPORTATION,UNKNOWN,,2025,2,23,6,1,1,75.0,75.0,0.0,0,4,17,8,1,6
GYS1973,NY,PAS,1499032092,2025-05-02,09:11A,PEDESTRIAN RAMP,150.0,0.0,0.0,0.0,165.0,0.0,072,Brooklyn,POLICE DEPARTMENT,UNKNOWN,,2025,5,2,4,2,0,150.0,165.0,0.0,1,1,17,8,5,6
T56MAF,NJ,PAS,4941189401,2025-03-23,04:01A,PHTO SCHOOL ZN SPEED VIOLATION,50.0,0.0,0.0,0.0,50.0,0.0,000,Bronx,DEPARTMENT OF TRANSPORTATION,UNKNOWN,,2025,3,23,6,1,1,50.0,50.0,0.0,0,0,16,8,1,6
LRX7970,NY,PAS,4939216433,2025-03-06,03:20P,PHTO SCHOOL ZN SPEED VIOLATION,50.0,0.0,0.0,0.0,50.0,0.0,000,Queens,DEPARTMENT OF TRANSPORTATION,UNKNOWN,,2025,3,6,3,1,0,50.0,50.0,0.0,0,3,17,8,1,6
LRL5511,NY,PAS,4941189292,2025-03-23,03:58A,PHTO SCHOOL ZN SPEED VIOLATION,50.0,0.0,0.0,0.0,50.0,0.0,000,Brooklyn,DEPARTMENT OF TRANSPORTATION,HEARING ADJOURNMENT,,2025,3,23,6,1,1,50.0,50.0,0.0,0,1,17,8,1,2
LGC8234,NY,PAS,5701194693,2024-11-15,07:55A,NO STANDING-OFF-STREET LOT,50.0,0.0,0.0,0.0,50.0,0.0,000,UNKNOWN,TRANSIT AUTHORITY,UNKNOWN,,2024,11,15,4,4,0,50.0,50.0,0.0,0,5,17,8,7,6
T800885C,NY,OMT,5701194814,2024-11-15,08:08A,NO STANDING-OFF-STREET LOT,50.0,0.0,0.0,0.0,50.0,0.0,000,UNKNOWN,TRANSIT AUTHORITY,UNKNOWN,,2024,11,15,4,4,0,50.0,50.0,0.0,0,5,17,6,7,6
BINLURKN,NY,SRF,4939795329,2025-03-11,05:12P,PHTO SCHOOL ZN SPEED VIOLATION,50.0,0.0,0.0,0.0,50.0,0.0,000,Queens,DEPARTMENT OF TRANSPORTATION,UNKNOWN,,2025,3,11,1,1,0,50.0,50.0,0.0,0,3,17,11,1,6
KMX7181,NY,PAS,4939795410,2025-03-11,05:14P,PHTO SCHOOL ZN SPEED VIOLATION,50.0,0.0,0.0,0.0,50.0,0.0,000,Queens,DEPARTMENT OF TRANSPORTATION,UNKNOWN,,2025,3,11,1,1,0,50.0,50.0,0.0,0,3,17,8,1,6
LHF9438,NY,PAS,9179903101,2025-02-04,12:14P,INSP. STICKER-EXPIRED/MISSING,65.0,0.0,0.0,0.0,65.0,0.0,106,Queens,TRAFFIC,UNKNOWN,,2025,2,4,1,1,0,65.0,65.0,0.0,1,3,17,8,6,6
GWM3856,NY,PAS,4939795524,2025-03-11,05:16P,PHTO SCHOOL ZN SPEED VIOLATION,50.0,0.0,0.0,0.0,50.0,0.0,000,Brooklyn,DEPARTMENT OF TRANSPORTATION,UNKNOWN,,2025,3,11,1,1,0,50.0,50.0,0.0,0,1,17,8,1,6
T87RNG,NJ,PAS,4939216603,2025-03-06,03:21P,PHTO SCHOOL ZN SPEED VIOLATION,50.0,0.0,0.0,0.0,50.0,0.0,000,Brooklyn,DEPARTMENT OF TRANSPORTATION,UNKNOWN,,2025,3,6,3,1,0,50.0,50.0,0.0,0,1,16,8,1,6
GMS3448,NY,PAS,4939795299,2025-03-11,05:12P,PHTO SCHOOL ZN SPEED VIOLATION,50.0,0.0,0.0,0.0,50.0,0.0,000,Queens,DEPARTMENT OF TRANSPORTATION,UNKNOWN,,2025,3,11,1,1,0,50.0,50.0,0.0,0,3,17,8,1,6
BCC7544,NY,PAS,4939795330,2025-03-11,05:13P,PHTO SCHOOL ZN SPEED VIOLATION,50.0,0.0,0.0,0.0,50.0,0.0,000,Queens,DEPARTMENT OF TRANSPORTATION,UNKNOWN,,2025,3,11,1,1,0,50.0,50.0,0.0,0,3,17,8,1,6
LCH4013,NY,PAS,1081223935,2023-10-30,11:50A,NO STANDING-EXC. AUTH. VEHICLE,95.0,10.0,0.0,55.09999999999991,0.0,0.0,862,Manhattan,POLICE DEPARTMENT,ADMIN REDUCTION,,2023,10,30,0,4,0,105.0,-55.09999999999991,0.0,1,2,17,8,5,0
TLB7922,VA,PAS,1345790934,2025-03-14,03:02A,DOUBLE PARKING,115.0,0.0,0.0,0.0,115.0,0.0,072,Brooklyn,POLICE DEPARTMENT,UNKNOWN,,2025,3,14,4,1,0,115.0,115.0,0.0,1,1,24,8,5,6
LXG3084,NY,PAS,4965454273,2025-09-20,02:59A,PHTO SCHOOL ZN SPEED VIOLATION,50.0,0.0,0.0,0.0,50.0,0.0,000,Queens,DEPARTMENT OF TRANSPORTATION,UNKNOWN,,2025,9,20,5,3,1,50.0,50.0,0.0,0,3,17,8,1,6
KYH3516,NY,PAS,5701195168,2024-11-15,08:37A,NO STANDING-OFF-STREET LOT,50.0,0.0,0.0,0.0,50.0,0.0,000,UNKNOWN,TRANSIT AUTHORITY,UNKNOWN,,2024,11,15,4,4,0,50.0,50.0,0.0,0,5,17,8,7,6
LEN8896,NY,PAS,5701194929,2024-11-15,08:18A,NO STANDING-OFF-STREET LOT,50.0,0.0,0.0,0.0,50.0,0.0,000,UNKNOWN,TRANSIT AUTHORITY,UNKNOWN,,2024,11,15,4,4,0,50.0,50.0,0.0,0,5,17,8,7,6
KEL8293,NY,PAS,4966013690,2025-09-24,03:36P,PHTO SCHOOL ZN SPEED VIOLATION,50.0,0.0,0.0,0.0,50.0,0.0,000,Brooklyn,DEPARTMENT OF TRANSPORTATION,UNKNOWN,,2025,9,24,2,3,0,50.0,50.0,0.0,0,1,17,8,1,6
JRD6806,NY,PAS,9196216890,2025-04-15,07:26A,VIN OBSCURED,65.0,0.0,0.0,0.0,65.0,0.0,046,Bronx,TRAFFIC,UNKNOWN,,2025,4,15,1,2,0,65.0,65.0,0.0,1,0,17,8,6,6
KYH9108,NY,PAS,4941189840,2025-03-23,04:11A,PHTO SCHOOL ZN SPEED VIOLATION,50.0,0.0,0.0,0.0,50.0,0.0,000,Queens,DEPARTMENT OF TRANSPORTATION,UNKNOWN,,2025,3,23,6,1,1,50.0,50.0,0.0,0,3,17,8,1,6
LJJ2272,NY,PAS,4941189565,2025-03-23,04:04A,PHTO SCHOOL ZN SPEED VIOLATION,50.0,0.0,0.0,0.0,50.0,0.0,000,Manhattan,DEPARTMENT OF TRANSPORTATION,UNKNOWN,,2025,3,23,6,1,1,50.0,50.0,0.0,0,2,17,8,1,6
HBN5161,NY,PAS,4939795901,2025-03-11,05:23P,PHTO SCHOOL ZN SPEED VIOLATION,50.0,0.0,0.0,0.0,50.0,0.0,000,Bronx,DEPARTMENT OF TRANSPORTATION,UNKNOWN,,2025,3,11,1,1,0,50.0,50.0,0.0,0,0,17,8,1,6
17665BT,NY,PAS,1418400476,2023-09-22,12:16A,PARKED BUS-EXC. DESIG. AREA,45.0,10.0,0.0,55.0,0.0,0.0,047,UNKNOWN,POLICE DEPARTMENT,ADMIN REDUCTION,,2023,9,22,4,3,0,55.0,-55.0,0.0,0,5,17,8,5,0
LAK6004,NY,PAS,1420584595,2023-07-26,04:11P,NO STANDING-BUS STOP,115.0,10.0,0.0,55.09999999999991,0.0,0.0,106,Queens,NYC TRANSIT AUTHORITY MANAGERS,ADMIN REDUCTION,,2023,7,26,2,3,0,125.0,-55.09999999999991,0.0,1,3,17,8,4,0
HCP1465,NY,PAS,1423935020,2017-06-01,05:47P,NO STANDING-COMM METER ZONE,115.0,60.0,18.129699999999982,0.01,201.25599999999994,0.0,017,Manhattan,POLICE DEPARTMENT,UNKNOWN,2017-09-21,2017,6,1,3,2,0,193.12969999999999,201.24599999999995,0.0,1,2,17,8,5,6
KVZ7430,NY,PAS,4965454560,2025-09-19,09:40A,PHTO SCHOOL ZN SPEED VIOLATION,50.0,0.0,0.0,0.0,50.0,0.0,000,Brooklyn,DEPARTMENT OF TRANSPORTATION,UNKNOWN,,2025,9,19,4,3,0,50.0,50.0,0.0,0,1,17,8,1,6
HLE9232,NY,PAS,4966013800,2025-09-24,03:39P,PHTO SCHOOL ZN SPEED VIOLATION,50.0,0.0,0.0,0.0,50.0,0.0,000,Manhattan,DEPARTMENT OF TRANSPORTATION,UNKNOWN,,2025,9,24,2,3,0,50.0,50.0,0.0,0,2,17,8,1,6
3AEP95,MA,PAS,9194111571,2025-03-28,07:51A,NO STANDING-EXC. AUTH. VEHICLE,95.0,0.0,0.0,0.0,95.0,0.0,028,Manhattan,TRAFFIC,UNKNOWN,,2025,3,28,4,1,0,95.0,95.0,0.0,1,2,10,8,6,6
74BRZL,FL,PAS,5701195557,2024-11-15,09:01A,NO STANDING-OFF-STREET LOT,50.0,0.0,0.0,0.0,50.0,0.0,000,UNKNOWN,TRANSIT AUTHORITY,UNKNOWN,,2024,11,15,4,4,0,50.0,50.0,0.0,0,5,6,8,7,6
GEF560,FL,PAS,5701195296,2024-11-15,08:43A,NO STANDING-OFF-STREET LOT,50.0,0.0,0.0,0.0,50.0,0.0,000,Brooklyn,TRANSIT AUTHORITY,UNKNOWN,,2024,11,15,4,4,0,50.0,50.0,0.0,0,1,6,8,7,6
KYL6333,NY,PAS,5701195600,2024-11-15,09:03A,NO STANDING-OFF-STREET LOT,50.0,0.0,0.0,0.0,50.0,0.0,000,UNKNOWN,TRANSIT AUTHORITY,UNKNOWN,,2024,11,15,4,4,0,50.0,50.0,0.0,0,5,17,8,7,6
KZA8502,NY,PAS,5701195958,2024-11-15,09:16A,NO STANDING-OFF-STREET LOT,50.0,0.0,0.0,0.0,50.0,0.0,000,Manhattan,TRANSIT AUTHORITY,UNKNOWN,,2024,11,15,4,4,0,50.0,50.0,0.0,0,2,17,8,7,6
15085JW,NY,COM,4939217243,2025-03-06,03:27P,PHTO SCHOOL ZN SPEED VIOLATION,50.0,0.0,0.0,0.0,50.0,0.0,000,Staten Island,DEPARTMENT OF TRANSPORTATION,UNKNOWN,,2025,3,6,3,1,0,50.0,50.0,0.0,0,4,17,1,1,6
822AXH,ME,PAS,4939796334,2025-03-11,05:33P,PHTO SCHOOL ZN SPEED VIOLATION,50.0,0.0,0.0,0.0,50.0,0.0,000,Brooklyn,DEPARTMENT OF TRANSPORTATION,UNKNOWN,,2025,3,11,1,1,0,50.0,50.0,0.0,0,1,12,8,1,6
EUE4858,NY,PAS,4939796395,2025-03-11,05:34P,PHTO SCHOOL ZN SPEED VIOLATION,50.0,0.0,0.0,0.0,50.0,0.0,000,Brooklyn,DEPARTMENT OF TRANSPORTATION,UNKNOWN,,2025,3,11,1,1,0,50.0,50.0,0.0,0,1,17,8,1,6
92BF40,NY,999,1425800695,2023-10-26,09:42P,NO STANDING-EXC. AUTH. VEHICLE,95.0,10.0,0.0,55.09999999999991,0.0,0.0,090,Queens,POLICE DEPARTMENT,ADMIN REDUCTION,,2023,10,26,3,4,0,105.0,-55.09999999999991,0.0,1,3,17,0,5,0
KPW1483,NY,PAS,9049262788,2023-05-15,02:14P,NO STANDING-DAY/TIME LIMITS,115.0,60.0,14.48,0.0,189.48,0.0,120,Staten Island,TRAFFIC,UNKNOWN,2023-08-31,2023,5,15,0,2,0,189.48,189.48,0.0,1,4,17,8,6,6
LED7587,NY,PAS,1425800762,2023-11-03,09:35P,NO STANDING-EXC. AUTH. VEHICLE,95.0,10.0,0.0,55.09999999999991,0.0,0.0,090,Brooklyn,POLICE DEPARTMENT,ADMIN REDUCTION,,2023,11,3,4,4,0,105.0,-55.09999999999991,0.0,1,1,17,8,5,0
H0NEEYB,NC,PAS,5133965461,2024-04-17,02:44P,FAILURE TO STOP AT RED LIGHT,50.0,25.0,4.16,0.0,79.16,0.0,000,Queens,DEPARTMENT OF TRANSPORTATION,UNKNOWN,2024-07-11,2024,4,17,2,2,0,79.16,79.16,0.0,0,3,14,8,1,6
KST5198,NY,PAS,4939217231,2025-03-06,03:27P,PHTO SCHOOL ZN SPEED VIOLATION,50.0,0.0,0.0,0.0,50.0,0.0,000,Staten Island,DEPARTMENT OF TRANSPORTATION,UNKNOWN,,2025,3,6,3,1,0,50.0,50.0,0.0,0,4,17,8,1,6
KDY6589,NY,PAS,4939217401,2025-03-06,03:29P,PHTO SCHOOL ZN SPEED VIOLATION,50.0,0.0,0.0,0.0,50.0,0.0,000,Staten Island,DEPARTMENT OF TRANSPORTATION,UNKNOWN,,2025,3,6,3,1,0,50.0,50.0,0.0,0,4,17,8,1,6
